movement_id,product_id,location,movement_type,quantity,timestamp,reference
1,1116,tartu,OUT,-33,2025-01-25,ORD-34715
2,1165,ladu,OUT,-33,2024-03-15,ORD-96798
3,1295,tallinn,IN,117,2024-07-31,PO-76586
4,1029,tallinn,IN,38,2024-05-19,PO-96017
5,1039,pärnu,IN,84,2025-02-08,PO-75950
6,1038,pärnu,ADJUSTMENT,23,2024-05-09,ADJ-7439
7,1169,pärnu,IN,108,2024-05-12,PO-44433
8,1247,tallinn,IN,73,2024-05-04,PO-62513
9,1079,tartu,OUT,-42,2024-07-05,ORD-94505
10,1072,pärnu,OUT,-47,2024-12-31,ORD-46850
11,1191,tartu,IN,57,2024-12-07,PO-34415
12,1224,tartu,IN,42,2024-07-20,PO-30358
13,1066,ladu,OUT,-28,2024-01-13,ORD-97336
14,1069,pärnu,OUT,-50,2024-12-04,ORD-67982
15,1264,ladu,OUT,-34,2025-01-04,ORD-71930
16,1274,tartu,IN,50,2024-12-28,PO-34735
17,1175,ladu,ADJUSTMENT,-6,2024-08-01,ADJ-1125
18,1059,pärnu,TRANSFER,66,2024-04-06,TRANSFER-4639
19,1137,pärnu,OUT,-24,2024-02-23,ORD-45767
20,1111,tartu,OUT,-6,2024-02-19,ORD-78930
21,1179,tartu,OUT,-4,2024-01-09,ORD-91380
22,1229,ladu,OUT,-2,2024-01-25,ORD-75490
23,1096,ladu,OUT,-20,2024-08-16,ORD-35572
24,1163,tallinn,IN,54,2024-01-01,PO-18471
25,1160,tallinn,IN,25,2024-03-02,PO-67911
26,1337,pärnu,IN,156,2024-04-15,PO-80107
27,1205,tallinn,ADJUSTMENT,14,2025-01-26,ADJ-2007
28,1013,tartu,OUT,-5,2024-02-03,ORD-66306
29,1018,ladu,OUT,-20,2024-05-31,ORD-13573
30,1222,ladu,IN,182,2024-12-29,PO-73615
31,1027,tallinn,OUT,-13,2024-11-24,ORD-64842
32,1347,ladu,TRANSFER,-60,2024-02-26,TRANSFER-5207
33,1303,tallinn,OUT,-5,2024-10-01,ORD-66691
34,1215,tartu,IN,195,2024-05-24,PO-47655
35,1078,ladu,ADJUSTMENT,15,2024-08-19,ADJ-1899
36,1136,tartu,OUT,-31,2024-03-03,ORD-94951
37,1221,tallinn,OUT,-31,2024-08-21,ORD-67644
38,1123,pärnu,OUT,-38,2024-10-29,ORD-24838
39,1067,tallinn,OUT,-26,2025-02-27,ORD-73504
40,1173,ladu,OUT,-29,2024-04-23,ORD-32227
41,1186,tallinn,ADJUSTMENT,-21,2025-02-10,ADJ-6568
42,1271,tartu,IN,35,2025-02-24,PO-12759
43,1064,ladu,OUT,-7,2024-12-18,ORD-64305
44,1027,tartu,TRANSFER,-29,2024-02-28,TRANSFER-4922
45,1032,tallinn,ADJUSTMENT,19,2024-08-03,ADJ-6321
46,1258,ladu,OUT,-9,2024-09-07,ORD-84137
47,1150,pärnu,IN,64,2024-01-11,PO-41278
48,1179,tallinn,OUT,-31,2024-04-17,ORD-75859
49,1258,ladu,OUT,-36,2024-06-12,ORD-65103
50,1115,tallinn,IN,89,2024-12-09,PO-37540
51,1098,tartu,TRANSFER,81,2024-03-21,TRANSFER-6265
52,1317,ladu,ADJUSTMENT,-3,2025-02-12,ADJ-2247
53,1336,pärnu,TRANSFER,63,2024-11-13,TRANSFER-6058
54,1322,tallinn,OUT,-50,2024-07-09,ORD-12231
55,1116,pärnu,ADJUSTMENT,-17,2024-05-10,ADJ-7081
56,1018,tartu,OUT,-30,2024-01-11,ORD-93476
57,1060,pärnu,IN,102,2024-09-10,PO-31388
58,1308,tallinn,OUT,-48,2025-02-08,ORD-12411
59,1207,tartu,IN,15,2024-09-03,PO-43461
60,1143,tartu,IN,113,2024-07-04,PO-46230
61,1019,tallinn,ADJUSTMENT,18,2024-08-14,ADJ-6587
62,1289,pärnu,IN,100,2024-11-28,PO-26560
63,1149,pärnu,OUT,-35,2024-12-19,ORD-13033
64,1165,pärnu,IN,115,2024-09-09,PO-25917
65,1350,tartu,IN,79,2024-10-12,PO-49616
66,1302,tallinn,OUT,-8,2024-05-21,ORD-62050
67,1290,tallinn,ADJUSTMENT,-4,2024-11-30,ADJ-7244
68,1228,tallinn,OUT,-9,2024-04-08,ORD-66586
69,1258,tallinn,OUT,-1,2024-01-14,ORD-89322
70,1075,pärnu,TRANSFER,-47,2024-05-11,TRANSFER-6843
71,1026,pärnu,OUT,-45,2024-06-12,ORD-98441
72,1178,tallinn,IN,47,2024-05-28,PO-79041
73,1343,tartu,OUT,-9,2024-09-21,ORD-16128
74,1349,ladu,IN,26,2024-07-23,PO-48381
75,1069,tartu,OUT,-16,2024-03-14,ORD-73450
76,1340,tartu,IN,95,2024-07-11,PO-87957
77,1012,tartu,TRANSFER,71,2024-03-02,TRANSFER-3706
78,1296,pärnu,OUT,-15,2024-12-19,ORD-52010
79,1253,ladu,ADJUSTMENT,-27,2024-01-07,ADJ-2377
80,1233,tallinn,ADJUSTMENT,-30,2024-01-31,ADJ-7884
81,1093,ladu,OUT,-20,2024-08-18,ORD-47712
82,1219,tallinn,IN,129,2024-01-03,PO-86377
83,1126,tallinn,OUT,-4,2025-02-11,ORD-28996
84,1350,tartu,OUT,-34,2024-04-26,ORD-44052
85,1335,tallinn,OUT,-14,2025-02-25,ORD-13273
86,1070,tartu,IN,77,2024-04-30,PO-51859
87,1064,pärnu,IN,100,2024-05-29,PO-12646
88,1202,pärnu,OUT,-39,2024-08-31,ORD-99619
89,1014,pärnu,TRANSFER,56,2024-12-19,TRANSFER-3219
90,1020,tartu,OUT,-19,2024-02-22,ORD-15101
91,1014,ladu,ADJUSTMENT,29,2024-02-28,ADJ-5295
92,1223,ladu,ADJUSTMENT,28,2024-05-07,ADJ-4226
93,1148,pärnu,ADJUSTMENT,30,2024-01-21,ADJ-3197
94,1240,ladu,ADJUSTMENT,-13,2024-06-30,ADJ-4744
95,1322,pärnu,IN,47,2024-03-06,PO-54025
96,1324,ladu,IN,199,2025-01-12,PO-21281
97,1184,ladu,IN,183,2024-09-26,PO-89700
98,1309,ladu,TRANSFER,86,2024-05-20,TRANSFER-8197
99,1079,tartu,ADJUSTMENT,10,2024-07-04,ADJ-3629
100,1135,tallinn,IN,172,2024-01-16,PO-39216
101,1278,pärnu,OUT,-35,2024-12-16,ORD-67011
102,1139,tartu,ADJUSTMENT,-5,2024-09-07,ADJ-6021
103,1174,tartu,OUT,-43,2024-09-19,ORD-59523
104,1205,pärnu,OUT,-32,2025-01-11,ORD-91869
105,1198,tallinn,OUT,-39,2024-03-30,ORD-81870
106,1109,pärnu,OUT,-44,2024-11-01,ORD-14462
107,1109,tartu,IN,75,2024-10-15,PO-53298
108,1320,tallinn,IN,139,2024-07-08,PO-74548
109,1315,pärnu,OUT,-36,2024-11-24,ORD-72888
110,1058,pärnu,OUT,-3,2024-01-19,ORD-25109
111,1305,ladu,IN,22,2024-08-29,PO-22312
112,1305,pärnu,IN,71,2024-11-22,PO-57387
113,1335,pärnu,TRANSFER,89,2024-08-30,TRANSFER-9572
114,1058,pärnu,ADJUSTMENT,11,2024-06-10,ADJ-6831
115,1070,ladu,IN,107,2024-03-20,PO-66749
116,1239,ladu,OUT,-45,2024-09-28,ORD-13174
117,1134,pärnu,ADJUSTMENT,8,2024-11-08,ADJ-7354
118,1238,ladu,IN,48,2024-08-07,PO-95126
119,1220,pärnu,ADJUSTMENT,30,2025-01-24,ADJ-3069
120,1060,ladu,OUT,-4,2024-01-23,ORD-29812
121,1245,ladu,IN,89,2024-11-07,PO-58067
122,1137,tartu,OUT,-37,2024-03-26,ORD-74798
123,1099,ladu,OUT,-12,2024-12-07,ORD-89309
124,1335,tartu,OUT,-1,2024-01-22,ORD-79258
125,1215,pärnu,ADJUSTMENT,-5,2024-06-27,ADJ-1795
126,1088,ladu,IN,5,2025-01-24,PO-73778
127,1113,pärnu,IN,166,2024-12-30,PO-50084
128,1248,pärnu,TRANSFER,-39,2025-02-06,TRANSFER-5933
129,1334,tartu,OUT,-24,2025-02-06,ORD-49237
130,1279,tartu,TRANSFER,-12,2024-02-03,TRANSFER-8362
131,1280,pärnu,IN,191,2025-02-01,PO-76876
132,1194,tallinn,OUT,-34,2024-11-01,ORD-55313
133,1152,tartu,OUT,-29,2024-04-16,ORD-79703
134,1272,tallinn,OUT,-1,2025-01-27,ORD-67291
135,1256,pärnu,IN,106,2024-03-16,PO-30929
136,1188,pärnu,OUT,-29,2024-05-31,ORD-18855
137,1126,tartu,OUT,-44,2024-07-31,ORD-64357
138,1059,tallinn,IN,88,2024-04-04,PO-30288
139,1270,pärnu,IN,193,2024-01-22,PO-56551
140,1150,tallinn,IN,98,2025-01-29,PO-92976
141,1022,pärnu,OUT,-22,2024-09-02,ORD-95642
142,1243,pärnu,OUT,-25,2024-02-09,ORD-13324
143,1255,ladu,OUT,-8,2024-07-22,ORD-35661
144,1226,pärnu,OUT,-13,2024-09-08,ORD-60514
145,1322,tartu,TRANSFER,78,2024-11-28,TRANSFER-9037
146,1049,ladu,OUT,-43,2024-03-19,ORD-44137
147,1154,pärnu,IN,130,2024-10-06,PO-77743
148,1023,pärnu,OUT,-7,2024-08-31,ORD-80255
149,1228,tartu,ADJUSTMENT,4,2024-01-26,ADJ-6422
150,1089,tallinn,OUT,-6,2025-02-11,ORD-15745
151,1201,tartu,OUT,-2,2024-04-04,ORD-41885
152,1136,ladu,IN,108,2024-11-23,PO-24526
153,1312,pärnu,IN,132,2024-05-31,PO-46678
154,1104,ladu,OUT,-24,2024-07-07,ORD-23312
155,1040,pärnu,TRANSFER,42,2024-12-21,TRANSFER-3525
156,1074,pärnu,IN,96,2024-01-13,PO-96576
157,1297,pärnu,IN,117,2024-01-19,PO-60823
158,1167,ladu,IN,89,2024-04-22,PO-97658
159,1283,ladu,IN,154,2024-10-14,PO-70003
160,1229,pärnu,ADJUSTMENT,-16,2024-08-14,ADJ-3485
161,1167,pärnu,OUT,-48,2025-02-08,ORD-38427
162,1291,pärnu,ADJUSTMENT,8,2024-08-13,ADJ-1521
163,1306,pärnu,IN,63,2024-07-12,PO-47958
164,1207,pärnu,OUT,-17,2024-03-30,ORD-14154
165,1053,tallinn,OUT,-30,2024-07-15,ORD-73636
166,1307,tallinn,OUT,-3,2025-01-21,ORD-82799
167,1055,ladu,IN,65,2024-12-25,PO-62509
168,1100,pärnu,OUT,-43,2025-01-16,ORD-63457
169,1143,ladu,IN,150,2024-12-19,PO-42707
170,1349,ladu,ADJUSTMENT,-21,2024-02-08,ADJ-1641
171,1065,tallinn,OUT,-24,2024-08-16,ORD-26576
172,1345,tartu,IN,183,2024-12-20,PO-52725
173,1319,pärnu,OUT,-15,2024-02-23,ORD-74401
174,1303,tartu,IN,27,2024-11-07,PO-29542
175,1128,tallinn,OUT,-19,2024-09-05,ORD-66924
176,1073,ladu,IN,172,2024-08-22,PO-95552
177,1070,pärnu,OUT,-32,2025-01-04,ORD-36157
178,1096,pärnu,IN,199,2024-05-21,PO-42931
179,1212,tartu,IN,120,2024-03-23,PO-86597
180,1294,pärnu,IN,17,2024-02-02,PO-98503
181,1032,tallinn,OUT,-27,2024-10-15,ORD-46580
182,1197,pärnu,IN,16,2025-01-10,PO-81735
183,1074,tartu,IN,184,2024-02-24,PO-36959
184,1125,tallinn,OUT,-18,2024-04-09,ORD-32551
185,1097,pärnu,OUT,-9,2024-04-15,ORD-22938
186,1331,tartu,ADJUSTMENT,-29,2025-01-11,ADJ-1934
187,1294,tallinn,IN,102,2024-11-30,PO-63293
188,1125,ladu,OUT,-15,2024-11-24,ORD-91526
189,1207,ladu,OUT,-25,2024-09-17,ORD-83629
190,1304,tallinn,IN,82,2024-04-08,PO-82263
191,1274,pärnu,OUT,-6,2024-11-24,ORD-95665
192,1218,tartu,ADJUSTMENT,-13,2024-09-06,ADJ-1691
193,1244,tallinn,IN,30,2024-04-04,PO-27135
194,1303,ladu,ADJUSTMENT,5,2024-04-23,ADJ-8441
195,1147,tartu,OUT,-42,2024-09-03,ORD-93655
196,1167,pärnu,IN,56,2024-03-26,PO-26633
197,1331,ladu,IN,20,2024-01-11,PO-63512
198,1108,tartu,OUT,-39,2024-11-16,ORD-77093
199,1330,tallinn,OUT,-19,2024-04-26,ORD-42095
200,1020,tartu,OUT,-11,2025-01-29,ORD-71952
201,1230,tartu,OUT,-21,2024-06-01,ORD-43493
202,1175,tartu,TRANSFER,-17,2024-03-21,TRANSFER-6409
203,1342,pärnu,TRANSFER,38,2024-01-30,TRANSFER-9445
204,1304,tartu,TRANSFER,48,2024-03-15,TRANSFER-9958
205,1193,tallinn,TRANSFER,44,2024-07-27,TRANSFER-9341
206,1038,pärnu,IN,92,2024-06-10,PO-21925
207,1240,pärnu,IN,100,2025-02-05,PO-86220
208,1285,pärnu,TRANSFER,19,2024-04-03,TRANSFER-9428
209,1228,tartu,OUT,-26,2024-09-07,ORD-47763
210,1137,pärnu,IN,99,2025-01-09,PO-24990
211,1188,ladu,OUT,-13,2024-03-13,ORD-15018
212,1207,ladu,OUT,-8,2024-11-15,ORD-27205
213,1204,tallinn,IN,113,2024-02-19,PO-43982
214,1044,tallinn,IN,18,2024-05-29,PO-20271
215,1028,tallinn,OUT,-42,2024-09-06,ORD-97098
216,1237,tartu,IN,140,2025-01-26,PO-59386
217,1161,tallinn,OUT,-41,2024-01-18,ORD-62601
218,1229,tartu,OUT,-50,2025-02-23,ORD-90229
219,1180,tartu,IN,60,2024-08-14,PO-95586
220,1160,pärnu,TRANSFER,94,2024-02-23,TRANSFER-2395
221,1128,pärnu,IN,156,2024-07-12,PO-12813
222,1274,pärnu,IN,132,2024-07-02,PO-92460
223,1157,ladu,IN,82,2024-01-16,PO-56259
224,1041,tartu,IN,45,2024-09-16,PO-33953
225,1100,tartu,OUT,-16,2025-01-19,ORD-70249
226,1224,tartu,IN,88,2024-12-16,PO-90024
227,1228,tallinn,IN,130,2024-08-04,PO-78745
228,1251,tartu,TRANSFER,50,2025-01-15,TRANSFER-4179
229,1198,tallinn,IN,162,2024-02-07,PO-46667
230,1143,ladu,OUT,-31,2024-05-24,ORD-36511
231,1054,tallinn,IN,41,2024-06-12,PO-83250
232,1166,tallinn,OUT,-40,2024-09-04,ORD-49480
233,1204,pärnu,IN,64,2024-07-09,PO-34692
234,1018,pärnu,OUT,-5,2024-03-02,ORD-43848
235,1041,ladu,IN,195,2024-08-04,PO-79642
236,1051,tallinn,OUT,-42,2024-10-02,ORD-82359
237,1067,ladu,OUT,-21,2024-12-28,ORD-62660
238,1314,pärnu,TRANSFER,81,2024-06-11,TRANSFER-7815
239,1064,pärnu,OUT,-28,2024-10-05,ORD-13731
240,1272,tartu,OUT,-1,2024-11-09,ORD-99833
241,1293,tartu,OUT,-48,2024-02-07,ORD-90319
242,1062,tallinn,OUT,-38,2024-05-06,ORD-66753
243,1017,ladu,OUT,-19,2024-02-20,ORD-30975
244,1157,tartu,OUT,-12,2024-06-29,ORD-96934
245,1076,tartu,IN,91,2024-05-02,PO-61202
246,1293,tartu,IN,125,2024-07-12,PO-97885
247,1151,pärnu,ADJUSTMENT,10,2025-02-20,ADJ-7095
248,1180,ladu,IN,80,2024-03-11,PO-17149
249,1156,pärnu,OUT,-3,2025-01-17,ORD-78090
250,1123,pärnu,TRANSFER,60,2024-12-27,TRANSFER-7613
251,1188,tallinn,OUT,-14,2025-01-27,ORD-16673
252,1127,tartu,IN,49,2024-08-30,PO-84713
253,1163,pärnu,IN,64,2024-10-23,PO-15905
254,1187,ladu,OUT,-4,2024-03-07,ORD-38569
255,1264,pärnu,ADJUSTMENT,27,2025-01-18,ADJ-2606
256,1076,ladu,OUT,-42,2024-11-10,ORD-59504
257,1111,ladu,OUT,-28,2024-01-19,ORD-11886
258,1310,pärnu,ADJUSTMENT,3,2024-05-14,ADJ-8791
259,1019,tallinn,ADJUSTMENT,7,2024-09-06,ADJ-4077
260,1301,tartu,OUT,-16,2025-02-25,ORD-79048
261,1160,ladu,OUT,-36,2025-01-20,ORD-98984
262,1165,pärnu,OUT,-39,2025-01-26,ORD-92282
263,1036,tallinn,OUT,-49,2024-06-25,ORD-42893
264,1117,pärnu,IN,153,2024-10-31,PO-23826
265,1265,pärnu,IN,128,2024-06-05,PO-81628
266,1243,pärnu,IN,38,2024-12-02,PO-11744
267,1051,tallinn,IN,195,2024-06-21,PO-64235
268,1176,tallinn,IN,195,2024-03-17,PO-31961
269,1119,pärnu,ADJUSTMENT,-14,2025-02-17,ADJ-9601
270,1245,tartu,OUT,-5,2024-11-05,ORD-96635
271,1006,tallinn,OUT,-16,2024-01-20,ORD-64210
272,1257,tallinn,IN,30,2024-12-15,PO-77005
273,1279,tallinn,OUT,-16,2024-08-13,ORD-64446
274,1163,tallinn,OUT,-48,2024-03-22,ORD-59247
275,1170,pärnu,ADJUSTMENT,11,2024-10-27,ADJ-3783
276,1210,tallinn,IN,115,2024-11-12,PO-76734
277,1333,pärnu,IN,155,2024-07-05,PO-20929
278,1088,tartu,OUT,-17,2024-12-27,ORD-41403
279,1017,pärnu,IN,30,2024-03-11,PO-43152
280,1337,tallinn,OUT,-33,2024-12-26,ORD-36035
281,1232,pärnu,OUT,-10,2025-02-21,ORD-14045
282,1044,ladu,IN,59,2024-06-08,PO-44304
283,1306,tallinn,IN,144,2025-01-16,PO-93156
284,1243,tallinn,IN,141,2024-02-21,PO-96700
285,1031,tallinn,OUT,-37,2024-10-02,ORD-74930
286,1105,ladu,OUT,-28,2024-06-13,ORD-51447
287,1266,tartu,IN,43,2024-02-25,PO-84314
288,1063,tallinn,IN,16,2024-02-13,PO-93681
289,1253,ladu,IN,111,2024-05-10,PO-90810
290,1345,ladu,OUT,-14,2024-04-24,ORD-32597
291,1177,ladu,IN,56,2024-04-21,PO-48089
292,1008,ladu,TRANSFER,-35,2024-07-16,TRANSFER-5828
293,1337,tartu,IN,150,2024-01-15,PO-80299
294,1128,pärnu,ADJUSTMENT,30,2024-05-18,ADJ-6346
295,1307,tartu,IN,20,2024-06-05,PO-56330
296,1188,pärnu,IN,144,2024-12-23,PO-36041
297,1020,ladu,IN,152,2024-10-07,PO-55267
298,1071,tallinn,IN,169,2024-01-05,PO-50692
299,1014,pärnu,ADJUSTMENT,4,2025-02-12,ADJ-7485
300,1169,tartu,IN,73,2024-01-25,PO-20135
301,1221,tallinn,OUT,-10,2024-01-09,ORD-66919
302,1339,tartu,TRANSFER,-3,2024-08-05,TRANSFER-9111
303,1309,tartu,IN,45,2024-06-17,PO-64867
304,1058,tartu,OUT,-5,2024-06-14,ORD-13379
305,1329,tartu,OUT,-10,2024-03-26,ORD-15899
306,1330,ladu,OUT,-38,2024-03-13,ORD-64316
307,1031,tallinn,OUT,-29,2024-10-08,ORD-74754
308,1279,tallinn,OUT,-13,2024-07-27,ORD-18066
309,1018,pärnu,OUT,-7,2024-04-28,ORD-67059
310,1336,tartu,TRANSFER,21,2025-02-23,TRANSFER-9473
311,1149,pärnu,IN,55,2025-01-15,PO-71053
312,1297,pärnu,IN,200,2024-03-19,PO-83765
313,1347,pärnu,TRANSFER,-55,2024-01-06,TRANSFER-2831
314,1319,tallinn,IN,59,2024-05-20,PO-33699
315,1025,tartu,OUT,-15,2025-02-17,ORD-50799
316,1166,tallinn,IN,134,2024-04-02,PO-81511
317,1116,tallinn,ADJUSTMENT,-15,2024-03-16,ADJ-1758
318,1274,pärnu,IN,103,2024-01-18,PO-48292
319,1214,tartu,OUT,-3,2024-11-19,ORD-69221
320,1012,tartu,IN,50,2024-10-16,PO-10944
321,1327,pärnu,OUT,-27,2024-01-11,ORD-96217
322,1047,tartu,OUT,-19,2024-01-28,ORD-81897
323,1008,ladu,TRANSFER,-38,2024-03-09,TRANSFER-1188
324,1202,pärnu,OUT,-49,2024-12-10,ORD-19201
325,1326,ladu,OUT,-35,2024-12-26,ORD-51548
326,1322,pärnu,IN,174,2024-02-10,PO-15337
327,1179,tartu,OUT,-24,2024-06-28,ORD-85487
328,1124,pärnu,OUT,-26,2024-03-30,ORD-31306
329,1118,tallinn,IN,171,2024-01-02,PO-94524
330,1259,tartu,OUT,-9,2024-03-01,ORD-24628
331,1193,ladu,TRANSFER,67,2024-11-11,TRANSFER-4977
332,1191,tallinn,IN,97,2024-11-14,PO-91026
333,1328,ladu,IN,162,2024-10-03,PO-60126
334,1214,tallinn,OUT,-27,2024-04-16,ORD-91505
335,1005,tallinn,ADJUSTMENT,-20,2024-03-08,ADJ-7305
336,1036,tallinn,IN,133,2024-03-25,PO-79162
337,1014,tartu,OUT,-17,2024-11-06,ORD-51454
338,1109,pärnu,IN,148,2024-09-13,PO-28168
339,1178,tartu,IN,187,2024-10-18,PO-48305
340,1026,ladu,OUT,-46,2024-10-28,ORD-51178
341,1056,tartu,OUT,-40,2024-06-16,ORD-69669
342,1308,pärnu,TRANSFER,91,2025-01-13,TRANSFER-7735
343,1077,ladu,OUT,-37,2024-06-15,ORD-38863
344,1066,tallinn,IN,88,2024-10-01,PO-60396
345,1288,ladu,OUT,-12,2024-11-01,ORD-97169
346,1118,pärnu,OUT,-44,2024-10-03,ORD-99131
347,1207,tallinn,OUT,-19,2024-04-04,ORD-22975
348,1121,tartu,ADJUSTMENT,-16,2024-02-24,ADJ-3658
349,1200,pärnu,TRANSFER,-84,2024-04-17,TRANSFER-6966
350,1074,tallinn,OUT,-35,2024-05-14,ORD-68319
351,1138,pärnu,ADJUSTMENT,18,2024-10-04,ADJ-2027
352,1224,pärnu,OUT,-36,2025-01-14,ORD-11841
353,1048,pärnu,OUT,-5,2024-12-23,ORD-77021
354,1130,pärnu,OUT,-37,2024-08-31,ORD-39918
355,1186,pärnu,OUT,-30,2025-02-28,ORD-90465
356,1011,pärnu,IN,188,2024-10-18,PO-80463
357,1066,tallinn,OUT,-21,2024-11-25,ORD-47618
358,1112,ladu,OUT,-2,2024-06-18,ORD-58598
359,1020,tallinn,IN,6,2024-11-09,PO-63919
360,1089,tartu,IN,104,2024-07-16,PO-17844
361,1062,tartu,ADJUSTMENT,30,2024-04-13,ADJ-6869
362,1114,ladu,OUT,-42,2024-02-20,ORD-15130
363,1030,tartu,OUT,-16,2024-12-23,ORD-29439
364,1333,tallinn,OUT,-17,2024-10-15,ORD-66762
365,1238,tartu,TRANSFER,67,2024-11-02,TRANSFER-3085
366,1189,ladu,IN,173,2024-04-10,PO-55195
367,1088,tallinn,IN,164,2024-12-03,PO-63195
368,1113,ladu,OUT,-7,2024-09-30,ORD-41352
369,1087,tartu,OUT,-8,2024-12-23,ORD-80111
370,1256,tallinn,IN,93,2024-10-14,PO-98535
371,1201,pärnu,IN,174,2024-05-17,PO-67360
372,1321,tartu,IN,164,2025-02-06,PO-87480
373,1181,ladu,OUT,-35,2024-06-26,ORD-54463
374,1313,tallinn,IN,98,2024-08-11,PO-35804
375,1123,tallinn,OUT,-18,2024-07-06,ORD-12407
376,1319,ladu,IN,27,2024-07-27,PO-43111
377,1071,ladu,IN,111,2024-10-25,PO-67242
378,1311,ladu,OUT,-34,2024-02-23,ORD-45408
379,1091,pärnu,IN,159,2024-03-13,PO-62215
380,1324,pärnu,OUT,-18,2024-09-28,ORD-89905
381,1296,tartu,OUT,-4,2024-01-25,ORD-85047
382,1337,pärnu,IN,180,2024-03-09,PO-39860
383,1347,ladu,IN,41,2024-12-21,PO-54002
384,1042,tartu,OUT,-40,2024-04-01,ORD-61070
385,1031,pärnu,OUT,-27,2024-11-04,ORD-60063
386,1342,tartu,TRANSFER,70,2024-06-28,TRANSFER-7585
387,1006,tallinn,IN,178,2024-06-23,PO-65997
388,1092,tallinn,IN,85,2024-11-20,PO-34723
389,1164,tartu,IN,94,2024-04-07,PO-76956
390,1077,pärnu,OUT,-15,2024-07-26,ORD-35644
391,1178,tartu,TRANSFER,-5,2024-10-10,TRANSFER-9871
392,1183,tallinn,OUT,-25,2024-01-11,ORD-74472
393,1186,pärnu,IN,105,2024-09-23,PO-23033
394,1172,pärnu,ADJUSTMENT,19,2024-09-03,ADJ-6709
395,1195,tartu,TRANSFER,-98,2024-11-20,TRANSFER-2138
396,1198,tallinn,OUT,-39,2025-02-08,ORD-93668
397,1246,ladu,IN,128,2024-09-12,PO-20230
398,1027,tartu,IN,51,2025-01-10,PO-58211
399,1037,tartu,IN,34,2025-01-01,PO-41068
400,1265,pärnu,IN,199,2024-06-06,PO-21109
401,1322,tartu,OUT,-42,2024-08-03,ORD-56503
402,1135,ladu,OUT,-3,2024-02-22,ORD-14267
403,1124,pärnu,OUT,-45,2024-08-18,ORD-71997
404,1210,tallinn,OUT,-47,2024-03-14,ORD-70007
405,1202,ladu,IN,68,2024-06-28,PO-21540
406,1143,pärnu,OUT,-24,2025-01-30,ORD-57946
407,1024,pärnu,ADJUSTMENT,24,2025-01-10,ADJ-4286
408,1202,tallinn,TRANSFER,52,2024-10-24,TRANSFER-3525
409,1154,tallinn,ADJUSTMENT,-13,2024-09-07,ADJ-9402
410,1213,tallinn,IN,51,2024-07-18,PO-11853
411,1212,tallinn,OUT,-1,2024-01-22,ORD-67560
412,1121,ladu,IN,36,2024-11-17,PO-19683
413,1162,pärnu,IN,160,2025-02-20,PO-15897
414,1054,pärnu,TRANSFER,50,2025-02-24,TRANSFER-3680
415,1060,tallinn,OUT,-9,2024-02-25,ORD-19033
416,1122,pärnu,OUT,-13,2025-01-11,ORD-97677
417,1050,ladu,OUT,-27,2024-04-22,ORD-95088
418,1211,tallinn,OUT,-26,2025-02-20,ORD-52010
419,1092,pärnu,OUT,-32,2024-01-27,ORD-29943
420,1094,tartu,TRANSFER,-72,2024-12-26,TRANSFER-6330
421,1333,ladu,ADJUSTMENT,-25,2024-06-04,ADJ-4082
422,1035,tallinn,TRANSFER,87,2024-11-11,TRANSFER-8131
423,1025,tartu,IN,168,2024-06-14,PO-81922
424,1074,ladu,OUT,-16,2024-10-12,ORD-93004
425,1348,ladu,IN,140,2024-04-30,PO-22104
426,1087,tartu,IN,148,2024-01-27,PO-66132
427,1128,ladu,OUT,-7,2024-09-15,ORD-68332
428,1187,tallinn,IN,152,2024-04-22,PO-84763
429,1264,ladu,IN,149,2024-04-26,PO-62753
430,1223,ladu,OUT,-50,2024-05-25,ORD-67347
431,1132,tartu,OUT,-45,2024-01-30,ORD-55853
432,1170,ladu,OUT,-18,2024-05-18,ORD-93679
433,1150,tallinn,IN,18,2024-08-12,PO-46588
434,1192,ladu,TRANSFER,24,2024-09-16,TRANSFER-5725
435,1180,pärnu,OUT,-14,2024-02-16,ORD-43012
436,1094,ladu,IN,126,2024-08-08,PO-86641
437,1320,tallinn,OUT,-28,2025-01-12,ORD-64416
438,1208,tartu,IN,120,2025-02-16,PO-31652
439,1047,tallinn,OUT,-22,2024-01-15,ORD-59388
440,1270,ladu,IN,191,2024-11-26,PO-53922
441,1085,ladu,OUT,-8,2024-09-23,ORD-28140
442,1246,tallinn,OUT,-6,2024-01-11,ORD-92931
443,1136,pärnu,OUT,-36,2024-03-26,ORD-37526
444,1172,pärnu,TRANSFER,61,2024-05-31,TRANSFER-2854
445,1312,tartu,IN,200,2024-10-14,PO-22270
446,1211,tartu,IN,7,2025-02-28,PO-41676
447,1152,tartu,OUT,-25,2024-10-12,ORD-36029
448,1195,tallinn,IN,20,2024-04-09,PO-15421
449,1247,ladu,OUT,-41,2024-03-10,ORD-90632
450,1151,tartu,TRANSFER,75,2024-04-02,TRANSFER-6713
451,1118,ladu,ADJUSTMENT,-18,2024-10-11,ADJ-1978
452,1162,pärnu,OUT,-6,2024-07-27,ORD-92219
453,1203,tartu,IN,174,2024-03-16,PO-42544
454,1209,ladu,OUT,-17,2024-11-11,ORD-46039
455,1169,ladu,IN,107,2024-04-03,PO-63762
456,1304,tallinn,IN,34,2025-02-18,PO-71601
457,1026,tallinn,OUT,-47,2024-06-17,ORD-30741
458,1261,tartu,ADJUSTMENT,-26,2025-02-16,ADJ-2344
459,1282,pärnu,TRANSFER,-55,2024-05-21,TRANSFER-2371
460,1146,tallinn,TRANSFER,-37,2024-04-21,TRANSFER-5864
461,1308,tallinn,IN,54,2024-03-25,PO-53630
462,1168,ladu,ADJUSTMENT,11,2024-08-25,ADJ-7468
463,1250,ladu,TRANSFER,-73,2024-04-14,TRANSFER-7923
464,1103,pärnu,IN,136,2024-06-17,PO-61824
465,1248,ladu,IN,85,2024-04-02,PO-25227
466,1008,ladu,IN,63,2024-04-05,PO-21126
467,1226,pärnu,TRANSFER,18,2024-09-29,TRANSFER-7410
468,1288,tallinn,OUT,-9,2024-03-30,ORD-15027
469,1307,ladu,IN,23,2025-01-20,PO-73453
470,1162,tartu,OUT,-12,2024-11-13,ORD-13589
471,1200,ladu,IN,198,2024-06-15,PO-70238
472,1186,tartu,OUT,-43,2024-11-24,ORD-49889
473,1309,ladu,ADJUSTMENT,5,2024-08-14,ADJ-5388
474,1233,tallinn,OUT,-14,2025-01-05,ORD-79641
475,1136,tartu,OUT,-15,2024-08-31,ORD-66447
476,1049,ladu,OUT,-17,2024-09-27,ORD-62980
477,1137,tartu,IN,113,2024-06-17,PO-52902
478,1255,tallinn,TRANSFER,73,2025-02-10,TRANSFER-2333
479,1082,ladu,TRANSFER,-1,2024-10-30,TRANSFER-8497
480,1246,pärnu,IN,143,2024-07-08,PO-37297
481,1349,pärnu,OUT,-12,2025-01-03,ORD-83746
482,1312,ladu,OUT,-48,2024-01-12,ORD-59509
483,1129,tartu,IN,147,2024-06-25,PO-65169
484,1161,ladu,ADJUSTMENT,15,2024-07-10,ADJ-1905
485,1182,ladu,IN,94,2024-01-16,PO-93612
486,1202,tartu,OUT,-33,2024-09-01,ORD-92791
487,1221,ladu,OUT,-29,2025-02-17,ORD-22273
488,1091,tartu,OUT,-27,2024-06-15,ORD-20126
489,1045,pärnu,OUT,-16,2024-12-10,ORD-13397
490,1212,tartu,OUT,-9,2024-03-09,ORD-66462
491,1114,pärnu,IN,161,2024-09-29,PO-36367
492,1256,tallinn,OUT,-49,2024-11-07,ORD-96297
493,1091,tartu,IN,34,2024-01-18,PO-93802
494,1283,ladu,OUT,-18,2024-09-03,ORD-52160
495,1250,ladu,OUT,-13,2024-12-15,ORD-80625
496,1204,pärnu,OUT,-39,2024-09-13,ORD-96345
497,1110,ladu,IN,187,2024-01-29,PO-18864
498,1314,pärnu,OUT,-5,2024-11-30,ORD-28071
499,1291,tartu,OUT,-32,2024-04-22,ORD-40710
500,1302,tartu,OUT,-47,2024-04-29,ORD-11734
501,1086,tallinn,OUT,-13,2024-06-24,ORD-47056
502,1184,ladu,IN,30,2024-04-17,PO-66978
503,1161,tallinn,IN,57,2024-07-17,PO-24274
504,1036,tallinn,TRANSFER,-11,2024-06-29,TRANSFER-6678
505,1237,tallinn,OUT,-38,2024-07-11,ORD-43372
506,1105,tallinn,TRANSFER,74,2024-04-06,TRANSFER-5285
507,1249,tartu,OUT,-11,2024-07-03,ORD-97272
508,1068,pärnu,OUT,-45,2024-07-21,ORD-57600
509,1247,tallinn,OUT,-10,2024-04-22,ORD-12484
510,1162,tartu,ADJUSTMENT,-16,2024-06-15,ADJ-2208
511,1149,tallinn,IN,108,2024-11-11,PO-76858
512,1082,ladu,TRANSFER,25,2025-01-03,TRANSFER-2252
513,1283,tartu,OUT,-42,2024-12-25,ORD-13287
514,1284,pärnu,OUT,-24,2024-06-22,ORD-72820
515,1289,tallinn,OUT,-44,2024-11-28,ORD-22477
516,1132,tallinn,TRANSFER,-16,2024-02-20,TRANSFER-4605
517,1062,tallinn,TRANSFER,58,2024-12-16,TRANSFER-7462
518,1092,pärnu,IN,171,2024-03-27,PO-13968
519,1128,tartu,TRANSFER,-25,2024-02-16,TRANSFER-7586
520,1217,pärnu,IN,85,2024-12-25,PO-80936
521,1079,tallinn,IN,176,2025-02-10,PO-52156
522,1044,tallinn,TRANSFER,-39,2024-12-21,TRANSFER-3020
523,1323,tartu,IN,25,2024-07-12,PO-56874
524,1198,pärnu,IN,153,2025-02-04,PO-16377
525,1172,tartu,OUT,-29,2024-01-21,ORD-29352
526,1117,ladu,OUT,-3,2024-04-10,ORD-87858
527,1237,pärnu,OUT,-11,2024-08-16,ORD-51976
528,1035,pärnu,ADJUSTMENT,28,2025-01-08,ADJ-9033
529,1055,tartu,ADJUSTMENT,-1,2024-10-10,ADJ-5133
530,1097,pärnu,IN,179,2024-06-12,PO-73453
531,1257,ladu,OUT,-37,2024-06-22,ORD-86661
532,1270,tallinn,OUT,-43,2025-01-03,ORD-42537
533,1049,tartu,IN,70,2024-09-07,PO-33550
534,1096,ladu,OUT,-45,2024-04-09,ORD-44257
535,1171,tartu,OUT,-10,2024-05-01,ORD-33868
536,1244,tartu,TRANSFER,-39,2024-03-18,TRANSFER-4661
537,1337,tallinn,IN,40,2024-01-06,PO-67577
538,1236,pärnu,IN,94,2024-02-14,PO-90732
539,1143,ladu,OUT,-42,2024-09-18,ORD-75202
540,1062,ladu,OUT,-7,2025-02-07,ORD-96865
541,1042,tallinn,IN,11,2024-01-07,PO-66550
542,1329,tartu,OUT,-1,2024-08-23,ORD-39176
543,1267,ladu,IN,139,2024-12-03,PO-49661
544,1023,ladu,IN,133,2024-09-24,PO-10359
545,1256,tartu,TRANSFER,33,2024-01-15,TRANSFER-2745
546,1076,ladu,OUT,-40,2024-02-20,ORD-48948
547,1318,ladu,TRANSFER,63,2024-09-01,TRANSFER-1967
548,1002,ladu,IN,130,2025-02-27,PO-77942
549,1087,tartu,TRANSFER,-78,2024-11-29,TRANSFER-4269
550,1324,tartu,IN,153,2024-09-26,PO-69001
551,1151,ladu,ADJUSTMENT,-20,2024-12-10,ADJ-3016
552,1133,ladu,OUT,-42,2024-07-31,ORD-73002
553,1249,ladu,OUT,-29,2024-03-29,ORD-88127
554,1077,tallinn,IN,140,2024-06-05,PO-63935
555,1079,pärnu,OUT,-24,2025-01-22,ORD-65583
556,1322,pärnu,OUT,-22,2024-03-12,ORD-92746
557,1277,ladu,OUT,-27,2024-07-22,ORD-77340
558,1106,tallinn,OUT,-17,2024-05-04,ORD-11580
559,1182,tartu,ADJUSTMENT,10,2025-01-20,ADJ-3478
560,1310,tallinn,IN,41,2024-12-28,PO-26119
561,1021,tartu,IN,37,2024-10-03,PO-81492
562,1006,ladu,TRANSFER,-11,2024-01-13,TRANSFER-6602
563,1310,tallinn,OUT,-27,2024-08-05,ORD-66247
564,1249,ladu,IN,15,2025-01-20,PO-40730
565,1164,tallinn,ADJUSTMENT,-25,2024-06-05,ADJ-4012
566,1122,ladu,TRANSFER,-16,2024-09-03,TRANSFER-3811
567,1309,tallinn,ADJUSTMENT,22,2024-07-09,ADJ-3918
568,1311,tallinn,OUT,-40,2024-03-10,ORD-28180
569,1154,ladu,OUT,-9,2024-06-15,ORD-22883
570,1274,ladu,ADJUSTMENT,5,2024-06-17,ADJ-9104
571,1186,pärnu,IN,114,2025-02-08,PO-23639
572,1303,ladu,ADJUSTMENT,6,2025-01-17,ADJ-8302
573,1346,tallinn,TRANSFER,-87,2024-03-31,TRANSFER-2806
574,1196,pärnu,OUT,-33,2025-02-11,ORD-99342
575,1272,tallinn,OUT,-32,2024-09-28,ORD-50563
576,1267,ladu,OUT,-25,2024-12-17,ORD-20902
577,1063,ladu,OUT,-19,2024-01-04,ORD-49969
578,1253,pärnu,ADJUSTMENT,14,2024-12-23,ADJ-5175
579,1340,tallinn,IN,68,2025-02-02,PO-18495
580,1277,tallinn,ADJUSTMENT,17,2024-07-19,ADJ-5280
581,1314,tallinn,IN,26,2024-02-07,PO-52096
582,1163,pärnu,IN,30,2024-12-03,PO-91983
583,1201,ladu,OUT,-34,2024-07-12,ORD-63415
584,1265,pärnu,IN,195,2024-02-10,PO-97230
585,1200,pärnu,OUT,-34,2024-08-27,ORD-97767
586,1338,ladu,OUT,-24,2024-05-24,ORD-85876
587,1141,ladu,IN,153,2024-04-26,PO-65143
588,1224,tallinn,OUT,-27,2024-11-28,ORD-13597
589,1136,tallinn,TRANSFER,48,2024-11-07,TRANSFER-5553
590,1235,pärnu,IN,24,2024-08-07,PO-36909
591,1294,pärnu,TRANSFER,-43,2024-05-19,TRANSFER-6757
592,1339,tartu,IN,159,2024-01-02,PO-59545
593,1250,tallinn,OUT,-14,2024-01-18,ORD-29160
594,1324,ladu,IN,76,2024-09-21,PO-42818
595,1217,tallinn,IN,198,2024-07-26,PO-35064
596,1235,pärnu,OUT,-6,2024-03-19,ORD-23238
597,1188,pärnu,OUT,-19,2024-10-21,ORD-88105
598,1045,tartu,TRANSFER,-21,2024-07-13,TRANSFER-3181
599,1196,pärnu,OUT,-17,2024-02-08,ORD-70540
600,1264,pärnu,IN,72,2024-09-12,PO-15631
601,1161,tartu,IN,47,2024-07-25,PO-38482
602,1277,tallinn,ADJUSTMENT,-9,2024-05-21,ADJ-9533
603,1133,tartu,OUT,-10,2025-02-16,ORD-13513
604,1068,pärnu,TRANSFER,-23,2024-06-14,TRANSFER-7376
605,1157,ladu,IN,117,2025-01-05,PO-72170
606,1276,pärnu,OUT,-15,2025-01-11,ORD-92286
607,1346,tartu,OUT,-28,2024-12-19,ORD-95335
608,1164,tallinn,TRANSFER,1,2024-11-15,TRANSFER-6587
609,1274,tallinn,TRANSFER,-9,2024-07-30,TRANSFER-5586
610,1249,tallinn,IN,43,2024-05-24,PO-51336
611,1055,tallinn,IN,79,2025-01-31,PO-11501
612,1123,tartu,OUT,-40,2024-10-19,ORD-62010
613,1202,pärnu,OUT,-30,2024-01-30,ORD-62159
614,1087,ladu,OUT,-46,2024-05-04,ORD-32336
615,1043,ladu,IN,71,2024-11-19,PO-47738
616,1001,tartu,OUT,-17,2024-11-22,ORD-48720
617,1173,tartu,IN,195,2024-04-04,PO-30808
618,1174,tartu,IN,134,2024-01-11,PO-54919
619,1059,tallinn,IN,92,2024-08-25,PO-32004
620,1336,tallinn,IN,10,2024-09-07,PO-78252
621,1077,tallinn,OUT,-49,2024-09-02,ORD-99332
622,1035,ladu,IN,99,2025-02-22,PO-86008
623,1067,tartu,OUT,-39,2024-07-24,ORD-57038
624,1281,tartu,TRANSFER,33,2024-11-09,TRANSFER-4647
625,1047,tartu,IN,144,2024-07-31,PO-18809
626,1025,ladu,ADJUSTMENT,-25,2024-10-27,ADJ-6345
627,1155,tallinn,TRANSFER,65,2024-03-18,TRANSFER-4586
628,1269,ladu,IN,102,2025-02-06,PO-16498
629,1347,tartu,OUT,-32,2024-08-12,ORD-89298
630,1094,ladu,IN,199,2024-09-16,PO-87296
631,1110,tartu,IN,176,2024-03-06,PO-53406
632,1269,tartu,IN,146,2024-08-09,PO-32438
633,1318,tartu,IN,12,2024-06-04,PO-45880
634,1346,ladu,TRANSFER,22,2024-07-21,TRANSFER-6951
635,1010,pärnu,IN,111,2024-03-31,PO-65712
636,1147,tartu,TRANSFER,79,2024-06-17,TRANSFER-3813
637,1332,ladu,IN,78,2024-07-30,PO-86129
638,1059,ladu,IN,61,2024-11-07,PO-71063
639,1326,tartu,IN,168,2024-07-14,PO-32669
640,1128,ladu,OUT,-50,2024-01-17,ORD-39686
641,1112,pärnu,OUT,-35,2024-03-11,ORD-61226
642,1142,tartu,OUT,-3,2025-02-10,ORD-19762
643,1287,tallinn,TRANSFER,61,2024-11-25,TRANSFER-3761
644,1178,tartu,OUT,-31,2024-03-27,ORD-71786
645,1167,pärnu,OUT,-4,2024-08-01,ORD-90158
646,1064,pärnu,OUT,-7,2024-07-27,ORD-60037
647,1086,ladu,OUT,-22,2024-08-06,ORD-62078
648,1310,pärnu,OUT,-13,2024-02-01,ORD-19654
649,1072,ladu,OUT,-7,2024-07-10,ORD-56951
650,1283,ladu,IN,74,2025-01-14,PO-48538
651,1154,pärnu,ADJUSTMENT,-7,2024-03-27,ADJ-6022
652,1243,tallinn,IN,18,2024-10-29,PO-98773
653,1171,ladu,OUT,-3,2024-09-22,ORD-67024
654,1318,ladu,OUT,-50,2024-09-20,ORD-68655
655,1221,pärnu,OUT,-29,2024-01-27,ORD-20448
656,1051,pärnu,IN,101,2024-08-13,PO-82361
657,1195,tallinn,IN,168,2024-07-11,PO-13383
658,1011,ladu,IN,84,2024-04-11,PO-61636
659,1109,ladu,OUT,-35,2024-05-16,ORD-97845
660,1049,pärnu,ADJUSTMENT,-12,2024-11-23,ADJ-4889
661,1210,tartu,OUT,-21,2024-01-12,ORD-71815
662,1322,tartu,ADJUSTMENT,17,2024-04-03,ADJ-2635
663,1027,tartu,OUT,-18,2024-12-20,ORD-29297
664,1296,tallinn,TRANSFER,93,2024-05-09,TRANSFER-3079
665,1119,tartu,IN,190,2024-12-20,PO-40517
666,1004,tartu,IN,96,2024-05-23,PO-99774
667,1239,tallinn,TRANSFER,30,2024-02-08,TRANSFER-3015
668,1288,tartu,ADJUSTMENT,-25,2024-10-01,ADJ-1494
669,1039,ladu,IN,44,2025-02-15,PO-26492
670,1059,pärnu,IN,138,2024-10-12,PO-87501
671,1175,ladu,OUT,-10,2024-05-14,ORD-68011
672,1178,tartu,IN,77,2024-11-25,PO-85456
673,1132,pärnu,OUT,-30,2024-06-06,ORD-76402
674,1041,tartu,IN,92,2024-08-03,PO-90450
675,1002,tartu,TRANSFER,66,2024-10-22,TRANSFER-6065
676,1090,pärnu,OUT,-20,2024-07-01,ORD-40782
677,1063,pärnu,OUT,-42,2024-07-05,ORD-90426
678,1168,tartu,ADJUSTMENT,-24,2024-03-11,ADJ-9035
679,1050,ladu,IN,168,2024-09-21,PO-86099
680,1074,tallinn,IN,174,2024-04-21,PO-55114
681,1289,pärnu,ADJUSTMENT,-5,2024-09-22,ADJ-7520
682,1344,ladu,IN,68,2024-08-08,PO-38037
683,1256,ladu,IN,137,2024-12-23,PO-48546
684,1179,pärnu,OUT,-1,2024-04-01,ORD-91006
685,1208,ladu,IN,112,2024-11-12,PO-44983
686,1349,tartu,OUT,-50,2024-03-26,ORD-50790
687,1204,ladu,OUT,-19,2024-04-23,ORD-99445
688,1343,tartu,OUT,-16,2024-03-15,ORD-53444
689,1088,tartu,IN,186,2024-02-25,PO-18207
690,1101,ladu,IN,80,2024-05-18,PO-27826
691,1188,ladu,ADJUSTMENT,-29,2024-04-02,ADJ-7545
692,1032,tallinn,OUT,-50,2025-02-25,ORD-26272
693,1224,ladu,IN,104,2024-02-08,PO-88577
694,1117,tartu,OUT,-24,2024-09-08,ORD-93320
695,1205,ladu,TRANSFER,13,2024-10-19,TRANSFER-9081
696,1238,ladu,TRANSFER,1,2024-09-02,TRANSFER-4164
697,1119,pärnu,OUT,-24,2024-11-19,ORD-27945
698,1108,pärnu,IN,104,2024-11-20,PO-33664
699,1080,tallinn,IN,159,2024-11-14,PO-69572
700,1326,tartu,OUT,-7,2024-10-31,ORD-80626
701,1342,tallinn,TRANSFER,-23,2024-01-15,TRANSFER-2193
702,1263,ladu,TRANSFER,33,2025-02-05,TRANSFER-5595
703,1147,ladu,IN,40,2024-10-20,PO-19722
704,1086,ladu,IN,69,2024-06-04,PO-37467
705,1182,tartu,IN,62,2024-05-26,PO-81489
706,1009,ladu,IN,5,2024-05-20,PO-16346
707,1192,pärnu,OUT,-47,2024-02-11,ORD-46923
708,1082,tallinn,TRANSFER,-47,2024-12-22,TRANSFER-1666
709,1032,tartu,OUT,-3,2024-05-27,ORD-34933
710,1239,tallinn,ADJUSTMENT,22,2024-10-05,ADJ-2825
711,1168,tartu,OUT,-16,2024-04-17,ORD-23626
712,1221,pärnu,OUT,-10,2024-11-06,ORD-46878
713,1195,pärnu,OUT,-35,2024-11-14,ORD-55148
714,1323,ladu,TRANSFER,69,2024-08-25,TRANSFER-8245
715,1043,ladu,OUT,-33,2024-01-26,ORD-98673
716,1317,tallinn,OUT,-26,2024-04-30,ORD-10216
717,1140,tartu,OUT,-39,2025-01-12,ORD-71413
718,1346,ladu,OUT,-6,2025-01-29,ORD-33656
719,1246,tartu,TRANSFER,-46,2024-11-13,TRANSFER-8856
720,1191,tallinn,IN,180,2024-12-28,PO-17623
721,1246,tallinn,IN,117,2024-01-15,PO-38270
722,1223,tartu,OUT,-11,2024-12-03,ORD-69851
723,1116,tartu,OUT,-35,2024-10-23,ORD-42402
724,1075,pärnu,IN,195,2025-01-30,PO-29523
725,1249,pärnu,TRANSFER,13,2024-11-17,TRANSFER-6896
726,1179,ladu,OUT,-34,2025-01-29,ORD-19567
727,1286,ladu,ADJUSTMENT,-6,2024-11-09,ADJ-4422
728,1151,pärnu,OUT,-25,2024-07-18,ORD-25956
729,1294,pärnu,OUT,-19,2024-08-22,ORD-55925
730,1025,pärnu,OUT,-49,2024-04-14,ORD-91689
731,1190,ladu,TRANSFER,66,2024-12-29,TRANSFER-7319
732,1210,tallinn,IN,98,2024-08-16,PO-53125
733,1195,pärnu,OUT,-31,2024-11-01,ORD-89412
734,1010,ladu,OUT,-14,2024-06-12,ORD-17157
735,1219,ladu,ADJUSTMENT,-29,2024-12-22,ADJ-5909
736,1210,pärnu,OUT,-3,2025-01-26,ORD-41429
737,1087,tartu,ADJUSTMENT,28,2024-08-07,ADJ-8515
738,1100,tallinn,IN,135,2024-04-03,PO-61642
739,1205,tallinn,IN,73,2024-09-03,PO-58311
740,1190,tartu,IN,82,2024-11-09,PO-17986
741,1091,ladu,ADJUSTMENT,17,2025-01-13,ADJ-3302
742,1194,pärnu,ADJUSTMENT,19,2024-06-27,ADJ-5353
743,1129,tallinn,IN,108,2024-01-21,PO-53852
744,1269,ladu,OUT,-11,2024-11-17,ORD-10956
745,1344,tartu,OUT,-35,2024-11-15,ORD-20275
746,1100,tartu,TRANSFER,59,2025-01-31,TRANSFER-1309
747,1026,tartu,IN,131,2024-08-31,PO-88981
748,1228,pärnu,IN,104,2024-03-26,PO-50641
749,1284,tallinn,ADJUSTMENT,-23,2024-01-02,ADJ-1799
750,1116,tallinn,IN,79,2024-09-09,PO-75301
751,1270,tartu,TRANSFER,-68,2024-04-08,TRANSFER-8060
752,1166,ladu,OUT,-30,2025-02-19,ORD-44130
753,1228,pärnu,IN,170,2025-01-31,PO-29220
754,1134,pärnu,OUT,-30,2024-11-22,ORD-24337
755,1163,ladu,ADJUSTMENT,-26,2024-08-11,ADJ-6070
756,1262,ladu,IN,193,2024-06-02,PO-68399
757,1333,tartu,TRANSFER,-86,2024-08-28,TRANSFER-5798
758,1296,tartu,OUT,-35,2024-07-17,ORD-60968
759,1252,tallinn,IN,84,2024-01-27,PO-47524
760,1172,pärnu,TRANSFER,-60,2025-01-03,TRANSFER-1406
761,1172,tallinn,IN,19,2024-08-30,PO-84850
762,1086,pärnu,IN,144,2025-02-20,PO-32576
763,1121,pärnu,ADJUSTMENT,-21,2024-12-07,ADJ-1435
764,1251,ladu,IN,30,2024-01-01,PO-89991
765,1080,tartu,IN,158,2024-03-07,PO-84689
766,1282,pärnu,TRANSFER,72,2024-02-13,TRANSFER-9532
767,1193,tallinn,TRANSFER,-26,2025-02-24,TRANSFER-3288
768,1069,ladu,IN,76,2024-06-16,PO-34047
769,1226,tallinn,IN,10,2024-08-12,PO-91264
770,1030,tallinn,IN,48,2024-11-17,PO-75903
771,1223,ladu,OUT,-39,2025-01-16,ORD-17882
772,1280,ladu,OUT,-22,2025-01-28,ORD-20218
773,1232,ladu,IN,157,2024-09-28,PO-28456
774,1016,tallinn,OUT,-30,2024-08-19,ORD-85024
775,1240,tartu,IN,144,2024-11-01,PO-36788
776,1080,pärnu,IN,16,2024-02-23,PO-46122
777,1080,tallinn,IN,188,2024-10-21,PO-76346
778,1336,ladu,IN,88,2024-07-29,PO-20090
779,1046,tallinn,IN,184,2025-01-20,PO-32395
780,1164,ladu,ADJUSTMENT,16,2024-12-21,ADJ-6764
781,1022,pärnu,IN,155,2024-10-08,PO-35701
782,1165,pärnu,TRANSFER,-54,2025-01-13,TRANSFER-2800
783,1115,ladu,IN,149,2024-08-05,PO-99726
784,1242,tartu,OUT,-32,2024-09-23,ORD-36061
785,1053,pärnu,IN,73,2024-12-23,PO-95879
786,1327,ladu,IN,97,2024-12-21,PO-49692
787,1320,tartu,OUT,-37,2024-05-05,ORD-16285
788,1018,ladu,OUT,-11,2025-02-20,ORD-72631
789,1272,ladu,IN,180,2024-11-21,PO-66352
790,1252,ladu,OUT,-28,2024-12-17,ORD-93727
791,1280,ladu,IN,57,2024-12-03,PO-74011
792,1022,tallinn,IN,168,2024-10-07,PO-62781
793,1337,tallinn,TRANSFER,-57,2024-12-31,TRANSFER-2979
794,1235,ladu,IN,72,2024-09-16,PO-44839
795,1323,pärnu,OUT,-18,2024-12-01,ORD-85650
796,1328,pärnu,TRANSFER,38,2024-03-15,TRANSFER-2978
797,1093,tallinn,TRANSFER,-8,2024-02-11,TRANSFER-7258
798,1031,tartu,ADJUSTMENT,3,2024-07-15,ADJ-7214
799,1161,pärnu,ADJUSTMENT,-26,2024-01-15,ADJ-3996
800,1315,pärnu,TRANSFER,50,2024-02-21,TRANSFER-1274
801,1034,ladu,OUT,-13,2024-04-14,ORD-72780
802,1269,ladu,TRANSFER,-1,2024-07-02,TRANSFER-1364
803,1179,pärnu,OUT,-43,2025-01-05,ORD-70083
804,1020,tartu,OUT,-7,2024-11-20,ORD-89249
805,1065,pärnu,TRANSFER,-57,2024-01-05,TRANSFER-8121
806,1011,pärnu,OUT,-27,2024-08-29,ORD-81746
807,1075,pärnu,ADJUSTMENT,29,2025-01-21,ADJ-5230
808,1174,ladu,OUT,-10,2025-02-02,ORD-33830
809,1127,pärnu,OUT,-29,2025-02-07,ORD-68406
810,1202,tartu,OUT,-49,2024-03-22,ORD-19983
811,1230,tallinn,ADJUSTMENT,-8,2024-09-23,ADJ-5729
812,1127,pärnu,IN,191,2024-03-27,PO-74535
813,1084,pärnu,OUT,-47,2024-10-05,ORD-80711
814,1226,tartu,IN,85,2024-04-30,PO-52189
815,1114,pärnu,OUT,-33,2025-01-24,ORD-46980
816,1301,ladu,TRANSFER,36,2024-03-21,TRANSFER-3238
817,1158,tartu,IN,191,2024-05-07,PO-98932
818,1096,ladu,OUT,-7,2024-03-18,ORD-14702
819,1268,ladu,IN,43,2024-01-08,PO-50633
820,1157,pärnu,TRANSFER,-7,2024-09-14,TRANSFER-8159
821,1169,pärnu,OUT,-49,2025-02-23,ORD-23320
822,1285,tartu,IN,189,2024-10-06,PO-89013
823,1042,tartu,OUT,-38,2024-03-03,ORD-44089
824,1101,ladu,ADJUSTMENT,-23,2024-08-15,ADJ-6890
825,1287,tallinn,TRANSFER,-15,2024-08-27,TRANSFER-7861
826,1144,ladu,IN,183,2025-01-28,PO-51845
827,1297,ladu,OUT,-5,2024-10-04,ORD-43679
828,1215,tartu,OUT,-26,2024-01-21,ORD-40090
829,1244,ladu,TRANSFER,25,2025-01-11,TRANSFER-3642
830,1098,pärnu,OUT,-30,2025-02-25,ORD-29196
831,1093,tartu,OUT,-32,2024-10-06,ORD-15676
832,1338,ladu,OUT,-11,2024-09-25,ORD-24223
833,1005,tartu,OUT,-29,2024-09-25,ORD-36863
834,1185,pärnu,IN,97,2024-08-21,PO-57048
835,1162,ladu,OUT,-17,2024-12-29,ORD-12683
836,1009,pärnu,TRANSFER,-46,2024-03-18,TRANSFER-5071
837,1087,ladu,TRANSFER,40,2025-01-16,TRANSFER-8359
838,1199,tallinn,IN,178,2024-06-27,PO-73311
839,1049,ladu,IN,35,2024-10-11,PO-54273
840,1010,ladu,IN,70,2024-05-18,PO-88019
841,1302,tartu,IN,152,2024-08-03,PO-44023
842,1266,pärnu,IN,173,2024-05-11,PO-96479
843,1097,tartu,OUT,-16,2024-09-13,ORD-31812
844,1055,tartu,ADJUSTMENT,-26,2025-01-18,ADJ-7881
845,1222,pärnu,ADJUSTMENT,-26,2024-01-09,ADJ-1636
846,1348,tartu,TRANSFER,-30,2024-04-17,TRANSFER-6345
847,1036,tartu,TRANSFER,-80,2025-01-21,TRANSFER-1430
848,1309,tallinn,OUT,-27,2024-03-04,ORD-32138
849,1304,pärnu,OUT,-22,2025-02-21,ORD-73855
850,1234,tallinn,IN,160,2025-01-09,PO-84005
851,1331,tallinn,OUT,-35,2024-06-06,ORD-38580
852,1030,pärnu,ADJUSTMENT,3,2024-08-20,ADJ-3298
853,1091,ladu,OUT,-45,2024-08-26,ORD-38029
854,1209,ladu,IN,18,2024-07-17,PO-14762
855,1230,tallinn,OUT,-39,2025-02-03,ORD-60406
856,1193,tallinn,OUT,-35,2024-09-15,ORD-16975
857,1128,tallinn,OUT,-8,2024-01-11,ORD-86014
858,1086,ladu,IN,136,2024-09-10,PO-29243
859,1110,pärnu,IN,72,2024-01-23,PO-70892
860,1188,pärnu,OUT,-50,2024-05-04,ORD-48241
861,1147,tartu,IN,143,2024-10-20,PO-22865
862,1034,tartu,OUT,-11,2024-04-04,ORD-85402
863,1277,tartu,IN,198,2024-10-31,PO-85008
864,1196,pärnu,TRANSFER,-94,2024-09-05,TRANSFER-4422
865,1015,tartu,IN,178,2024-01-08,PO-17951
866,1115,ladu,IN,57,2024-12-10,PO-20216
867,1102,tallinn,IN,159,2024-12-29,PO-41718
868,1258,pärnu,OUT,-49,2024-10-21,ORD-95536
869,1292,ladu,IN,67,2024-03-05,PO-58539
870,1061,ladu,OUT,-43,2024-08-05,ORD-58948
871,1145,tallinn,OUT,-25,2024-09-25,ORD-97654
872,1307,ladu,OUT,-6,2024-02-29,ORD-11834
873,1289,tartu,OUT,-2,2024-11-11,ORD-44701
874,1179,ladu,OUT,-1,2024-12-13,ORD-84782
875,1252,pärnu,OUT,-31,2025-01-28,ORD-48586
876,1085,pärnu,OUT,-13,2024-01-01,ORD-18002
877,1303,pärnu,OUT,-44,2025-02-14,ORD-29302
878,1183,ladu,IN,16,2024-02-08,PO-93035
879,1209,tartu,OUT,-40,2024-02-15,ORD-92395
880,1335,pärnu,IN,23,2024-08-10,PO-80591
881,1118,tallinn,IN,65,2024-03-18,PO-49396
882,1064,pärnu,IN,60,2024-10-20,PO-12738
883,1136,tartu,IN,23,2024-10-15,PO-43641
884,1346,pärnu,OUT,-36,2024-11-29,ORD-58594
885,1135,pärnu,OUT,-42,2024-05-30,ORD-89947
886,1265,ladu,IN,13,2024-04-24,PO-36804
887,1338,pärnu,OUT,-36,2024-07-03,ORD-59531
888,1139,tallinn,ADJUSTMENT,-20,2024-11-04,ADJ-4682
889,1340,tallinn,IN,91,2024-02-13,PO-98436
890,1278,tallinn,IN,113,2024-09-25,PO-57533
891,1022,ladu,OUT,-13,2024-08-03,ORD-81097
892,1151,pärnu,ADJUSTMENT,18,2025-01-11,ADJ-3169
893,1215,ladu,OUT,-7,2024-10-21,ORD-90256
894,1054,tallinn,OUT,-26,2024-05-24,ORD-64038
895,1080,ladu,ADJUSTMENT,30,2024-03-28,ADJ-9148
896,1065,tallinn,OUT,-40,2024-08-10,ORD-54956
897,1056,tallinn,IN,178,2024-12-13,PO-12885
898,1212,ladu,OUT,-47,2024-03-10,ORD-71633
899,1179,ladu,TRANSFER,23,2024-05-08,TRANSFER-8313
900,1156,tartu,OUT,-30,2024-01-15,ORD-57167
901,1306,ladu,IN,80,2024-02-11,PO-67931
902,1091,tartu,IN,154,2024-04-08,PO-75896
903,1092,pärnu,OUT,-32,2024-04-25,ORD-98790
904,1285,pärnu,TRANSFER,39,2025-02-09,TRANSFER-1424
905,1246,ladu,IN,171,2024-12-24,PO-79561
906,1332,tallinn,TRANSFER,-19,2025-01-20,TRANSFER-7750
907,1031,pärnu,TRANSFER,59,2024-02-16,TRANSFER-3911
908,1227,tallinn,IN,160,2024-08-13,PO-88325
909,1007,tartu,IN,31,2024-02-12,PO-95120
910,1254,tallinn,IN,125,2024-12-04,PO-46248
911,1216,tartu,TRANSFER,90,2024-04-09,TRANSFER-8098
912,1209,tartu,IN,111,2024-02-06,PO-47172
913,1033,ladu,OUT,-29,2024-03-23,ORD-75239
914,1157,ladu,TRANSFER,-49,2025-02-20,TRANSFER-6751
915,1329,tallinn,ADJUSTMENT,14,2025-02-24,ADJ-3039
916,1082,ladu,OUT,-11,2024-03-11,ORD-35566
917,1141,ladu,TRANSFER,4,2024-04-26,TRANSFER-5118
918,1263,tartu,TRANSFER,-11,2025-01-29,TRANSFER-1744
919,1219,tartu,IN,12,2024-05-31,PO-34392
920,1298,tallinn,OUT,-44,2024-03-15,ORD-60065
921,1267,tallinn,IN,9,2024-03-23,PO-34648
922,1194,tartu,OUT,-21,2024-01-06,ORD-68870
923,1138,tartu,IN,110,2025-02-16,PO-68956
924,1281,tallinn,TRANSFER,-71,2025-01-01,TRANSFER-3817
925,1155,pärnu,TRANSFER,-45,2024-09-11,TRANSFER-5612
926,1032,pärnu,ADJUSTMENT,-17,2024-10-04,ADJ-4510
927,1201,ladu,TRANSFER,90,2024-03-06,TRANSFER-7796
928,1156,pärnu,OUT,-36,2025-01-25,ORD-60380
929,1285,ladu,TRANSFER,12,2025-02-23,TRANSFER-3153
930,1203,pärnu,TRANSFER,-8,2024-02-24,TRANSFER-5876
931,1309,tallinn,IN,5,2024-06-12,PO-52890
932,1301,tartu,OUT,-28,2025-02-22,ORD-71976
933,1306,ladu,OUT,-45,2024-04-04,ORD-24725
934,1205,pärnu,OUT,-3,2025-02-17,ORD-86307
935,1332,tartu,IN,126,2025-01-05,PO-21548
936,1066,tartu,IN,78,2024-03-12,PO-82518
937,1120,ladu,IN,21,2024-02-22,PO-20614
938,1192,pärnu,TRANSFER,14,2025-02-14,TRANSFER-7992
939,1028,tartu,ADJUSTMENT,-27,2024-03-27,ADJ-6889
940,1018,ladu,ADJUSTMENT,-12,2024-05-10,ADJ-6063
941,1273,pärnu,OUT,-3,2024-03-09,ORD-59504
942,1173,ladu,ADJUSTMENT,1,2024-12-21,ADJ-7250
943,1220,tallinn,IN,69,2024-03-22,PO-61168
944,1108,pärnu,IN,33,2024-06-24,PO-83069
945,1273,tallinn,TRANSFER,-99,2024-12-02,TRANSFER-3484
946,1233,tartu,ADJUSTMENT,9,2024-09-19,ADJ-6518
947,1026,ladu,IN,163,2024-01-13,PO-14243
948,1178,ladu,TRANSFER,-44,2024-02-28,TRANSFER-6031
949,1247,ladu,TRANSFER,-32,2024-08-08,TRANSFER-4936
950,1238,tallinn,ADJUSTMENT,12,2024-11-22,ADJ-9511
951,1317,ladu,OUT,-45,2024-03-19,ORD-72681
952,1020,tallinn,OUT,-27,2024-01-25,ORD-58108
953,1244,tartu,ADJUSTMENT,-17,2024-02-19,ADJ-2466
954,1101,tallinn,ADJUSTMENT,-19,2024-06-06,ADJ-2049
955,1299,tallinn,OUT,-50,2024-05-26,ORD-30152
956,1241,pärnu,ADJUSTMENT,-30,2025-02-04,ADJ-4418
957,1320,tartu,TRANSFER,7,2024-12-13,TRANSFER-9361
958,1188,ladu,IN,148,2024-11-16,PO-28133
959,1089,tartu,IN,175,2024-06-04,PO-36119
960,1161,pärnu,OUT,-12,2025-02-01,ORD-54804
961,1319,tallinn,OUT,-22,2024-12-01,ORD-15555
962,1177,tallinn,OUT,-21,2024-08-01,ORD-58054
963,1308,tartu,OUT,-15,2025-02-19,ORD-28600
964,1008,tallinn,OUT,-21,2024-01-21,ORD-21025
965,1066,pärnu,IN,95,2024-01-29,PO-85945
966,1321,tallinn,OUT,-13,2024-09-08,ORD-72614
967,1144,ladu,IN,179,2024-11-14,PO-36875
968,1212,pärnu,OUT,-14,2024-03-26,ORD-96283
969,1305,ladu,OUT,-11,2024-10-29,ORD-14448
970,1054,tartu,TRANSFER,45,2024-04-14,TRANSFER-4119
971,1093,tallinn,IN,142,2024-03-08,PO-41053
972,1214,ladu,IN,34,2024-08-15,PO-76090
973,1071,tartu,ADJUSTMENT,-28,2024-12-03,ADJ-9465
974,1332,tartu,IN,146,2024-10-24,PO-82875
975,1337,pärnu,IN,186,2024-10-21,PO-83848
976,1274,tartu,TRANSFER,-67,2024-04-11,TRANSFER-2566
977,1323,tartu,TRANSFER,-14,2025-02-14,TRANSFER-6417
978,1261,ladu,TRANSFER,33,2024-08-04,TRANSFER-6178
979,1142,tallinn,IN,137,2024-02-23,PO-83178
980,1215,pärnu,OUT,-10,2024-08-24,ORD-71057
981,1045,ladu,IN,54,2024-02-08,PO-29421
982,1289,pärnu,OUT,-38,2024-10-18,ORD-26563
983,1162,ladu,OUT,-14,2024-08-12,ORD-95770
984,1247,ladu,ADJUSTMENT,-30,2024-06-23,ADJ-4691
985,1206,tallinn,ADJUSTMENT,18,2025-02-25,ADJ-7473
986,1210,tartu,OUT,-10,2024-04-17,ORD-91833
987,1210,tallinn,TRANSFER,-88,2024-10-09,TRANSFER-9114
988,1248,pärnu,IN,178,2024-04-19,PO-29165
989,1256,pärnu,OUT,-42,2024-01-12,ORD-78373
990,1153,tartu,OUT,-45,2024-11-10,ORD-64841
991,1153,tallinn,IN,11,2024-01-09,PO-33507
992,1326,tartu,ADJUSTMENT,24,2024-08-21,ADJ-2920
993,1254,tartu,OUT,-21,2024-03-15,ORD-91130
994,1313,tallinn,IN,183,2024-04-12,PO-62803
995,1269,tallinn,TRANSFER,78,2025-02-01,TRANSFER-3240
996,1052,tallinn,IN,179,2025-02-11,PO-35305
997,1172,pärnu,OUT,-32,2024-12-13,ORD-68203
998,1033,pärnu,OUT,-46,2024-12-10,ORD-72650
999,1026,pärnu,ADJUSTMENT,21,2024-09-26,ADJ-3790
1000,1307,pärnu,OUT,-45,2024-02-05,ORD-87163
1001,1053,pärnu,TRANSFER,63,2024-12-13,TRANSFER-3862
1002,1022,ladu,OUT,-48,2024-10-02,ORD-45697
1003,1305,tallinn,IN,163,2024-11-29,PO-10493
1004,1291,pärnu,OUT,-7,2024-06-21,ORD-28046
1005,1218,tartu,IN,189,2024-03-23,PO-37920
1006,1264,ladu,TRANSFER,53,2024-07-26,TRANSFER-2910
1007,1080,ladu,IN,118,2024-11-11,PO-78799
1008,1030,tartu,TRANSFER,19,2025-01-27,TRANSFER-7447
1009,1182,pärnu,OUT,-43,2025-01-17,ORD-46188
1010,1073,pärnu,ADJUSTMENT,-8,2024-11-18,ADJ-2997
1011,1157,pärnu,OUT,-20,2024-08-05,ORD-75142
1012,1114,tallinn,OUT,-37,2025-01-31,ORD-97723
1013,1108,tartu,IN,152,2024-03-16,PO-54061
1014,1232,ladu,IN,164,2024-07-21,PO-36760
1015,1299,tallinn,IN,157,2024-08-04,PO-88384
1016,1219,tartu,ADJUSTMENT,-7,2024-06-13,ADJ-8828
1017,1325,tartu,OUT,-47,2024-12-10,ORD-21986
1018,1030,tartu,OUT,-49,2024-05-29,ORD-44511
1019,1087,ladu,OUT,-21,2024-11-17,ORD-35552
1020,1066,pärnu,OUT,-30,2024-10-16,ORD-46590
1021,1036,ladu,ADJUSTMENT,13,2024-11-29,ADJ-7559
1022,1227,ladu,IN,68,2024-04-12,PO-75611
1023,1106,tallinn,TRANSFER,-67,2024-01-08,TRANSFER-7367
1024,1022,ladu,OUT,-16,2024-08-07,ORD-95872
1025,1114,pärnu,TRANSFER,64,2024-01-09,TRANSFER-2621
1026,1347,pärnu,IN,178,2025-02-06,PO-92881
1027,1246,pärnu,OUT,-8,2024-08-01,ORD-40874
1028,1118,pärnu,OUT,-17,2025-02-19,ORD-44017
1029,1217,tallinn,ADJUSTMENT,13,2024-08-26,ADJ-4518
1030,1258,tallinn,OUT,-5,2024-04-03,ORD-48667
1031,1310,ladu,OUT,-27,2024-02-27,ORD-75276
1032,1283,tartu,IN,39,2024-03-02,PO-19947
1033,1141,tallinn,IN,128,2024-08-22,PO-88267
1034,1207,tartu,OUT,-49,2025-02-26,ORD-43902
1035,1090,pärnu,IN,193,2024-08-27,PO-75314
1036,1062,tartu,OUT,-13,2024-04-24,ORD-53547
1037,1147,pärnu,OUT,-44,2025-01-14,ORD-63216
1038,1135,pärnu,OUT,-47,2024-05-10,ORD-86076
1039,1259,tallinn,TRANSFER,89,2024-04-25,TRANSFER-8002
1040,1162,tartu,ADJUSTMENT,-5,2024-07-21,ADJ-2513
1041,1012,ladu,IN,88,2024-10-28,PO-59007
1042,1058,pärnu,IN,145,2024-09-24,PO-85012
1043,1313,tartu,OUT,-19,2024-01-10,ORD-47321
1044,1165,tallinn,OUT,-28,2024-03-02,ORD-33772
1045,1122,tallinn,TRANSFER,5,2025-01-09,TRANSFER-5477
1046,1084,pärnu,OUT,-1,2024-11-01,ORD-24731
1047,1217,pärnu,OUT,-44,2024-11-04,ORD-64618
1048,1049,ladu,TRANSFER,93,2024-08-18,TRANSFER-1619
1049,1027,tallinn,OUT,-46,2024-05-09,ORD-64965
1050,1246,tallinn,OUT,-7,2024-04-03,ORD-99864
1051,1015,ladu,IN,13,2024-04-18,PO-21993
1052,1016,pärnu,IN,38,2024-03-01,PO-43762
1053,1232,ladu,ADJUSTMENT,28,2024-05-07,ADJ-7929
1054,1055,tartu,TRANSFER,61,2024-08-30,TRANSFER-4470
1055,1337,ladu,IN,140,2024-01-27,PO-65423
1056,1207,tallinn,OUT,-12,2024-07-10,ORD-38153
1057,1017,ladu,ADJUSTMENT,-8,2024-01-16,ADJ-9792
1058,1231,tartu,OUT,-27,2024-01-02,ORD-76863
1059,1299,tallinn,OUT,-4,2025-02-17,ORD-40612
1060,1307,ladu,OUT,-22,2024-05-18,ORD-54549
1061,1314,pärnu,TRANSFER,37,2024-10-25,TRANSFER-3063
1062,1053,ladu,IN,52,2024-10-08,PO-91125
1063,1219,pärnu,IN,95,2024-10-11,PO-30097
1064,1107,pärnu,ADJUSTMENT,-19,2024-03-29,ADJ-8460
1065,1195,ladu,OUT,-29,2024-01-10,ORD-28455
1066,1210,ladu,OUT,-33,2024-01-08,ORD-97052
1067,1230,tallinn,OUT,-42,2024-03-31,ORD-62722
1068,1238,ladu,IN,161,2024-09-08,PO-75065
1069,1042,pärnu,IN,148,2024-05-08,PO-64675
1070,1027,tartu,IN,108,2024-08-18,PO-84029
1071,1284,ladu,IN,77,2024-03-11,PO-22371
1072,1206,pärnu,OUT,-50,2024-03-01,ORD-25728
1073,1258,tallinn,TRANSFER,28,2024-07-05,TRANSFER-9874
1074,1210,tartu,IN,195,2024-03-01,PO-72023
1075,1336,pärnu,OUT,-36,2024-01-29,ORD-90286
1076,1089,pärnu,TRANSFER,20,2025-01-03,TRANSFER-4638
1077,1074,tallinn,OUT,-42,2024-02-29,ORD-21058
1078,1017,ladu,IN,58,2024-03-12,PO-97451
1079,1261,ladu,IN,177,2024-07-03,PO-76782
1080,1323,pärnu,TRANSFER,11,2025-02-23,TRANSFER-5207
1081,1119,tallinn,TRANSFER,42,2024-08-24,TRANSFER-4087
1082,1194,pärnu,OUT,-8,2025-01-28,ORD-49606
1083,1228,ladu,OUT,-38,2025-01-09,ORD-27514
1084,1172,tallinn,TRANSFER,59,2024-10-14,TRANSFER-9631
1085,1199,pärnu,IN,121,2024-02-10,PO-13436
1086,1014,tartu,OUT,-22,2025-02-17,ORD-13844
1087,1257,ladu,OUT,-22,2024-08-19,ORD-90630
1088,1009,pärnu,IN,135,2024-03-21,PO-91088
1089,1261,tallinn,TRANSFER,87,2024-09-10,TRANSFER-9318
1090,1031,pärnu,OUT,-1,2025-02-06,ORD-71182
1091,1289,ladu,IN,29,2024-01-30,PO-19564
1092,1287,ladu,IN,183,2024-10-25,PO-34275
1093,1222,tallinn,IN,128,2024-02-26,PO-64692
1094,1064,ladu,ADJUSTMENT,16,2025-01-23,ADJ-8230
1095,1024,tartu,OUT,-7,2024-08-16,ORD-66719
1096,1088,tartu,OUT,-47,2024-07-15,ORD-91066
1097,1247,ladu,OUT,-17,2024-03-14,ORD-65982
1098,1157,ladu,OUT,-47,2024-07-04,ORD-61628
1099,1300,tartu,IN,183,2024-03-10,PO-83329
1100,1069,tallinn,IN,35,2024-05-27,PO-44633
1101,1192,pärnu,IN,56,2024-07-23,PO-43040
1102,1165,tartu,TRANSFER,24,2024-12-26,TRANSFER-6564
1103,1326,tartu,OUT,-43,2024-02-03,ORD-23346
1104,1066,pärnu,TRANSFER,94,2024-10-01,TRANSFER-1587
1105,1005,tallinn,ADJUSTMENT,17,2024-02-27,ADJ-8798
1106,1156,ladu,IN,56,2024-08-06,PO-86887
1107,1106,tallinn,IN,46,2024-05-08,PO-32341
1108,1187,ladu,OUT,-39,2024-09-21,ORD-30384
1109,1311,tallinn,ADJUSTMENT,3,2024-03-10,ADJ-5401
1110,1044,tartu,OUT,-38,2024-12-17,ORD-10303
1111,1334,tallinn,OUT,-39,2024-07-18,ORD-62965
1112,1345,pärnu,IN,189,2024-02-16,PO-71023
1113,1005,ladu,TRANSFER,51,2024-02-15,TRANSFER-3605
1114,1328,ladu,IN,153,2024-11-20,PO-17283
1115,1002,pärnu,OUT,-49,2024-08-26,ORD-36275
1116,1263,tartu,IN,128,2024-05-25,PO-68069
1117,1113,ladu,TRANSFER,12,2024-01-06,TRANSFER-5077
1118,1164,pärnu,TRANSFER,-38,2024-10-26,TRANSFER-8952
1119,1314,tartu,TRANSFER,8,2024-06-01,TRANSFER-1374
1120,1009,ladu,IN,102,2024-02-12,PO-55156
1121,1123,ladu,TRANSFER,18,2024-06-13,TRANSFER-6130
1122,1290,pärnu,OUT,-27,2024-10-25,ORD-75662
1123,1065,ladu,OUT,-34,2024-03-20,ORD-32694
1124,1318,tallinn,TRANSFER,-2,2024-06-23,TRANSFER-9988
1125,1225,tartu,IN,121,2024-09-13,PO-54121
1126,1145,tallinn,OUT,-6,2024-02-29,ORD-91686
1127,1075,pärnu,OUT,-2,2024-04-21,ORD-54679
1128,1002,ladu,OUT,-23,2025-01-17,ORD-32133
1129,1341,tallinn,OUT,-13,2024-09-21,ORD-12028
1130,1053,tartu,IN,24,2024-07-17,PO-89753
1131,1093,ladu,OUT,-10,2024-01-29,ORD-97266
1132,1133,pärnu,TRANSFER,6,2024-08-08,TRANSFER-9097
1133,1061,pärnu,OUT,-49,2024-08-21,ORD-85294
1134,1269,ladu,OUT,-15,2024-01-30,ORD-12261
1135,1034,tallinn,OUT,-50,2024-02-10,ORD-39367
1136,1319,tartu,IN,187,2024-10-08,PO-53718
1137,1281,pärnu,OUT,-36,2024-04-25,ORD-24964
1138,1137,tartu,ADJUSTMENT,-12,2024-01-03,ADJ-3321
1139,1290,pärnu,OUT,-46,2024-01-11,ORD-22877
1140,1010,tartu,OUT,-21,2024-07-26,ORD-80246
1141,1169,tallinn,IN,192,2024-08-03,PO-87359
1142,1244,ladu,ADJUSTMENT,-4,2024-07-22,ADJ-9772
1143,1030,pärnu,ADJUSTMENT,-10,2024-11-13,ADJ-4256
1144,1201,ladu,IN,19,2024-03-26,PO-33321
1145,1093,pärnu,OUT,-36,2024-03-23,ORD-84005
1146,1235,ladu,OUT,-10,2024-09-15,ORD-61549
1147,1005,tallinn,TRANSFER,-64,2025-01-12,TRANSFER-6337
1148,1031,ladu,OUT,-23,2024-10-30,ORD-66037
1149,1205,tartu,OUT,-18,2024-03-26,ORD-84170
1150,1169,ladu,IN,167,2024-04-01,PO-99438
1151,1187,pärnu,IN,190,2024-02-16,PO-20095
1152,1303,tallinn,OUT,-9,2024-06-12,ORD-84208
1153,1053,tallinn,OUT,-9,2024-05-26,ORD-20691
1154,1251,pärnu,IN,54,2024-08-27,PO-22280
1155,1063,ladu,IN,82,2024-09-12,PO-64378
1156,1313,tartu,OUT,-50,2024-12-30,ORD-77961
1157,1230,pärnu,IN,107,2024-11-25,PO-37204
1158,1256,tallinn,IN,116,2024-10-03,PO-47070
1159,1134,tartu,TRANSFER,46,2024-08-09,TRANSFER-7932
1160,1248,ladu,ADJUSTMENT,-28,2025-01-26,ADJ-5196
1161,1338,pärnu,IN,5,2024-04-04,PO-65741
1162,1045,ladu,OUT,-4,2024-08-16,ORD-77791
1163,1287,tallinn,OUT,-24,2024-02-22,ORD-86233
1164,1003,tallinn,OUT,-39,2024-04-09,ORD-12396
1165,1244,pärnu,ADJUSTMENT,29,2024-08-06,ADJ-7981
1166,1212,pärnu,IN,68,2024-10-25,PO-95251
1167,1158,pärnu,OUT,-9,2024-05-09,ORD-56322
1168,1130,pärnu,IN,31,2024-09-13,PO-23395
1169,1205,tartu,ADJUSTMENT,10,2024-01-16,ADJ-8597
1170,1188,tallinn,OUT,-26,2024-06-21,ORD-83937
1171,1157,pärnu,IN,175,2024-12-08,PO-43386
1172,1176,tartu,OUT,-12,2024-03-16,ORD-40446
1173,1176,ladu,ADJUSTMENT,26,2024-10-03,ADJ-9427
1174,1281,ladu,OUT,-39,2024-04-04,ORD-87866
1175,1300,ladu,IN,19,2024-06-25,PO-85647
1176,1228,pärnu,OUT,-20,2024-05-06,ORD-58215
1177,1056,pärnu,TRANSFER,46,2024-01-14,TRANSFER-1481
1178,1196,pärnu,OUT,-2,2024-12-20,ORD-77945
1179,1013,tartu,ADJUSTMENT,-30,2024-03-07,ADJ-6585
1180,1319,pärnu,OUT,-24,2024-01-20,ORD-36266
1181,1090,tartu,OUT,-26,2025-01-25,ORD-51276
1182,1265,tallinn,OUT,-13,2024-04-18,ORD-82259
1183,1075,tallinn,OUT,-24,2024-08-16,ORD-14869
1184,1272,tartu,OUT,-35,2024-05-25,ORD-34545
1185,1028,tartu,OUT,-42,2024-04-15,ORD-29139
1186,1222,tartu,TRANSFER,1,2024-05-06,TRANSFER-9621
1187,1296,tallinn,TRANSFER,57,2025-02-10,TRANSFER-8050
1188,1279,tartu,ADJUSTMENT,-24,2025-02-04,ADJ-4380
1189,1167,ladu,OUT,-36,2024-12-15,ORD-26234
1190,1314,tartu,OUT,-40,2024-08-15,ORD-56959
1191,1096,tallinn,OUT,-16,2024-05-09,ORD-38088
1192,1170,ladu,OUT,-14,2024-12-13,ORD-86621
1193,1275,pärnu,TRANSFER,-98,2024-01-09,TRANSFER-7752
1194,1201,tartu,IN,77,2024-12-17,PO-96198
1195,1234,ladu,TRANSFER,35,2024-08-08,TRANSFER-4564
1196,1019,pärnu,OUT,-30,2025-01-13,ORD-43444
1197,1122,ladu,OUT,-31,2024-02-10,ORD-36427
1198,1009,pärnu,IN,59,2024-04-05,PO-77641
1199,1306,pärnu,OUT,-32,2025-01-02,ORD-93952
1200,1295,pärnu,TRANSFER,22,2024-02-11,TRANSFER-5509
1201,1215,ladu,IN,36,2025-02-04,PO-27553
1202,1228,tallinn,OUT,-19,2024-12-06,ORD-27684
1203,1342,tartu,OUT,-43,2024-04-27,ORD-12862
1204,1083,ladu,OUT,-11,2025-02-14,ORD-44599
1205,1137,tartu,TRANSFER,-97,2024-05-14,TRANSFER-5003
1206,1336,tartu,IN,52,2024-10-24,PO-19951
1207,1211,tartu,TRANSFER,72,2024-06-20,TRANSFER-3833
1208,1303,pärnu,ADJUSTMENT,-30,2024-10-24,ADJ-2727
1209,1065,tallinn,OUT,-12,2025-02-21,ORD-59001
1210,1344,tartu,OUT,-35,2024-03-07,ORD-50999
1211,1220,pärnu,IN,111,2024-01-20,PO-57017
1212,1309,ladu,OUT,-42,2025-02-16,ORD-59592
1213,1239,ladu,IN,18,2024-07-10,PO-60506
1214,1243,tallinn,OUT,-3,2024-04-15,ORD-26683
1215,1102,tartu,IN,198,2024-11-25,PO-14046
1216,1184,ladu,IN,109,2024-11-03,PO-23210
1217,1229,pärnu,OUT,-5,2024-10-01,ORD-81093
1218,1241,tartu,ADJUSTMENT,-14,2024-08-04,ADJ-5873
1219,1055,tallinn,OUT,-5,2024-02-08,ORD-53332
1220,1036,tartu,IN,175,2024-10-30,PO-72016
1221,1177,tartu,OUT,-31,2024-04-30,ORD-31167
1222,1059,ladu,IN,41,2024-06-20,PO-32461
1223,1054,tartu,IN,146,2024-07-08,PO-62582
1224,1186,pärnu,OUT,-16,2024-05-05,ORD-52788
1225,1123,ladu,IN,134,2024-04-11,PO-20108
1226,1032,pärnu,OUT,-36,2024-11-02,ORD-91876
1227,1027,pärnu,ADJUSTMENT,-22,2024-10-26,ADJ-3417
1228,1037,ladu,IN,114,2024-09-25,PO-60075
1229,1245,tallinn,OUT,-47,2024-06-29,ORD-95751
1230,1242,pärnu,TRANSFER,53,2025-02-02,TRANSFER-2210
1231,1305,tartu,OUT,-24,2024-08-29,ORD-40185
1232,1269,pärnu,TRANSFER,-25,2024-11-03,TRANSFER-4639
1233,1321,tartu,OUT,-16,2024-08-06,ORD-44214
1234,1110,ladu,IN,46,2024-01-18,PO-60327
1235,1112,tallinn,IN,95,2024-05-05,PO-16691
1236,1209,tartu,IN,112,2024-09-16,PO-98666
1237,1205,pärnu,IN,141,2024-12-31,PO-18991
1238,1236,pärnu,OUT,-49,2024-09-21,ORD-80222
1239,1037,pärnu,TRANSFER,31,2024-03-19,TRANSFER-2275
1240,1293,pärnu,OUT,-47,2024-07-07,ORD-23183
1241,1212,ladu,TRANSFER,25,2024-09-20,TRANSFER-9467
1242,1186,tallinn,OUT,-49,2024-09-27,ORD-13384
1243,1032,tallinn,OUT,-42,2024-10-23,ORD-83916
1244,1295,tallinn,OUT,-5,2024-11-12,ORD-85162
1245,1237,ladu,IN,147,2024-09-13,PO-81823
1246,1118,pärnu,TRANSFER,26,2024-08-30,TRANSFER-2690
1247,1229,ladu,TRANSFER,-97,2024-08-08,TRANSFER-3190
1248,1238,tartu,IN,78,2024-12-29,PO-27543
1249,1261,tartu,IN,71,2025-01-19,PO-80306
1250,1109,ladu,OUT,-6,2024-10-28,ORD-59251
1251,1247,ladu,IN,153,2024-02-13,PO-81976
1252,1063,tartu,IN,69,2024-04-12,PO-53151
1253,1115,tartu,OUT,-22,2024-10-23,ORD-42871
1254,1021,tartu,TRANSFER,-100,2024-11-10,TRANSFER-8505
1255,1020,tallinn,IN,124,2024-10-09,PO-80391
1256,1087,tartu,ADJUSTMENT,4,2024-12-18,ADJ-7529
1257,1263,pärnu,OUT,-45,2024-07-01,ORD-62623
1258,1043,pärnu,IN,31,2024-11-01,PO-99104
1259,1134,tartu,IN,152,2024-01-18,PO-46525
1260,1047,ladu,OUT,-22,2024-08-17,ORD-16886
1261,1330,pärnu,OUT,-17,2025-02-19,ORD-81902
1262,1068,pärnu,OUT,-27,2024-02-21,ORD-25190
1263,1322,pärnu,IN,28,2024-04-03,PO-39632
1264,1265,ladu,OUT,-24,2024-07-10,ORD-71284
1265,1044,tallinn,OUT,-15,2024-11-01,ORD-14142
1266,1309,tallinn,TRANSFER,53,2024-06-15,TRANSFER-4012
1267,1302,pärnu,OUT,-6,2025-02-16,ORD-19221
1268,1238,pärnu,OUT,-24,2024-05-18,ORD-82522
1269,1248,ladu,OUT,-25,2024-01-05,ORD-69564
1270,1237,tallinn,OUT,-34,2024-02-13,ORD-39788
1271,1020,ladu,OUT,-13,2025-02-26,ORD-86363
1272,1263,tallinn,OUT,-11,2024-04-09,ORD-41799
1273,1078,tallinn,IN,142,2024-12-11,PO-82959
1274,1257,ladu,OUT,-11,2024-02-22,ORD-47390
1275,1078,pärnu,OUT,-9,2025-01-28,ORD-75883
1276,1223,tartu,OUT,-20,2024-01-21,ORD-82764
1277,1206,tallinn,OUT,-11,2024-06-15,ORD-86177
1278,1287,tallinn,IN,200,2024-09-23,PO-13187
1279,1340,ladu,ADJUSTMENT,14,2024-05-22,ADJ-6509
1280,1125,tallinn,ADJUSTMENT,-28,2024-03-17,ADJ-9563
1281,1068,pärnu,IN,108,2024-09-01,PO-47155
1282,1312,pärnu,TRANSFER,24,2024-08-20,TRANSFER-4989
1283,1039,pärnu,TRANSFER,63,2024-06-07,TRANSFER-3659
1284,1194,ladu,TRANSFER,-96,2024-05-14,TRANSFER-9640
1285,1319,tartu,OUT,-4,2024-09-29,ORD-33873
1286,1085,tallinn,IN,186,2024-06-07,PO-93531
1287,1076,tallinn,OUT,-11,2024-01-03,ORD-94293
1288,1088,tartu,OUT,-6,2024-06-12,ORD-52236
1289,1076,tallinn,IN,71,2024-08-12,PO-94084
1290,1025,ladu,OUT,-16,2024-04-14,ORD-64866
1291,1124,tartu,OUT,-18,2024-05-19,ORD-69723
1292,1173,tartu,OUT,-27,2024-08-07,ORD-11230
1293,1081,pärnu,TRANSFER,14,2024-03-01,TRANSFER-2325
1294,1097,tallinn,OUT,-21,2024-02-24,ORD-80224
1295,1131,pärnu,IN,90,2025-01-29,PO-87735
1296,1086,tallinn,OUT,-12,2024-07-29,ORD-40206
1297,1031,tartu,OUT,-31,2024-11-22,ORD-22825
1298,1331,tartu,OUT,-46,2024-05-08,ORD-27448
1299,1147,tallinn,OUT,-33,2024-04-08,ORD-50773
1300,1169,pärnu,IN,112,2024-03-02,PO-19701
1301,1219,ladu,OUT,-19,2024-04-01,ORD-57911
1302,1216,tartu,IN,147,2024-05-22,PO-32058
1303,1307,ladu,IN,47,2025-01-21,PO-30600
1304,1284,ladu,ADJUSTMENT,30,2024-10-06,ADJ-1636
1305,1139,ladu,TRANSFER,40,2024-07-30,TRANSFER-6447
1306,1308,pärnu,OUT,-36,2024-02-26,ORD-41480
1307,1055,pärnu,IN,82,2024-08-17,PO-50080
1308,1180,tallinn,OUT,-43,2024-08-07,ORD-67631
1309,1303,ladu,ADJUSTMENT,-10,2024-06-19,ADJ-9335
1310,1063,tallinn,OUT,-7,2024-12-24,ORD-82526
1311,1344,ladu,IN,135,2024-06-24,PO-88267
1312,1127,pärnu,OUT,-6,2024-08-28,ORD-67077
1313,1173,ladu,ADJUSTMENT,-23,2024-05-20,ADJ-9968
1314,1275,ladu,OUT,-28,2024-05-18,ORD-18151
1315,1201,tartu,OUT,-27,2024-12-30,ORD-95877
1316,1082,pärnu,TRANSFER,-37,2024-11-11,TRANSFER-9770
1317,1163,ladu,IN,192,2024-12-31,PO-38206
1318,1002,pärnu,OUT,-28,2024-06-26,ORD-98973
1319,1302,tartu,ADJUSTMENT,11,2025-01-24,ADJ-1458
1320,1271,ladu,ADJUSTMENT,21,2024-08-30,ADJ-2879
1321,1344,pärnu,IN,198,2024-04-12,PO-36042
1322,1228,tartu,TRANSFER,30,2024-06-22,TRANSFER-2511
1323,1242,tallinn,OUT,-40,2024-01-14,ORD-47013
1324,1107,tartu,OUT,-6,2024-01-18,ORD-34237
1325,1198,pärnu,TRANSFER,-50,2024-07-30,TRANSFER-4523
1326,1112,tartu,ADJUSTMENT,-1,2024-08-19,ADJ-2551
1327,1274,ladu,OUT,-42,2024-06-20,ORD-41202
1328,1166,ladu,ADJUSTMENT,30,2024-08-18,ADJ-2760
1329,1273,tartu,IN,18,2025-01-03,PO-40814
1330,1179,ladu,OUT,-46,2024-03-07,ORD-88631
1331,1326,ladu,TRANSFER,19,2024-05-04,TRANSFER-6686
1332,1313,tallinn,OUT,-11,2024-08-03,ORD-24020
1333,1079,ladu,OUT,-8,2024-05-17,ORD-50689
1334,1099,pärnu,IN,160,2024-01-21,PO-60769
1335,1206,tartu,TRANSFER,-29,2024-02-08,TRANSFER-8548
1336,1097,ladu,ADJUSTMENT,26,2024-04-11,ADJ-9548
1337,1067,pärnu,OUT,-18,2024-01-10,ORD-58814
1338,1306,tartu,TRANSFER,-13,2024-08-07,TRANSFER-5916
1339,1161,ladu,OUT,-40,2025-02-25,ORD-29765
1340,1109,tartu,OUT,-37,2025-01-24,ORD-60223
1341,1025,tartu,IN,103,2024-10-26,PO-99092
1342,1334,ladu,OUT,-14,2024-05-11,ORD-93590
1343,1130,pärnu,OUT,-44,2024-03-20,ORD-75360
1344,1349,tallinn,IN,8,2024-05-05,PO-97811
1345,1125,tallinn,OUT,-45,2024-10-21,ORD-66267
1346,1307,tallinn,OUT,-15,2024-01-21,ORD-12596
1347,1291,pärnu,ADJUSTMENT,5,2024-02-11,ADJ-4347
1348,1206,ladu,IN,116,2025-02-01,PO-46021
1349,1305,pärnu,TRANSFER,55,2024-08-26,TRANSFER-3379
1350,1135,tartu,ADJUSTMENT,-29,2024-10-11,ADJ-6130
1351,1344,ladu,ADJUSTMENT,21,2025-02-28,ADJ-2082
1352,1242,ladu,OUT,-15,2025-01-09,ORD-96720
1353,1152,tartu,OUT,-47,2024-10-06,ORD-83973
1354,1111,tartu,TRANSFER,49,2024-12-26,TRANSFER-3170
1355,1084,tartu,OUT,-30,2024-04-27,ORD-36591
1356,1292,ladu,IN,10,2024-01-16,PO-26981
1357,1244,ladu,ADJUSTMENT,-15,2024-01-03,ADJ-5180
1358,1072,tallinn,IN,46,2024-12-24,PO-95214
1359,1009,ladu,IN,71,2024-08-11,PO-50929
1360,1186,ladu,ADJUSTMENT,5,2024-12-16,ADJ-1337
1361,1004,pärnu,IN,141,2024-06-02,PO-71761
1362,1138,tallinn,TRANSFER,-1,2024-01-05,TRANSFER-2153
1363,1338,tartu,IN,198,2024-12-06,PO-67710
1364,1302,tartu,IN,36,2024-05-07,PO-31047
1365,1309,pärnu,IN,135,2024-07-07,PO-61306
1366,1007,pärnu,OUT,-42,2024-01-27,ORD-39399
1367,1295,tallinn,IN,146,2024-12-25,PO-80095
1368,1197,pärnu,IN,8,2024-04-24,PO-72805
1369,1250,pärnu,IN,123,2025-01-01,PO-57031
1370,1219,pärnu,OUT,-25,2024-08-25,ORD-27205
1371,1350,pärnu,OUT,-50,2024-04-06,ORD-20565
1372,1019,tartu,OUT,-31,2025-01-01,ORD-78355
1373,1005,tartu,IN,73,2024-10-22,PO-46150
1374,1209,pärnu,ADJUSTMENT,-8,2024-06-16,ADJ-1006
1375,1199,pärnu,IN,157,2024-04-06,PO-59565
1376,1189,tallinn,IN,56,2024-11-22,PO-44259
1377,1292,tartu,IN,31,2024-01-15,PO-46650
1378,1003,pärnu,IN,157,2024-05-27,PO-34137
1379,1279,tallinn,TRANSFER,-54,2024-01-02,TRANSFER-7849
1380,1239,tartu,OUT,-8,2024-06-19,ORD-34001
1381,1126,tallinn,OUT,-29,2024-05-01,ORD-91062
1382,1217,pärnu,OUT,-43,2024-06-26,ORD-61925
1383,1321,pärnu,ADJUSTMENT,5,2025-01-12,ADJ-9695
1384,1043,tartu,OUT,-22,2024-05-07,ORD-88269
1385,1274,tartu,OUT,-34,2024-07-27,ORD-72924
1386,1141,pärnu,TRANSFER,-1,2025-01-17,TRANSFER-9607
1387,1134,tallinn,OUT,-24,2025-02-24,ORD-55089
1388,1060,pärnu,IN,163,2024-06-02,PO-83556
1389,1148,pärnu,OUT,-20,2025-01-24,ORD-40533
1390,1046,pärnu,OUT,-24,2024-12-31,ORD-56608
1391,1032,pärnu,OUT,-11,2024-06-29,ORD-31361
1392,1311,pärnu,IN,31,2024-12-08,PO-64111
1393,1167,ladu,IN,156,2025-02-09,PO-79548
1394,1023,ladu,IN,46,2025-01-20,PO-20432
1395,1129,tartu,IN,148,2025-01-28,PO-30330
1396,1224,pärnu,TRANSFER,-44,2024-09-14,TRANSFER-9114
1397,1027,pärnu,TRANSFER,19,2025-01-19,TRANSFER-1011
1398,1200,pärnu,IN,42,2024-10-16,PO-54087
1399,1070,tallinn,IN,13,2024-05-07,PO-52160
1400,1034,tartu,OUT,-37,2024-05-17,ORD-16997
1401,1315,ladu,IN,15,2024-03-15,PO-54869
1402,1049,ladu,IN,121,2024-02-24,PO-75477
1403,1053,tallinn,OUT,-9,2025-01-14,ORD-99066
1404,1137,tartu,IN,187,2024-09-21,PO-24048
1405,1109,tallinn,TRANSFER,61,2024-11-17,TRANSFER-1051
1406,1199,pärnu,OUT,-11,2024-02-10,ORD-76328
1407,1137,pärnu,IN,195,2024-10-09,PO-15985
1408,1339,ladu,OUT,-1,2024-09-27,ORD-56128
1409,1258,ladu,OUT,-50,2024-11-08,ORD-91108
1410,1350,ladu,ADJUSTMENT,5,2024-07-08,ADJ-5322
1411,1302,tartu,IN,196,2024-04-04,PO-76499
1412,1235,ladu,IN,14,2024-10-20,PO-64140
1413,1153,tallinn,TRANSFER,-24,2024-09-13,TRANSFER-5307
1414,1332,tallinn,OUT,-26,2025-01-12,ORD-22470
1415,1090,tallinn,ADJUSTMENT,9,2024-02-12,ADJ-5538
1416,1092,ladu,OUT,-12,2024-12-28,ORD-22751
1417,1095,ladu,ADJUSTMENT,26,2024-05-11,ADJ-2325
1418,1156,tartu,OUT,-50,2024-11-07,ORD-62164
1419,1045,ladu,IN,63,2024-03-30,PO-21333
1420,1062,tallinn,TRANSFER,-32,2024-07-14,TRANSFER-9552
1421,1076,ladu,OUT,-40,2024-09-30,ORD-31355
1422,1289,pärnu,TRANSFER,-16,2024-08-31,TRANSFER-2628
1423,1015,tartu,IN,45,2024-11-11,PO-65161
1424,1053,pärnu,IN,111,2024-11-02,PO-51879
1425,1197,pärnu,IN,175,2024-01-23,PO-76348
1426,1267,ladu,IN,39,2024-10-18,PO-20037
1427,1049,ladu,OUT,-47,2024-02-02,ORD-97446
1428,1277,pärnu,IN,78,2024-05-25,PO-61265
1429,1303,tartu,OUT,-19,2024-08-30,ORD-84124
1430,1217,ladu,IN,45,2024-02-18,PO-36805
1431,1101,tartu,ADJUSTMENT,4,2024-11-24,ADJ-2505
1432,1198,pärnu,IN,183,2024-12-21,PO-52085
1433,1274,ladu,ADJUSTMENT,-28,2025-01-02,ADJ-5247
1434,1157,pärnu,ADJUSTMENT,22,2025-01-19,ADJ-1349
1435,1310,tartu,OUT,-8,2024-12-11,ORD-72194
1436,1350,pärnu,OUT,-39,2024-12-06,ORD-69189
1437,1077,tartu,TRANSFER,25,2024-01-09,TRANSFER-9207
1438,1085,pärnu,IN,43,2024-11-04,PO-78981
1439,1311,tartu,OUT,-25,2024-05-18,ORD-94506
1440,1083,ladu,IN,101,2024-05-19,PO-56182
1441,1174,ladu,IN,20,2024-04-22,PO-69335
1442,1146,tartu,IN,183,2024-01-12,PO-26275
1443,1259,tallinn,OUT,-22,2024-11-14,ORD-36378
1444,1143,pärnu,OUT,-9,2024-12-13,ORD-32749
1445,1109,pärnu,IN,122,2025-01-04,PO-85022
1446,1197,tartu,TRANSFER,3,2024-08-16,TRANSFER-2918
1447,1288,tartu,TRANSFER,-68,2024-05-29,TRANSFER-1966
1448,1242,ladu,OUT,-23,2024-04-06,ORD-97242
1449,1345,tallinn,TRANSFER,11,2024-08-09,TRANSFER-5887
1450,1077,tallinn,IN,120,2025-02-28,PO-51511
1451,1018,tartu,OUT,-28,2025-02-26,ORD-84165
1452,1048,ladu,ADJUSTMENT,-10,2024-01-12,ADJ-7585
1453,1061,tallinn,OUT,-41,2024-06-10,ORD-49640
1454,1286,ladu,IN,80,2024-11-03,PO-81568
1455,1104,tartu,IN,79,2024-06-17,PO-91389
1456,1125,ladu,IN,52,2024-08-28,PO-79005
1457,1296,ladu,ADJUSTMENT,-27,2024-05-29,ADJ-8885
1458,1311,tartu,OUT,-33,2024-09-11,ORD-92191
1459,1204,tartu,OUT,-15,2024-03-15,ORD-13002
1460,1338,tallinn,ADJUSTMENT,23,2024-06-07,ADJ-9899
1461,1132,ladu,OUT,-40,2024-03-21,ORD-93271
1462,1007,tallinn,IN,137,2024-11-19,PO-44798
1463,1098,tartu,OUT,-7,2024-02-23,ORD-91978
1464,1170,pärnu,OUT,-26,2024-07-22,ORD-35012
1465,1348,tallinn,IN,67,2024-06-11,PO-76412
1466,1329,ladu,IN,134,2024-11-10,PO-31175
1467,1123,tallinn,OUT,-29,2024-01-21,ORD-99721
1468,1132,tartu,IN,120,2024-12-28,PO-89744
1469,1133,tartu,OUT,-14,2024-09-27,ORD-86485
1470,1071,tartu,IN,60,2024-12-15,PO-55203
1471,1117,tartu,ADJUSTMENT,7,2024-05-14,ADJ-2664
1472,1106,tartu,OUT,-49,2024-06-25,ORD-85352
1473,1316,ladu,IN,110,2024-02-17,PO-10800
1474,1088,pärnu,ADJUSTMENT,19,2024-05-14,ADJ-6117
1475,1175,pärnu,IN,25,2024-09-23,PO-93976
1476,1315,tartu,IN,28,2024-12-19,PO-63160
1477,1099,tallinn,IN,89,2024-10-25,PO-37691
1478,1064,tartu,OUT,-42,2024-12-31,ORD-59180
1479,1139,ladu,OUT,-13,2024-10-27,ORD-72282
1480,1219,ladu,IN,58,2024-03-16,PO-62419
1481,1211,tartu,OUT,-25,2024-08-19,ORD-71130
1482,1040,ladu,IN,146,2024-02-24,PO-68666
1483,1302,tallinn,OUT,-18,2024-03-04,ORD-63712
1484,1064,tartu,IN,167,2024-04-12,PO-70555
1485,1110,tartu,OUT,-13,2024-10-29,ORD-96504
1486,1087,pärnu,TRANSFER,-100,2024-02-08,TRANSFER-7905
1487,1008,tallinn,IN,72,2024-09-15,PO-47454
1488,1279,tallinn,IN,128,2025-01-23,PO-20278
1489,1201,ladu,OUT,-34,2024-04-14,ORD-12672
1490,1313,tallinn,OUT,-38,2024-07-01,ORD-21163
1491,1125,ladu,TRANSFER,5,2024-01-30,TRANSFER-4533
1492,1309,pärnu,IN,72,2024-02-20,PO-71226
1493,1097,ladu,TRANSFER,-11,2024-02-10,TRANSFER-5075
1494,1160,tallinn,IN,137,2024-12-06,PO-88791
1495,1241,ladu,IN,97,2024-05-16,PO-65157
1496,1159,pärnu,IN,21,2024-08-02,PO-33633
1497,1265,tallinn,OUT,-28,2024-10-15,ORD-61589
1498,1079,tartu,ADJUSTMENT,6,2025-01-09,ADJ-8071
1499,1077,ladu,OUT,-26,2024-02-18,ORD-53916
1500,1232,tartu,OUT,-13,2024-10-01,ORD-84394
1501,1258,pärnu,OUT,-16,2024-05-13,ORD-59801
1502,1085,ladu,IN,196,2024-01-17,PO-45597
1503,1095,tallinn,IN,189,2024-11-03,PO-30988
1504,1291,pärnu,TRANSFER,47,2025-02-26,TRANSFER-2178
1505,1152,tartu,IN,123,2024-08-22,PO-96041
1506,1341,pärnu,OUT,-30,2024-03-08,ORD-65401
1507,1020,ladu,IN,167,2024-06-09,PO-19110
1508,1007,tartu,OUT,-6,2024-06-02,ORD-61498
1509,1323,ladu,OUT,-29,2024-01-02,ORD-29490
1510,1333,pärnu,TRANSFER,86,2024-01-29,TRANSFER-3305
1511,1279,tartu,OUT,-1,2024-08-05,ORD-89222
1512,1188,ladu,OUT,-9,2024-12-19,ORD-47573
1513,1002,ladu,OUT,-2,2024-04-07,ORD-33070
1514,1135,pärnu,OUT,-25,2024-04-16,ORD-98435
1515,1161,ladu,ADJUSTMENT,-20,2024-12-03,ADJ-8865
1516,1004,tallinn,OUT,-16,2024-05-18,ORD-88080
1517,1066,tallinn,IN,91,2024-07-28,PO-64315
1518,1074,tallinn,IN,149,2024-08-25,PO-97736
1519,1239,tallinn,IN,193,2024-04-16,PO-67689
1520,1298,pärnu,IN,56,2024-01-27,PO-70825
1521,1337,ladu,OUT,-24,2024-08-24,ORD-73775
1522,1188,tartu,IN,124,2024-03-24,PO-76758
1523,1147,tartu,OUT,-42,2024-06-05,ORD-84459
1524,1188,tartu,ADJUSTMENT,-2,2025-01-24,ADJ-6881
1525,1034,pärnu,TRANSFER,-65,2024-12-12,TRANSFER-9507
1526,1289,tartu,OUT,-18,2024-12-02,ORD-55654
1527,1235,ladu,OUT,-1,2024-08-21,ORD-50120
1528,1048,tallinn,ADJUSTMENT,6,2024-04-21,ADJ-5405
1529,1067,ladu,TRANSFER,9,2024-04-08,TRANSFER-3783
1530,1276,tartu,ADJUSTMENT,-23,2025-02-14,ADJ-4838
1531,1157,ladu,OUT,-21,2024-04-16,ORD-97536
1532,1042,tallinn,OUT,-1,2024-10-21,ORD-53203
1533,1112,tartu,OUT,-25,2024-11-18,ORD-65295
1534,1083,tartu,ADJUSTMENT,-12,2024-02-06,ADJ-6238
1535,1062,tartu,IN,156,2024-09-08,PO-63409
1536,1003,ladu,IN,191,2024-03-08,PO-72202
1537,1331,ladu,IN,153,2024-02-02,PO-44764
1538,1098,tallinn,OUT,-48,2025-01-21,ORD-78154
1539,1240,ladu,OUT,-11,2024-07-09,ORD-81514
1540,1111,pärnu,OUT,-16,2024-04-07,ORD-67248
1541,1263,tallinn,OUT,-18,2025-01-27,ORD-57156
1542,1075,ladu,OUT,-11,2024-06-07,ORD-91211
1543,1340,tartu,OUT,-15,2024-07-25,ORD-79504
1544,1348,pärnu,IN,32,2024-10-17,PO-20496
1545,1135,pärnu,IN,86,2025-01-21,PO-71767
1546,1092,tallinn,IN,190,2024-10-22,PO-40454
1547,1178,ladu,OUT,-34,2024-10-15,ORD-35050
1548,1246,tartu,OUT,-1,2024-06-13,ORD-80302
1549,1188,ladu,TRANSFER,-33,2025-01-30,TRANSFER-8376
1550,1173,ladu,IN,179,2024-12-31,PO-64548
1551,1083,tartu,OUT,-8,2024-05-03,ORD-45927
1552,1250,pärnu,IN,33,2024-06-11,PO-18124
1553,1055,pärnu,IN,111,2024-01-07,PO-54789
1554,1326,pärnu,IN,61,2024-10-04,PO-95071
1555,1248,tartu,OUT,-25,2024-10-21,ORD-57311
1556,1044,tartu,IN,144,2024-11-13,PO-67572
1557,1255,tallinn,OUT,-6,2024-05-07,ORD-83572
1558,1012,tallinn,IN,97,2024-12-24,PO-47275
1559,1189,pärnu,OUT,-10,2025-01-24,ORD-46960
1560,1211,pärnu,OUT,-38,2025-01-25,ORD-48053
1561,1178,tartu,TRANSFER,-70,2025-02-26,TRANSFER-8379
1562,1258,tartu,IN,96,2024-02-10,PO-90399
1563,1195,tartu,ADJUSTMENT,4,2024-06-01,ADJ-6234
1564,1328,pärnu,OUT,-23,2025-01-15,ORD-40285
1565,1209,pärnu,TRANSFER,-48,2024-07-22,TRANSFER-1838
1566,1145,tallinn,IN,74,2024-01-11,PO-55320
1567,1184,pärnu,IN,179,2024-02-21,PO-81121
1568,1140,tallinn,IN,171,2024-07-30,PO-25265
1569,1105,pärnu,IN,17,2024-03-01,PO-48182
1570,1187,pärnu,OUT,-44,2025-02-10,ORD-38338
1571,1052,tallinn,IN,192,2024-10-10,PO-95524
1572,1321,pärnu,IN,102,2025-01-03,PO-46741
1573,1077,tallinn,OUT,-11,2024-07-03,ORD-11787
1574,1099,tallinn,IN,38,2024-06-16,PO-72414
1575,1329,pärnu,IN,176,2024-11-30,PO-89186
1576,1252,ladu,ADJUSTMENT,27,2024-08-24,ADJ-9666
1577,1230,ladu,IN,35,2024-11-15,PO-16762
1578,1212,tallinn,TRANSFER,10,2024-10-17,TRANSFER-4987
1579,1055,ladu,IN,158,2024-11-14,PO-61935
1580,1004,tallinn,OUT,-23,2025-02-22,ORD-54832
1581,1213,tartu,IN,79,2024-06-04,PO-50852
1582,1031,tartu,IN,87,2024-11-22,PO-98309
1583,1313,tallinn,IN,101,2024-06-28,PO-34787
1584,1278,tallinn,TRANSFER,33,2024-10-23,TRANSFER-2910
1585,1142,tallinn,OUT,-33,2024-05-16,ORD-54873
1586,1098,tallinn,OUT,-38,2024-02-03,ORD-59164
1587,1194,tallinn,TRANSFER,-1,2024-04-21,TRANSFER-5291
1588,1323,ladu,ADJUSTMENT,-8,2024-12-25,ADJ-6275
1589,1204,tallinn,TRANSFER,-24,2024-09-18,TRANSFER-6072
1590,1208,ladu,OUT,-12,2025-01-07,ORD-15647
1591,1020,tallinn,ADJUSTMENT,-22,2024-10-29,ADJ-4061
1592,1133,tallinn,OUT,-31,2024-01-05,ORD-29269
1593,1203,tallinn,OUT,-24,2024-04-27,ORD-26249
1594,1022,tallinn,IN,13,2024-12-20,PO-28777
1595,1207,tartu,OUT,-44,2024-02-13,ORD-33607
1596,1254,tallinn,OUT,-32,2025-01-01,ORD-16593
1597,1297,tartu,IN,26,2024-12-20,PO-52579
1598,1261,pärnu,IN,25,2024-07-24,PO-50696
1599,1188,pärnu,OUT,-42,2024-02-02,ORD-90341
1600,1307,tartu,ADJUSTMENT,-11,2024-08-16,ADJ-7719
1601,1079,tartu,OUT,-4,2024-08-19,ORD-21251
1602,1017,pärnu,OUT,-47,2024-07-28,ORD-66206
1603,1265,pärnu,OUT,-46,2024-01-25,ORD-98347
1604,1163,ladu,OUT,-30,2024-04-23,ORD-47911
1605,1144,pärnu,OUT,-35,2025-02-21,ORD-64449
1606,1304,tartu,IN,94,2024-11-07,PO-40198
1607,1173,tartu,TRANSFER,33,2024-11-08,TRANSFER-2651
1608,1253,tartu,IN,128,2024-06-10,PO-52704
1609,1347,pärnu,IN,78,2024-05-20,PO-64558
1610,1071,tartu,IN,83,2025-01-15,PO-18613
1611,1079,pärnu,IN,152,2024-04-20,PO-51703
1612,1166,tartu,TRANSFER,51,2025-02-26,TRANSFER-8404
1613,1071,ladu,IN,176,2024-11-17,PO-90512
1614,1064,tallinn,IN,165,2024-08-30,PO-40668
1615,1285,pärnu,OUT,-23,2024-10-14,ORD-63047
1616,1196,pärnu,OUT,-21,2024-09-30,ORD-23129
1617,1251,ladu,TRANSFER,28,2025-02-26,TRANSFER-8796
1618,1280,pärnu,IN,42,2024-03-15,PO-72281
1619,1141,tallinn,OUT,-14,2024-12-11,ORD-72737
1620,1230,pärnu,IN,164,2024-02-10,PO-15331
1621,1293,tartu,TRANSFER,38,2024-07-01,TRANSFER-6650
1622,1269,pärnu,IN,122,2024-03-20,PO-17330
1623,1158,ladu,IN,43,2024-10-10,PO-47723
1624,1307,pärnu,ADJUSTMENT,-28,2025-01-29,ADJ-4983
1625,1017,pärnu,OUT,-44,2024-07-02,ORD-11478
1626,1025,ladu,OUT,-48,2024-01-19,ORD-23055
1627,1344,tartu,IN,114,2024-12-20,PO-39560
1628,1075,ladu,IN,130,2024-06-23,PO-22929
1629,1083,tartu,IN,125,2024-03-08,PO-43321
1630,1062,pärnu,ADJUSTMENT,-22,2024-10-09,ADJ-1130
1631,1185,tartu,OUT,-21,2024-06-18,ORD-77591
1632,1074,tallinn,ADJUSTMENT,-24,2024-09-21,ADJ-1061
1633,1036,ladu,IN,192,2024-11-07,PO-69916
1634,1266,tartu,OUT,-27,2024-04-01,ORD-66492
1635,1030,ladu,OUT,-34,2024-01-17,ORD-39593
1636,1314,tartu,OUT,-16,2025-02-21,ORD-87193
1637,1318,pärnu,IN,22,2024-10-24,PO-87992
1638,1218,tartu,OUT,-43,2024-06-01,ORD-60860
1639,1306,pärnu,ADJUSTMENT,-22,2024-07-11,ADJ-1796
1640,1116,tartu,ADJUSTMENT,3,2024-03-04,ADJ-2169
1641,1017,pärnu,ADJUSTMENT,23,2024-04-16,ADJ-9904
1642,1172,pärnu,OUT,-37,2024-01-07,ORD-98597
1643,1216,pärnu,OUT,-14,2024-12-17,ORD-96042
1644,1135,pärnu,OUT,-4,2024-07-07,ORD-86198
1645,1089,ladu,ADJUSTMENT,-27,2024-04-09,ADJ-1547
1646,1167,tallinn,IN,183,2024-03-27,PO-40562
1647,1048,tartu,ADJUSTMENT,5,2024-12-09,ADJ-3964
1648,1337,ladu,OUT,-39,2024-05-04,ORD-71820
1649,1119,tallinn,OUT,-8,2024-08-24,ORD-33757
1650,1247,tartu,OUT,-19,2024-11-22,ORD-84984
1651,1270,ladu,OUT,-35,2024-06-21,ORD-44772
1652,1263,tallinn,OUT,-31,2024-06-29,ORD-91999
1653,1008,ladu,OUT,-50,2024-11-22,ORD-46740
1654,1128,tartu,TRANSFER,55,2024-02-17,TRANSFER-2583
1655,1257,tallinn,OUT,-13,2024-09-20,ORD-41700
1656,1318,tartu,IN,29,2025-02-03,PO-83071
1657,1036,tallinn,IN,170,2024-02-27,PO-14241
1658,1066,pärnu,OUT,-16,2024-02-22,ORD-63303
1659,1251,pärnu,IN,174,2024-11-06,PO-63283
1660,1134,tartu,OUT,-2,2024-11-03,ORD-73788
1661,1192,ladu,IN,84,2024-12-30,PO-51653
1662,1218,ladu,IN,74,2024-01-16,PO-45281
1663,1232,tallinn,ADJUSTMENT,-5,2024-12-15,ADJ-3338
1664,1060,ladu,IN,141,2024-09-25,PO-88920
1665,1306,ladu,OUT,-47,2024-05-12,ORD-16140
1666,1238,tartu,TRANSFER,24,2025-02-23,TRANSFER-5364
1667,1135,tartu,OUT,-38,2025-01-23,ORD-16459
1668,1019,tallinn,OUT,-20,2024-09-28,ORD-78720
1669,1112,tartu,IN,163,2024-06-20,PO-39660
1670,1100,tallinn,OUT,-23,2024-03-05,ORD-84727
1671,1137,tartu,TRANSFER,37,2024-08-19,TRANSFER-4824
1672,1334,ladu,ADJUSTMENT,-1,2024-12-18,ADJ-1786
1673,1130,tallinn,OUT,-11,2024-12-27,ORD-45090
1674,1020,tartu,TRANSFER,-73,2024-07-11,TRANSFER-9681
1675,1195,tartu,OUT,-43,2024-07-09,ORD-49951
1676,1079,ladu,ADJUSTMENT,-8,2024-12-29,ADJ-7511
1677,1025,pärnu,IN,147,2024-10-14,PO-80921
1678,1275,tallinn,OUT,-19,2024-02-06,ORD-17031
1679,1286,tallinn,ADJUSTMENT,22,2024-04-10,ADJ-2723
1680,1123,tallinn,OUT,-16,2024-08-27,ORD-91597
1681,1229,tartu,OUT,-46,2025-02-05,ORD-20763
1682,1208,tallinn,IN,178,2024-10-07,PO-33721
1683,1069,tartu,OUT,-26,2024-12-29,ORD-53888
1684,1230,ladu,IN,7,2024-01-23,PO-90636
1685,1026,tartu,TRANSFER,-55,2024-12-14,TRANSFER-3612
1686,1240,tallinn,OUT,-17,2025-01-12,ORD-54470
1687,1183,ladu,IN,64,2024-04-10,PO-89188
1688,1340,tallinn,OUT,-26,2025-02-13,ORD-98894
1689,1203,tartu,IN,22,2024-06-10,PO-51392
1690,1033,pärnu,IN,107,2024-11-16,PO-25041
1691,1038,ladu,OUT,-44,2024-07-29,ORD-74607
1692,1177,tartu,ADJUSTMENT,25,2024-09-30,ADJ-3335
1693,1094,pärnu,IN,112,2024-01-22,PO-77792
1694,1127,pärnu,TRANSFER,-81,2024-07-07,TRANSFER-3385
1695,1258,pärnu,TRANSFER,49,2025-02-12,TRANSFER-5075
1696,1119,pärnu,OUT,-14,2024-03-24,ORD-84071
1697,1258,ladu,OUT,-15,2024-04-22,ORD-26686
1698,1106,ladu,OUT,-48,2024-02-06,ORD-85154
1699,1181,pärnu,OUT,-8,2024-02-07,ORD-19664
1700,1050,tallinn,OUT,-34,2024-01-15,ORD-52875
1701,1244,tartu,OUT,-44,2025-01-18,ORD-80212
1702,1342,pärnu,ADJUSTMENT,-27,2024-03-13,ADJ-5020
1703,1002,pärnu,ADJUSTMENT,-23,2024-03-26,ADJ-9849
1704,1195,tallinn,IN,106,2024-09-14,PO-59558
1705,1286,tartu,IN,153,2024-03-31,PO-50752
1706,1089,tartu,OUT,-15,2024-09-24,ORD-97857
1707,1090,ladu,TRANSFER,94,2024-04-16,TRANSFER-1302
1708,1309,tartu,OUT,-12,2024-05-19,ORD-81259
1709,1165,tartu,IN,72,2024-09-24,PO-84188
1710,1111,pärnu,OUT,-47,2024-02-21,ORD-16244
1711,1117,tallinn,TRANSFER,41,2024-08-30,TRANSFER-6823
1712,1104,ladu,OUT,-24,2024-09-20,ORD-25183
1713,1177,pärnu,OUT,-31,2024-05-18,ORD-89067
1714,1060,tallinn,ADJUSTMENT,-9,2024-08-24,ADJ-3874
1715,1162,pärnu,TRANSFER,1,2024-03-14,TRANSFER-6042
1716,1028,tallinn,IN,128,2024-02-06,PO-95271
1717,1332,tartu,TRANSFER,31,2024-06-09,TRANSFER-8832
1718,1272,tartu,IN,185,2025-02-20,PO-32687
1719,1022,tartu,IN,196,2024-03-11,PO-66235
1720,1082,tartu,OUT,-10,2024-11-05,ORD-75671
1721,1327,pärnu,OUT,-22,2024-03-25,ORD-10769
1722,1200,tartu,IN,109,2024-06-11,PO-87196
1723,1185,ladu,TRANSFER,27,2024-05-05,TRANSFER-1783
1724,1243,pärnu,TRANSFER,91,2024-05-26,TRANSFER-8052
1725,1234,tartu,OUT,-42,2024-12-25,ORD-47578
1726,1167,tartu,TRANSFER,98,2025-01-11,TRANSFER-4070
1727,1181,tallinn,IN,111,2024-03-09,PO-12894
1728,1110,pärnu,IN,124,2024-06-28,PO-27502
1729,1053,tartu,IN,148,2024-05-20,PO-64311
1730,1110,tartu,OUT,-31,2024-10-02,ORD-86933
1731,1296,pärnu,IN,72,2024-10-01,PO-29112
1732,1154,pärnu,OUT,-10,2024-06-07,ORD-49973
1733,1031,pärnu,TRANSFER,78,2024-08-13,TRANSFER-1678
1734,1041,ladu,IN,14,2024-06-03,PO-89833
1735,1019,tallinn,OUT,-14,2024-01-19,ORD-32156
1736,1203,pärnu,OUT,-7,2024-08-31,ORD-20774
1737,1091,tartu,ADJUSTMENT,-5,2024-11-30,ADJ-5790
1738,1327,tartu,IN,59,2024-10-11,PO-34410
1739,1291,pärnu,OUT,-48,2024-06-22,ORD-44787
1740,1325,tartu,TRANSFER,1,2024-10-11,TRANSFER-1209
1741,1032,pärnu,ADJUSTMENT,18,2024-04-22,ADJ-7238
1742,1245,pärnu,OUT,-39,2024-08-14,ORD-17468
1743,1337,ladu,TRANSFER,-15,2025-02-27,TRANSFER-6833
1744,1065,pärnu,IN,72,2024-12-14,PO-56198
1745,1183,ladu,TRANSFER,23,2024-09-15,TRANSFER-3423
1746,1088,ladu,IN,199,2024-12-04,PO-15689
1747,1140,tartu,OUT,-40,2024-05-18,ORD-24060
1748,1243,pärnu,IN,10,2024-01-16,PO-79177
1749,1294,tallinn,ADJUSTMENT,-18,2024-09-30,ADJ-7603
1750,1288,pärnu,TRANSFER,77,2024-05-01,TRANSFER-1451
1751,1227,tartu,IN,36,2024-03-20,PO-11149
1752,1073,tallinn,IN,197,2025-02-26,PO-39191
1753,1133,pärnu,ADJUSTMENT,-23,2024-06-17,ADJ-4986
1754,1118,ladu,OUT,-12,2025-01-12,ORD-97021
1755,1197,pärnu,OUT,-48,2024-07-30,ORD-15821
1756,1269,ladu,OUT,-13,2024-05-03,ORD-45869
1757,1170,tallinn,IN,96,2024-10-19,PO-85072
1758,1189,tallinn,IN,137,2025-01-12,PO-86239
1759,1315,tartu,ADJUSTMENT,1,2024-03-26,ADJ-9408
1760,1150,tartu,OUT,-30,2024-03-11,ORD-57401
1761,1283,pärnu,OUT,-26,2024-04-16,ORD-15537
1762,1140,ladu,OUT,-33,2024-10-04,ORD-84063
1763,1041,ladu,IN,110,2024-06-24,PO-76496
1764,1267,pärnu,IN,139,2024-12-24,PO-43907
1765,1327,tallinn,OUT,-37,2024-10-12,ORD-84148
1766,1313,tartu,OUT,-35,2024-11-25,ORD-31122
1767,1169,tallinn,OUT,-30,2024-01-18,ORD-28581
1768,1154,tallinn,OUT,-1,2024-04-08,ORD-63100
1769,1206,ladu,OUT,-13,2024-10-29,ORD-15244
1770,1241,ladu,OUT,-18,2024-06-25,ORD-15874
1771,1109,ladu,TRANSFER,-42,2024-02-11,TRANSFER-3631
1772,1164,tartu,IN,57,2024-11-25,PO-19214
1773,1208,tallinn,IN,143,2024-07-31,PO-62256
1774,1335,ladu,OUT,-1,2024-01-01,ORD-40486
1775,1192,pärnu,OUT,-1,2025-02-13,ORD-40350
1776,1256,pärnu,TRANSFER,48,2024-01-23,TRANSFER-8594
1777,1242,tallinn,TRANSFER,-86,2024-03-04,TRANSFER-2697
1778,1329,tallinn,OUT,-27,2024-02-23,ORD-45893
1779,1192,ladu,IN,32,2024-04-04,PO-42614
1780,1103,pärnu,IN,164,2024-02-29,PO-10551
1781,1289,tartu,IN,178,2024-12-10,PO-98201
1782,1087,tallinn,IN,88,2024-08-05,PO-15233
1783,1287,tartu,OUT,-1,2025-01-18,ORD-46357
1784,1055,ladu,OUT,-11,2025-01-01,ORD-44487
1785,1136,tallinn,TRANSFER,-26,2025-02-11,TRANSFER-1997
1786,1004,tallinn,IN,101,2024-05-06,PO-44147
1787,1160,pärnu,OUT,-6,2024-12-17,ORD-37989
1788,1337,tallinn,OUT,-7,2024-07-14,ORD-96672
1789,1044,pärnu,TRANSFER,-75,2024-02-28,TRANSFER-2365
1790,1217,pärnu,OUT,-9,2024-07-12,ORD-14824
1791,1311,ladu,OUT,-29,2024-02-16,ORD-80889
1792,1302,ladu,IN,47,2024-04-30,PO-54651
1793,1106,ladu,IN,192,2024-02-16,PO-55298
1794,1114,tartu,OUT,-5,2024-01-23,ORD-34205
1795,1307,tallinn,IN,62,2025-01-01,PO-91039
1796,1034,tallinn,IN,113,2024-05-02,PO-47141
1797,1080,tartu,IN,110,2024-10-01,PO-55110
1798,1011,tallinn,IN,38,2024-06-20,PO-70856
1799,1306,tallinn,OUT,-34,2024-12-10,ORD-67159
1800,1091,ladu,IN,182,2024-02-01,PO-14659
1801,1152,pärnu,OUT,-7,2024-06-22,ORD-86596
1802,1157,pärnu,OUT,-15,2024-11-07,ORD-53210
1803,1270,tallinn,OUT,-20,2024-07-08,ORD-24015
1804,1086,pärnu,IN,198,2024-05-16,PO-97543
1805,1091,tallinn,OUT,-30,2025-01-04,ORD-74914
1806,1014,pärnu,OUT,-12,2024-02-22,ORD-33029
1807,1054,tartu,OUT,-32,2024-01-11,ORD-56566
1808,1295,ladu,IN,53,2024-08-30,PO-91095
1809,1263,ladu,ADJUSTMENT,23,2024-01-14,ADJ-1940
1810,1321,tallinn,ADJUSTMENT,21,2024-05-06,ADJ-8041
1811,1230,pärnu,ADJUSTMENT,27,2024-01-21,ADJ-6373
1812,1281,pärnu,IN,96,2024-11-09,PO-85014
1813,1153,tallinn,IN,194,2024-11-09,PO-28036
1814,1014,ladu,ADJUSTMENT,-17,2024-05-15,ADJ-5610
1815,1115,pärnu,OUT,-34,2024-02-20,ORD-23640
1816,1020,ladu,TRANSFER,8,2025-02-01,TRANSFER-9006
1817,1019,tallinn,TRANSFER,47,2024-04-22,TRANSFER-6854
1818,1001,tartu,IN,68,2024-09-02,PO-38447
1819,1179,tallinn,OUT,-27,2024-01-05,ORD-78643
1820,1155,tartu,IN,161,2024-07-03,PO-64991
1821,1061,pärnu,IN,125,2024-10-17,PO-28434
1822,1252,pärnu,ADJUSTMENT,-27,2024-10-28,ADJ-7285
1823,1319,tallinn,IN,130,2024-09-05,PO-11372
1824,1250,tartu,IN,191,2024-03-23,PO-90195
1825,1268,tartu,IN,95,2024-05-01,PO-40060
1826,1206,ladu,IN,84,2025-01-13,PO-71146
1827,1188,tartu,OUT,-10,2024-12-18,ORD-75457
1828,1159,tallinn,OUT,-10,2024-01-09,ORD-30822
1829,1192,tartu,OUT,-13,2024-02-03,ORD-61707
1830,1132,tallinn,OUT,-25,2025-01-19,ORD-97571
1831,1289,tallinn,OUT,-22,2024-07-07,ORD-12235
1832,1126,ladu,OUT,-47,2024-03-20,ORD-65713
1833,1212,tartu,OUT,-27,2024-01-09,ORD-86980
1834,1269,pärnu,OUT,-3,2025-02-05,ORD-55324
1835,1011,tartu,OUT,-16,2024-01-26,ORD-39166
1836,1215,tartu,ADJUSTMENT,-8,2024-10-31,ADJ-7806
1837,1034,tartu,OUT,-19,2024-03-04,ORD-60941
1838,1092,tartu,IN,13,2024-10-04,PO-85292
1839,1121,ladu,OUT,-44,2025-02-28,ORD-71938
1840,1329,tartu,IN,195,2024-06-11,PO-16308
1841,1279,pärnu,IN,6,2024-05-21,PO-41866
1842,1091,ladu,IN,79,2024-08-21,PO-17418
1843,1214,tallinn,OUT,-29,2024-09-29,ORD-42353
1844,1072,tartu,OUT,-23,2024-01-05,ORD-30665
1845,1090,tallinn,TRANSFER,-20,2024-06-09,TRANSFER-4450
1846,1151,tallinn,TRANSFER,-14,2024-12-04,TRANSFER-6455
1847,1174,tallinn,OUT,-9,2024-03-27,ORD-22777
1848,1010,ladu,IN,178,2024-10-02,PO-68168
1849,1153,tartu,ADJUSTMENT,30,2024-07-05,ADJ-8922
1850,1258,pärnu,IN,145,2024-08-19,PO-46016
1851,1110,pärnu,IN,81,2024-03-11,PO-51110
1852,1214,pärnu,IN,73,2024-03-02,PO-27677
1853,1280,ladu,IN,10,2025-01-27,PO-30220
1854,1306,tartu,ADJUSTMENT,-24,2024-06-24,ADJ-6673
1855,1104,tallinn,IN,121,2024-03-05,PO-93571
1856,1073,tartu,ADJUSTMENT,-27,2024-06-08,ADJ-3976
1857,1013,ladu,IN,77,2024-06-06,PO-49881
1858,1341,tartu,IN,34,2024-01-21,PO-58019
1859,1198,pärnu,ADJUSTMENT,-29,2024-03-09,ADJ-1427
1860,1001,tallinn,IN,6,2024-01-19,PO-22139
1861,1263,tallinn,OUT,-18,2024-11-06,ORD-85293
1862,1296,tartu,OUT,-1,2024-05-30,ORD-22562
1863,1061,ladu,OUT,-40,2024-05-12,ORD-70608
1864,1228,pärnu,OUT,-49,2024-12-09,ORD-49605
1865,1070,tartu,TRANSFER,16,2024-06-03,TRANSFER-4202
1866,1129,pärnu,TRANSFER,63,2024-01-19,TRANSFER-9628
1867,1041,tartu,IN,148,2024-02-04,PO-21923
1868,1201,ladu,TRANSFER,-22,2024-01-10,TRANSFER-4992
1869,1219,ladu,IN,9,2024-09-30,PO-23413
1870,1315,tallinn,IN,68,2024-09-02,PO-91851
1871,1145,ladu,OUT,-13,2025-02-04,ORD-56007
1872,1142,tallinn,OUT,-1,2024-11-24,ORD-68564
1873,1146,pärnu,IN,176,2024-12-30,PO-14079
1874,1274,tartu,ADJUSTMENT,2,2024-11-07,ADJ-8428
1875,1003,pärnu,OUT,-19,2024-03-21,ORD-65418
1876,1178,tallinn,IN,115,2024-08-16,PO-84362
1877,1077,ladu,OUT,-28,2024-09-25,ORD-83604
1878,1212,ladu,TRANSFER,95,2025-02-17,TRANSFER-5505
1879,1279,pärnu,TRANSFER,-35,2024-01-01,TRANSFER-6324
1880,1253,ladu,OUT,-15,2024-07-21,ORD-25875
1881,1145,tallinn,OUT,-36,2025-02-13,ORD-59305
1882,1196,ladu,IN,120,2024-05-24,PO-22917
1883,1345,tartu,TRANSFER,-100,2024-09-04,TRANSFER-6476
1884,1094,pärnu,TRANSFER,23,2024-02-27,TRANSFER-6423
1885,1310,ladu,IN,30,2024-04-09,PO-26582
1886,1121,tartu,ADJUSTMENT,17,2024-04-09,ADJ-4795
1887,1191,ladu,OUT,-32,2024-11-22,ORD-45454
1888,1298,pärnu,TRANSFER,-38,2024-12-05,TRANSFER-2545
1889,1094,pärnu,OUT,-11,2025-01-07,ORD-75968
1890,1157,tallinn,OUT,-27,2024-04-05,ORD-87611
1891,1305,pärnu,OUT,-40,2024-02-08,ORD-28957
1892,1062,tallinn,IN,185,2024-11-19,PO-29548
1893,1225,tallinn,OUT,-19,2025-01-23,ORD-27774
1894,1041,tallinn,OUT,-48,2024-03-16,ORD-60324
1895,1125,ladu,OUT,-38,2024-08-22,ORD-51270
1896,1158,tartu,TRANSFER,-66,2024-06-22,TRANSFER-9017
1897,1236,tallinn,OUT,-10,2025-01-22,ORD-92593
1898,1209,ladu,OUT,-12,2024-10-07,ORD-50850
1899,1212,tartu,OUT,-22,2024-04-06,ORD-76972
1900,1115,pärnu,ADJUSTMENT,-30,2024-08-07,ADJ-6663
1901,1316,tallinn,OUT,-45,2024-03-01,ORD-99570
1902,1134,pärnu,ADJUSTMENT,-18,2024-02-05,ADJ-4116
1903,1324,tartu,IN,152,2025-02-22,PO-66295
1904,1320,pärnu,OUT,-16,2024-08-27,ORD-66900
1905,1096,tartu,TRANSFER,-38,2024-04-19,TRANSFER-5573
1906,1140,ladu,IN,172,2024-01-05,PO-20554
1907,1053,ladu,IN,170,2025-02-14,PO-17641
1908,1031,tallinn,TRANSFER,-48,2024-01-10,TRANSFER-4946
1909,1056,ladu,IN,106,2024-08-06,PO-62870
1910,1034,tartu,OUT,-3,2024-04-22,ORD-30476
1911,1162,pärnu,TRANSFER,-1,2025-02-17,TRANSFER-8017
1912,1170,pärnu,IN,196,2025-02-20,PO-56653
1913,1174,ladu,IN,47,2024-03-12,PO-75898
1914,1225,tartu,OUT,-39,2024-07-17,ORD-58840
1915,1062,tallinn,IN,149,2025-02-19,PO-58103
1916,1229,ladu,TRANSFER,53,2024-05-23,TRANSFER-7852
1917,1100,pärnu,OUT,-15,2024-04-29,ORD-21899
1918,1195,pärnu,IN,152,2025-02-21,PO-76741
1919,1102,tallinn,ADJUSTMENT,21,2024-08-27,ADJ-7632
1920,1293,tallinn,OUT,-35,2024-07-08,ORD-61141
1921,1301,tartu,ADJUSTMENT,-19,2024-07-24,ADJ-5255
1922,1244,tallinn,IN,111,2024-11-16,PO-73213
1923,1256,pärnu,ADJUSTMENT,-3,2024-11-28,ADJ-7409
1924,1027,tartu,IN,199,2024-07-10,PO-93830
1925,1174,ladu,ADJUSTMENT,-8,2024-12-18,ADJ-7087
1926,1321,pärnu,ADJUSTMENT,-11,2025-01-06,ADJ-5349
1927,1200,pärnu,IN,49,2024-09-25,PO-95411
1928,1142,tartu,IN,186,2024-05-22,PO-25637
1929,1246,tartu,OUT,-33,2024-09-12,ORD-43942
1930,1145,tallinn,IN,73,2024-05-26,PO-65857
1931,1324,tartu,IN,21,2024-01-01,PO-75367
1932,1056,pärnu,TRANSFER,19,2024-03-17,TRANSFER-4811
1933,1039,pärnu,IN,24,2024-12-10,PO-49566
1934,1257,tallinn,TRANSFER,3,2024-02-01,TRANSFER-7202
1935,1338,pärnu,OUT,-45,2025-02-20,ORD-50894
1936,1228,tartu,IN,194,2025-01-24,PO-19862
1937,1278,pärnu,OUT,-35,2024-01-19,ORD-72213
1938,1179,tallinn,IN,7,2025-02-11,PO-13894
1939,1274,pärnu,OUT,-18,2024-04-27,ORD-87439
1940,1290,tartu,IN,59,2024-01-06,PO-36740
1941,1195,ladu,OUT,-25,2024-06-23,ORD-97036
1942,1140,tallinn,ADJUSTMENT,29,2024-01-03,ADJ-2974
1943,1170,ladu,OUT,-18,2024-03-30,ORD-29659
1944,1253,pärnu,IN,56,2024-03-21,PO-87514
1945,1006,pärnu,IN,195,2024-08-31,PO-96932
1946,1117,ladu,TRANSFER,41,2024-07-02,TRANSFER-3446
1947,1003,ladu,OUT,-10,2024-03-06,ORD-24607
1948,1117,tartu,TRANSFER,-98,2024-09-28,TRANSFER-2019
1949,1072,pärnu,OUT,-2,2024-01-19,ORD-83163
1950,1331,pärnu,TRANSFER,74,2024-03-29,TRANSFER-8907
1951,1305,tallinn,OUT,-15,2024-12-18,ORD-95826
1952,1014,tartu,IN,64,2024-07-22,PO-62320
1953,1326,pärnu,OUT,-22,2024-11-29,ORD-88559
1954,1042,ladu,TRANSFER,-82,2024-04-26,TRANSFER-1509
1955,1004,ladu,OUT,-3,2024-05-15,ORD-36822
1956,1200,ladu,OUT,-26,2025-02-12,ORD-98065
1957,1161,pärnu,OUT,-29,2024-03-01,ORD-67231
1958,1227,tallinn,OUT,-1,2024-03-12,ORD-32624
1959,1317,tallinn,ADJUSTMENT,-11,2024-05-30,ADJ-4436
1960,1281,pärnu,OUT,-1,2024-07-01,ORD-93677
1961,1105,tallinn,TRANSFER,-51,2025-01-19,TRANSFER-9660
1962,1010,tartu,ADJUSTMENT,29,2024-01-03,ADJ-1482
1963,1226,tallinn,IN,105,2024-09-27,PO-48432
1964,1124,pärnu,IN,186,2025-01-19,PO-36199
1965,1191,tallinn,IN,87,2024-01-15,PO-82344
1966,1166,pärnu,OUT,-30,2024-04-08,ORD-80840
1967,1123,ladu,IN,150,2024-02-01,PO-31972
1968,1218,tallinn,OUT,-4,2025-01-01,ORD-16999
1969,1048,tallinn,TRANSFER,61,2024-04-11,TRANSFER-3987
1970,1060,tartu,ADJUSTMENT,19,2024-02-06,ADJ-1609
1971,1143,ladu,IN,70,2024-03-16,PO-65954
1972,1264,pärnu,OUT,-1,2024-11-14,ORD-38709
1973,1174,tallinn,IN,67,2024-04-16,PO-93389
1974,1329,ladu,IN,14,2024-04-29,PO-56987
1975,1237,ladu,TRANSFER,-35,2024-05-14,TRANSFER-2371
1976,1122,ladu,ADJUSTMENT,-14,2024-08-02,ADJ-4255
1977,1092,pärnu,IN,173,2024-09-14,PO-77541
1978,1290,ladu,ADJUSTMENT,19,2024-12-05,ADJ-1182
1979,1207,tartu,IN,182,2024-02-04,PO-91977
1980,1322,tartu,IN,160,2024-04-17,PO-31122
1981,1155,ladu,OUT,-45,2025-01-30,ORD-98296
1982,1204,ladu,IN,171,2024-04-11,PO-89172
1983,1170,ladu,OUT,-5,2024-12-17,ORD-13860
1984,1075,pärnu,OUT,-7,2025-01-01,ORD-16257
1985,1096,ladu,ADJUSTMENT,-11,2024-12-24,ADJ-4633
1986,1264,ladu,IN,152,2025-02-19,PO-35457
1987,1056,ladu,IN,17,2024-02-01,PO-11532
1988,1238,tartu,OUT,-17,2024-03-19,ORD-10612
1989,1079,ladu,OUT,-27,2024-11-21,ORD-63483
1990,1005,tallinn,TRANSFER,48,2024-03-01,TRANSFER-6072
1991,1246,ladu,OUT,-7,2024-04-21,ORD-30755
1992,1088,pärnu,OUT,-18,2024-10-26,ORD-95087
1993,1175,tallinn,OUT,-5,2024-04-01,ORD-89945
1994,1204,ladu,IN,17,2024-04-10,PO-91069
1995,1115,ladu,OUT,-17,2024-09-15,ORD-13530
1996,1284,pärnu,ADJUSTMENT,1,2024-07-28,ADJ-1854
1997,1098,tartu,ADJUSTMENT,-7,2024-06-22,ADJ-1434
1998,1237,pärnu,IN,151,2024-01-08,PO-61466
1999,1327,tallinn,IN,62,2024-07-13,PO-94798
2000,1291,pärnu,IN,58,2024-01-24,PO-13158
2001,1256,tallinn,IN,188,2024-12-16,PO-36293
2002,1053,pärnu,OUT,-37,2024-07-04,ORD-59190
2003,1211,pärnu,IN,171,2024-08-23,PO-17357
2004,1263,tartu,OUT,-33,2024-12-15,ORD-67755
2005,1316,tartu,IN,153,2024-08-07,PO-76520
2006,1024,ladu,OUT,-46,2024-02-14,ORD-89841
2007,1069,tallinn,IN,64,2024-01-18,PO-37577
2008,1228,ladu,ADJUSTMENT,-5,2024-01-02,ADJ-4096
2009,1067,tallinn,OUT,-49,2025-01-05,ORD-91169
2010,1141,pärnu,OUT,-5,2024-06-27,ORD-13272
2011,1055,ladu,IN,200,2024-11-10,PO-62084
2012,1173,tallinn,OUT,-21,2024-09-23,ORD-37672
2013,1086,tallinn,IN,174,2024-08-30,PO-86686
2014,1021,tartu,IN,197,2024-12-28,PO-89996
2015,1081,pärnu,OUT,-17,2024-06-20,ORD-74573
2016,1241,pärnu,OUT,-2,2024-02-21,ORD-64421
2017,1027,ladu,OUT,-50,2024-04-10,ORD-25221
2018,1288,pärnu,IN,129,2024-10-02,PO-32328
2019,1195,tallinn,OUT,-15,2024-10-08,ORD-52295
2020,1294,pärnu,OUT,-26,2024-10-17,ORD-48155
2021,1208,tallinn,IN,164,2024-03-31,PO-97424
2022,1198,pärnu,IN,11,2024-12-16,PO-52003
2023,1199,pärnu,OUT,-46,2024-11-06,ORD-44228
2024,1224,tartu,IN,190,2024-12-03,PO-77043
2025,1253,ladu,OUT,-15,2024-11-02,ORD-48247
2026,1293,ladu,ADJUSTMENT,15,2024-08-27,ADJ-2972
2027,1219,tartu,IN,96,2025-02-09,PO-29455
2028,1314,tallinn,OUT,-40,2024-04-12,ORD-40852
2029,1235,ladu,IN,178,2024-07-15,PO-92758
2030,1290,tallinn,IN,81,2024-11-17,PO-52246
2031,1266,tartu,IN,19,2024-10-21,PO-34648
2032,1108,ladu,OUT,-46,2024-04-14,ORD-15493
2033,1086,tartu,OUT,-44,2024-08-27,ORD-33821
2034,1109,ladu,TRANSFER,81,2024-02-13,TRANSFER-6484
2035,1060,ladu,OUT,-19,2025-01-13,ORD-13493
2036,1083,tartu,TRANSFER,74,2025-02-08,TRANSFER-9825
2037,1161,ladu,OUT,-8,2024-02-09,ORD-25780
2038,1344,tartu,IN,141,2024-09-24,PO-32707
2039,1137,tartu,OUT,-5,2024-07-28,ORD-60349
2040,1334,pärnu,OUT,-13,2024-05-19,ORD-61253
2041,1248,pärnu,OUT,-24,2024-08-04,ORD-21894
2042,1212,tallinn,ADJUSTMENT,3,2024-06-18,ADJ-9948
2043,1074,tartu,OUT,-43,2025-01-08,ORD-26358
2044,1136,ladu,OUT,-15,2025-02-23,ORD-98997
2045,1155,ladu,OUT,-15,2024-12-22,ORD-83937
2046,1209,ladu,IN,184,2024-12-19,PO-80162
2047,1002,ladu,OUT,-14,2024-09-08,ORD-81307
2048,1310,tallinn,IN,74,2024-06-08,PO-35971
2049,1311,ladu,OUT,-30,2025-02-01,ORD-32134
2050,1301,tartu,OUT,-24,2025-01-14,ORD-42774
2051,1156,ladu,IN,164,2024-01-04,PO-80844
2052,1326,pärnu,IN,70,2024-11-26,PO-77488
2053,1287,tallinn,IN,153,2024-09-22,PO-27144
2054,1273,tallinn,OUT,-20,2024-01-11,ORD-66372
2055,1023,ladu,OUT,-18,2024-05-08,ORD-50908
2056,1271,tallinn,OUT,-26,2024-07-20,ORD-39434
2057,1168,tallinn,OUT,-28,2024-01-19,ORD-92686
2058,1324,tallinn,ADJUSTMENT,25,2024-03-16,ADJ-9544
2059,1001,pärnu,IN,81,2024-06-19,PO-88980
2060,1241,ladu,OUT,-44,2024-04-29,ORD-47244
2061,1092,tallinn,IN,59,2025-02-05,PO-52142
2062,1301,tallinn,ADJUSTMENT,-9,2024-03-28,ADJ-4938
2063,1023,pärnu,IN,51,2024-05-15,PO-55699
2064,1277,tartu,OUT,-24,2024-03-27,ORD-70151
2065,1011,tartu,OUT,-9,2025-01-18,ORD-26747
2066,1344,tallinn,OUT,-23,2024-10-13,ORD-54918
2067,1318,tallinn,IN,118,2024-10-10,PO-97556
2068,1137,tartu,ADJUSTMENT,-15,2024-08-16,ADJ-1085
2069,1327,tallinn,IN,111,2025-02-01,PO-57893
2070,1081,pärnu,TRANSFER,-68,2024-12-29,TRANSFER-2979
2071,1110,pärnu,OUT,-33,2024-02-15,ORD-24948
2072,1232,tartu,IN,128,2025-01-04,PO-87156
2073,1311,tartu,IN,78,2024-09-24,PO-90543
2074,1198,pärnu,IN,76,2025-01-25,PO-75449
2075,1050,tartu,IN,90,2024-12-14,PO-19261
2076,1197,pärnu,OUT,-16,2024-07-27,ORD-18436
2077,1215,ladu,OUT,-29,2024-06-06,ORD-75632
2078,1157,pärnu,IN,97,2024-03-27,PO-62328
2079,1225,tartu,IN,176,2025-01-21,PO-98268
2080,1264,pärnu,OUT,-18,2024-03-29,ORD-43302
2081,1243,ladu,OUT,-16,2024-01-22,ORD-90852
2082,1035,pärnu,IN,79,2024-08-12,PO-88727
2083,1316,ladu,OUT,-11,2025-02-13,ORD-44500
2084,1257,ladu,OUT,-18,2024-06-17,ORD-68944
2085,1292,tartu,TRANSFER,14,2024-06-07,TRANSFER-8498
2086,1038,ladu,IN,88,2024-10-12,PO-11808
2087,1148,tallinn,OUT,-47,2024-03-14,ORD-38055
2088,1107,tartu,IN,175,2024-04-09,PO-87217
2089,1127,ladu,ADJUSTMENT,18,2024-09-17,ADJ-6183
2090,1061,tartu,IN,49,2024-06-22,PO-62504
2091,1176,ladu,ADJUSTMENT,4,2024-02-14,ADJ-8094
2092,1204,ladu,OUT,-13,2024-04-09,ORD-30215
2093,1097,tartu,OUT,-19,2024-07-23,ORD-66369
2094,1256,ladu,OUT,-48,2025-01-13,ORD-47202
2095,1003,tallinn,TRANSFER,-53,2024-01-03,TRANSFER-7692
2096,1237,ladu,ADJUSTMENT,29,2024-11-15,ADJ-2798
2097,1290,tartu,ADJUSTMENT,24,2024-06-29,ADJ-2789
2098,1140,tartu,OUT,-44,2024-02-10,ORD-63452
2099,1114,ladu,OUT,-41,2024-02-09,ORD-41297
2100,1243,pärnu,TRANSFER,-14,2024-11-07,TRANSFER-3981
2101,1191,pärnu,ADJUSTMENT,26,2025-02-19,ADJ-6352
2102,1037,tallinn,OUT,-10,2025-01-17,ORD-82940
2103,1056,tartu,IN,60,2024-02-14,PO-97020
2104,1179,pärnu,ADJUSTMENT,17,2024-09-30,ADJ-7696
2105,1097,pärnu,IN,54,2024-03-17,PO-54056
2106,1180,tartu,TRANSFER,-14,2025-02-26,TRANSFER-1394
2107,1339,tartu,IN,84,2024-10-21,PO-99947
2108,1154,pärnu,OUT,-47,2024-02-25,ORD-32511
2109,1248,pärnu,IN,58,2025-02-28,PO-27739
2110,1297,tallinn,IN,122,2025-01-03,PO-37190
2111,1286,ladu,ADJUSTMENT,7,2025-01-19,ADJ-6582
2112,1157,pärnu,ADJUSTMENT,-17,2024-01-29,ADJ-1386
2113,1164,ladu,OUT,-19,2024-07-15,ORD-16272
2114,1335,pärnu,IN,67,2024-04-09,PO-65676
2115,1143,ladu,OUT,-34,2024-02-21,ORD-88267
2116,1110,ladu,TRANSFER,-94,2024-12-20,TRANSFER-8481
2117,1183,pärnu,IN,47,2025-01-30,PO-40657
2118,1292,tallinn,ADJUSTMENT,-1,2024-05-20,ADJ-2053
2119,1091,pärnu,IN,7,2024-02-29,PO-90467
2120,1323,pärnu,OUT,-23,2024-05-27,ORD-68061
2121,1307,pärnu,ADJUSTMENT,25,2025-01-03,ADJ-5467
2122,1129,ladu,IN,32,2024-05-03,PO-84215
2123,1157,pärnu,IN,99,2024-11-11,PO-10948
2124,1036,ladu,TRANSFER,-48,2024-11-23,TRANSFER-3950
2125,1081,tallinn,OUT,-18,2024-10-07,ORD-28262
2126,1051,tartu,ADJUSTMENT,18,2024-01-27,ADJ-9822
2127,1242,ladu,IN,188,2025-02-05,PO-71227
2128,1109,tallinn,IN,99,2024-06-01,PO-78963
2129,1168,tartu,OUT,-19,2024-03-29,ORD-99927
2130,1082,tallinn,OUT,-5,2024-09-21,ORD-36693
2131,1335,tallinn,OUT,-45,2024-12-07,ORD-12472
2132,1229,tartu,IN,115,2024-11-14,PO-69494
2133,1197,tallinn,TRANSFER,65,2024-09-18,TRANSFER-2228
2134,1158,pärnu,IN,122,2024-03-09,PO-23580
2135,1130,pärnu,OUT,-3,2024-06-15,ORD-48741
2136,1330,ladu,IN,188,2024-12-08,PO-33312
2137,1025,ladu,TRANSFER,26,2024-07-13,TRANSFER-4765
2138,1141,ladu,OUT,-50,2024-12-26,ORD-33642
2139,1009,pärnu,IN,65,2024-03-04,PO-34837
2140,1104,ladu,OUT,-49,2024-05-15,ORD-64695
2141,1273,tallinn,OUT,-39,2024-01-13,ORD-20583
2142,1293,pärnu,IN,94,2024-07-30,PO-74430
2143,1186,ladu,OUT,-21,2024-12-16,ORD-51555
2144,1212,tartu,OUT,-3,2024-11-18,ORD-94379
2145,1290,ladu,TRANSFER,39,2024-07-18,TRANSFER-2798
2146,1085,tallinn,OUT,-15,2024-03-19,ORD-93491
2147,1266,tallinn,OUT,-45,2025-01-09,ORD-11452
2148,1341,tartu,IN,132,2024-11-04,PO-17190
2149,1192,pärnu,OUT,-4,2024-03-27,ORD-76947
2150,1036,tallinn,TRANSFER,47,2024-11-24,TRANSFER-5760
2151,1025,ladu,OUT,-34,2024-11-02,ORD-82745
2152,1066,pärnu,OUT,-2,2024-07-16,ORD-46223
2153,1080,tallinn,IN,159,2024-12-31,PO-81769
2154,1242,pärnu,OUT,-1,2024-06-20,ORD-87690
2155,1187,tallinn,TRANSFER,-58,2024-02-27,TRANSFER-7013
2156,1321,tartu,OUT,-10,2025-01-06,ORD-43136
2157,1042,ladu,OUT,-50,2024-11-15,ORD-19659
2158,1259,ladu,IN,51,2024-12-07,PO-37197
2159,1083,ladu,TRANSFER,27,2024-03-04,TRANSFER-4729
2160,1110,tallinn,TRANSFER,-51,2024-05-06,TRANSFER-6094
2161,1069,tallinn,IN,46,2024-01-26,PO-90056
2162,1190,tartu,OUT,-26,2025-01-04,ORD-28554
2163,1018,pärnu,OUT,-6,2024-11-09,ORD-72538
2164,1157,pärnu,TRANSFER,-24,2024-02-04,TRANSFER-5248
2165,1025,tallinn,IN,106,2024-06-22,PO-19683
2166,1225,pärnu,OUT,-20,2024-04-07,ORD-35957
2167,1334,ladu,OUT,-49,2024-10-01,ORD-49324
2168,1321,tallinn,IN,174,2024-03-30,PO-51667
2169,1242,tallinn,TRANSFER,-14,2024-08-01,TRANSFER-8513
2170,1150,tartu,OUT,-17,2024-06-11,ORD-79190
2171,1307,tartu,IN,113,2024-06-23,PO-53369
2172,1110,tartu,IN,9,2024-12-02,PO-71521
2173,1073,tallinn,OUT,-45,2024-06-12,ORD-90365
2174,1277,tartu,IN,21,2024-07-20,PO-60102
2175,1044,ladu,IN,89,2024-08-11,PO-29361
2176,1188,ladu,OUT,-17,2024-04-05,ORD-43152
2177,1172,tallinn,ADJUSTMENT,-17,2024-07-20,ADJ-8406
2178,1006,ladu,IN,34,2024-09-26,PO-23971
2179,1282,pärnu,OUT,-42,2024-02-17,ORD-37164
2180,1114,tallinn,IN,127,2024-02-24,PO-14366
2181,1266,tartu,IN,167,2024-07-24,PO-72661
2182,1347,tallinn,OUT,-17,2024-09-16,ORD-91850
2183,1056,pärnu,OUT,-1,2024-05-24,ORD-21970
2184,1015,ladu,OUT,-23,2025-01-30,ORD-46685
2185,1231,ladu,OUT,-37,2024-07-24,ORD-29320
2186,1211,tartu,OUT,-24,2024-06-11,ORD-93371
2187,1252,tallinn,OUT,-49,2025-01-29,ORD-33809
2188,1166,tallinn,IN,135,2024-02-11,PO-99490
2189,1239,pärnu,IN,136,2024-08-17,PO-88968
2190,1296,pärnu,OUT,-34,2024-02-29,ORD-67449
2191,1055,tallinn,IN,160,2024-01-14,PO-75727
2192,1227,tartu,TRANSFER,86,2024-07-23,TRANSFER-4686
2193,1027,ladu,IN,8,2024-08-22,PO-79048
2194,1161,ladu,TRANSFER,-56,2024-08-04,TRANSFER-3351
2195,1325,ladu,OUT,-27,2024-03-30,ORD-90369
2196,1329,pärnu,TRANSFER,2,2025-01-06,TRANSFER-8642
2197,1282,tartu,OUT,-49,2024-12-31,ORD-51859
2198,1071,tartu,TRANSFER,-77,2024-05-08,TRANSFER-9394
2199,1216,tartu,TRANSFER,23,2024-04-12,TRANSFER-6676
2200,1019,tallinn,OUT,-29,2025-02-21,ORD-22787
2201,1257,ladu,TRANSFER,53,2025-01-25,TRANSFER-6440
2202,1119,ladu,TRANSFER,-44,2024-08-19,TRANSFER-4033
2203,1206,tartu,OUT,-45,2024-06-16,ORD-27958
2204,1328,pärnu,IN,175,2025-01-07,PO-19200
2205,1016,tartu,OUT,-12,2024-01-03,ORD-43829
2206,1065,tallinn,TRANSFER,-45,2024-10-17,TRANSFER-9103
2207,1126,ladu,OUT,-48,2024-08-23,ORD-54723
2208,1144,tallinn,OUT,-29,2025-01-09,ORD-51380
2209,1215,ladu,OUT,-44,2024-10-06,ORD-14332
2210,1109,pärnu,OUT,-48,2024-07-30,ORD-80719
2211,1168,ladu,IN,96,2025-01-23,PO-96296
2212,1026,ladu,OUT,-22,2024-02-07,ORD-41037
2213,1327,ladu,TRANSFER,-39,2024-04-10,TRANSFER-2880
2214,1046,ladu,IN,17,2024-01-04,PO-66714
2215,1225,ladu,OUT,-5,2024-01-08,ORD-21820
2216,1317,tartu,ADJUSTMENT,9,2024-06-17,ADJ-9501
2217,1008,pärnu,IN,159,2025-01-04,PO-57255
2218,1180,tartu,IN,88,2024-05-15,PO-32313
2219,1073,ladu,IN,67,2024-03-24,PO-56804
2220,1225,tallinn,IN,10,2024-03-05,PO-86384
2221,1125,ladu,ADJUSTMENT,-14,2024-04-04,ADJ-7989
2222,1286,tartu,ADJUSTMENT,27,2024-10-24,ADJ-1018
2223,1027,tartu,IN,189,2024-03-09,PO-76785
2224,1297,tartu,OUT,-45,2024-06-12,ORD-91373
2225,1250,ladu,OUT,-29,2024-05-10,ORD-72280
2226,1306,tartu,IN,129,2025-02-02,PO-60201
2227,1011,tartu,TRANSFER,39,2024-05-31,TRANSFER-1130
2228,1154,tartu,OUT,-34,2024-07-29,ORD-94010
2229,1040,tallinn,OUT,-8,2024-07-23,ORD-48505
2230,1149,tartu,IN,13,2024-06-12,PO-71700
2231,1343,tartu,IN,84,2024-02-10,PO-93114
2232,1302,tartu,OUT,-49,2024-04-24,ORD-13626
2233,1049,tartu,IN,145,2024-01-14,PO-67398
2234,1212,ladu,IN,158,2024-04-30,PO-26510
2235,1258,pärnu,TRANSFER,61,2024-11-15,TRANSFER-3543
2236,1025,ladu,TRANSFER,30,2024-05-23,TRANSFER-5545
2237,1119,ladu,IN,158,2024-03-04,PO-36045
2238,1201,pärnu,TRANSFER,30,2024-11-25,TRANSFER-8548
2239,1100,ladu,OUT,-41,2024-08-22,ORD-41943
2240,1285,tartu,IN,34,2024-03-26,PO-28557
2241,1287,tartu,OUT,-36,2024-09-11,ORD-71034
2242,1338,tallinn,TRANSFER,-66,2024-03-26,TRANSFER-7653
2243,1189,pärnu,OUT,-7,2024-08-05,ORD-38510
2244,1172,pärnu,IN,24,2024-05-01,PO-36500
2245,1169,tartu,TRANSFER,-90,2024-04-09,TRANSFER-1972
2246,1107,ladu,IN,85,2024-09-07,PO-36192
2247,1311,tallinn,ADJUSTMENT,-25,2024-06-23,ADJ-9214
2248,1227,pärnu,OUT,-5,2024-12-04,ORD-93163
2249,1165,tartu,TRANSFER,-36,2024-07-08,TRANSFER-7365
2250,1217,tartu,TRANSFER,88,2024-05-07,TRANSFER-7357
2251,1005,tallinn,IN,66,2024-10-03,PO-60064
2252,1223,tallinn,IN,9,2024-08-05,PO-69377
2253,1096,tartu,IN,40,2024-06-01,PO-79517
2254,1263,ladu,ADJUSTMENT,-5,2024-12-20,ADJ-6104
2255,1131,pärnu,OUT,-29,2024-07-02,ORD-61318
2256,1014,pärnu,OUT,-15,2025-02-10,ORD-19852
2257,1177,tartu,IN,44,2024-06-19,PO-51826
2258,1270,tartu,OUT,-32,2024-05-19,ORD-76062
2259,1070,tartu,OUT,-45,2024-07-16,ORD-69601
2260,1281,tallinn,OUT,-24,2025-01-31,ORD-19503
2261,1243,tallinn,IN,88,2024-04-04,PO-91192
2262,1139,tallinn,OUT,-39,2025-01-27,ORD-13231
2263,1302,tallinn,TRANSFER,6,2024-03-30,TRANSFER-2484
2264,1340,tallinn,IN,11,2025-01-20,PO-42225
2265,1059,ladu,IN,186,2024-06-06,PO-55264
2266,1247,pärnu,OUT,-42,2024-06-18,ORD-66992
2267,1155,pärnu,OUT,-2,2025-02-07,ORD-63193
2268,1174,ladu,IN,25,2024-03-24,PO-63664
2269,1044,tallinn,IN,86,2024-07-23,PO-27389
2270,1254,pärnu,IN,191,2024-01-16,PO-90667
2271,1124,tallinn,ADJUSTMENT,24,2024-02-01,ADJ-5806
2272,1135,pärnu,OUT,-2,2024-03-08,ORD-94688
2273,1334,pärnu,IN,70,2024-11-27,PO-62652
2274,1201,pärnu,IN,136,2024-03-05,PO-14971
2275,1144,tallinn,OUT,-19,2024-07-02,ORD-32689
2276,1312,tallinn,TRANSFER,9,2024-07-28,TRANSFER-3843
2277,1297,pärnu,OUT,-31,2024-01-03,ORD-55791
2278,1299,ladu,OUT,-50,2025-01-25,ORD-37088
2279,1201,tallinn,IN,69,2024-10-05,PO-11440
2280,1300,ladu,ADJUSTMENT,-18,2024-10-25,ADJ-2556
2281,1239,ladu,OUT,-13,2025-01-21,ORD-31418
2282,1142,pärnu,TRANSFER,22,2024-02-28,TRANSFER-5875
2283,1291,ladu,OUT,-37,2024-05-25,ORD-47424
2284,1200,ladu,IN,196,2024-06-12,PO-84350
2285,1305,tallinn,OUT,-31,2024-11-03,ORD-24472
2286,1034,tallinn,IN,27,2024-03-12,PO-62695
2287,1289,tartu,OUT,-23,2025-02-07,ORD-50116
2288,1237,tallinn,TRANSFER,58,2024-05-16,TRANSFER-3030
2289,1261,tallinn,IN,22,2024-03-21,PO-38563
2290,1064,ladu,OUT,-17,2024-07-31,ORD-43890
2291,1282,tartu,IN,114,2024-01-12,PO-36492
2292,1228,ladu,IN,113,2024-09-04,PO-24474
2293,1090,ladu,TRANSFER,-46,2024-10-07,TRANSFER-8217
2294,1223,tartu,IN,70,2024-07-31,PO-21246
2295,1085,tartu,OUT,-22,2024-08-05,ORD-44941
2296,1002,tartu,IN,16,2024-05-22,PO-81951
2297,1283,tartu,OUT,-47,2024-01-20,ORD-93753
2298,1099,ladu,TRANSFER,-18,2024-05-14,TRANSFER-5431
2299,1348,tartu,OUT,-46,2025-01-05,ORD-80400
2300,1129,tartu,OUT,-29,2025-02-04,ORD-93218
2301,1278,tartu,OUT,-25,2024-02-06,ORD-89096
2302,1153,tartu,OUT,-31,2024-01-06,ORD-62841
2303,1139,tartu,IN,131,2024-10-20,PO-89627
2304,1085,tallinn,IN,183,2024-03-16,PO-45333
2305,1045,tallinn,ADJUSTMENT,18,2024-05-31,ADJ-8195
2306,1107,tartu,OUT,-25,2024-04-17,ORD-78385
2307,1279,tartu,IN,125,2024-04-23,PO-71216
2308,1336,pärnu,OUT,-43,2024-07-20,ORD-81556
2309,1070,tallinn,TRANSFER,97,2024-07-14,TRANSFER-6757
2310,1289,tartu,IN,133,2024-09-13,PO-76250
2311,1065,tallinn,ADJUSTMENT,-7,2024-11-11,ADJ-8254
2312,1263,tartu,TRANSFER,86,2024-12-17,TRANSFER-5415
2313,1109,ladu,OUT,-47,2024-08-31,ORD-50735
2314,1280,pärnu,IN,163,2024-02-14,PO-36894
2315,1271,pärnu,IN,47,2024-10-13,PO-56677
2316,1310,tallinn,IN,147,2024-09-16,PO-77649
2317,1220,pärnu,OUT,-40,2024-04-05,ORD-70374
2318,1313,ladu,TRANSFER,66,2024-05-05,TRANSFER-5522
2319,1264,tartu,IN,132,2024-08-23,PO-48088
2320,1061,tartu,IN,152,2024-07-13,PO-31882
2321,1061,pärnu,OUT,-21,2024-05-10,ORD-80094
2322,1095,pärnu,IN,109,2024-04-18,PO-71403
2323,1254,ladu,TRANSFER,65,2024-03-29,TRANSFER-9516
2324,1006,ladu,OUT,-50,2024-12-13,ORD-26919
2325,1311,tartu,OUT,-2,2025-01-04,ORD-94667
2326,1317,ladu,OUT,-33,2024-09-01,ORD-29503
2327,1177,pärnu,OUT,-9,2024-12-26,ORD-86940
2328,1083,pärnu,IN,29,2024-07-16,PO-35518
2329,1194,tartu,ADJUSTMENT,-12,2024-02-06,ADJ-8483
2330,1039,pärnu,IN,144,2024-04-09,PO-50497
2331,1289,tallinn,OUT,-42,2024-09-07,ORD-56309
2332,1296,tartu,TRANSFER,-1,2024-01-04,TRANSFER-5936
2333,1203,tallinn,OUT,-8,2024-12-31,ORD-13012
2334,1063,ladu,TRANSFER,54,2025-01-10,TRANSFER-6661
2335,1211,tartu,ADJUSTMENT,-16,2024-06-08,ADJ-6261
2336,1242,pärnu,IN,185,2024-06-16,PO-95873
2337,1045,tallinn,OUT,-18,2024-02-27,ORD-87549
2338,1054,pärnu,OUT,-27,2024-08-10,ORD-73017
2339,1208,tartu,OUT,-2,2024-01-02,ORD-58777
2340,1091,pärnu,OUT,-47,2024-03-18,ORD-13950
2341,1344,tallinn,IN,23,2024-12-26,PO-58445
2342,1298,tallinn,TRANSFER,-70,2024-03-30,TRANSFER-3495
2343,1071,ladu,OUT,-49,2024-09-06,ORD-23128
2344,1180,tartu,OUT,-39,2024-08-14,ORD-34969
2345,1283,pärnu,TRANSFER,68,2024-02-13,TRANSFER-4810
2346,1121,ladu,IN,74,2024-06-02,PO-68743
2347,1100,tallinn,OUT,-3,2024-05-25,ORD-16289
2348,1147,ladu,IN,11,2024-07-25,PO-55074
2349,1147,pärnu,IN,198,2025-01-21,PO-21610
2350,1296,pärnu,IN,197,2024-03-04,PO-38103
2351,1047,pärnu,OUT,-38,2024-02-28,ORD-31470
2352,1290,pärnu,OUT,-10,2025-01-04,ORD-27883
2353,1347,pärnu,OUT,-1,2024-01-09,ORD-57990
2354,1118,tallinn,OUT,-1,2024-01-18,ORD-10105
2355,1150,pärnu,IN,26,2025-02-19,PO-28828
2356,1231,ladu,OUT,-9,2024-07-06,ORD-42102
2357,1003,ladu,OUT,-38,2024-11-20,ORD-84745
2358,1191,tallinn,IN,63,2024-01-27,PO-53573
2359,1134,tartu,IN,112,2024-06-05,PO-44157
2360,1332,tallinn,OUT,-9,2024-01-05,ORD-98115
2361,1001,tartu,IN,129,2025-01-03,PO-82691
2362,1258,pärnu,OUT,-27,2024-12-31,ORD-33353
2363,1322,ladu,TRANSFER,33,2024-10-17,TRANSFER-6146
2364,1286,tartu,OUT,-33,2024-03-10,ORD-53979
2365,1261,tartu,OUT,-27,2024-03-26,ORD-13016
2366,1246,tallinn,OUT,-30,2024-03-04,ORD-51653
2367,1179,pärnu,TRANSFER,30,2024-09-07,TRANSFER-4261
2368,1183,pärnu,OUT,-33,2024-03-13,ORD-89957
2369,1272,tallinn,OUT,-10,2025-02-17,ORD-14780
2370,1216,pärnu,IN,118,2024-12-30,PO-77716
2371,1116,ladu,IN,155,2024-02-13,PO-84005
2372,1205,tallinn,TRANSFER,45,2024-02-05,TRANSFER-2011
2373,1266,tallinn,TRANSFER,88,2024-09-13,TRANSFER-5122
2374,1149,tartu,IN,117,2024-02-20,PO-26918
2375,1068,ladu,OUT,-39,2024-06-11,ORD-91148
2376,1106,pärnu,OUT,-20,2024-06-01,ORD-46194
2377,1008,tallinn,ADJUSTMENT,6,2024-10-12,ADJ-8487
2378,1251,tartu,IN,48,2024-05-04,PO-35624
2379,1222,pärnu,OUT,-17,2024-01-02,ORD-14770
2380,1259,tartu,IN,38,2024-05-07,PO-55080
2381,1005,tartu,OUT,-15,2025-02-08,ORD-46548
2382,1276,tallinn,ADJUSTMENT,22,2024-05-07,ADJ-8427
2383,1092,ladu,OUT,-42,2024-05-18,ORD-35042
2384,1210,pärnu,ADJUSTMENT,6,2024-06-21,ADJ-3680
2385,1156,tallinn,ADJUSTMENT,-22,2024-09-05,ADJ-2737
2386,1323,tartu,IN,32,2024-07-12,PO-33284
2387,1317,pärnu,TRANSFER,-95,2024-11-23,TRANSFER-3937
2388,1304,pärnu,ADJUSTMENT,19,2024-02-04,ADJ-2565
2389,1226,tallinn,OUT,-37,2024-04-03,ORD-18409
2390,1193,tartu,ADJUSTMENT,-5,2024-07-04,ADJ-7727
2391,1104,pärnu,OUT,-35,2024-09-10,ORD-46749
2392,1259,tallinn,IN,194,2024-09-20,PO-95136
2393,1189,tartu,TRANSFER,-100,2024-02-20,TRANSFER-5556
2394,1003,tallinn,OUT,-40,2025-01-22,ORD-21664
2395,1346,tallinn,OUT,-34,2024-11-22,ORD-11494
2396,1113,tartu,OUT,-10,2024-09-13,ORD-46172
2397,1180,pärnu,TRANSFER,2,2024-12-04,TRANSFER-8872
2398,1007,tartu,OUT,-12,2024-05-27,ORD-45968
2399,1094,tallinn,OUT,-29,2024-11-29,ORD-12336
2400,1214,tallinn,IN,98,2024-03-29,PO-55665
2401,1244,pärnu,IN,73,2024-11-19,PO-32028
2402,1017,tartu,OUT,-29,2024-10-07,ORD-24573
2403,1050,ladu,TRANSFER,-61,2024-09-16,TRANSFER-9287
2404,1059,ladu,ADJUSTMENT,30,2024-11-12,ADJ-3556
2405,1005,tallinn,OUT,-23,2024-02-07,ORD-70016
2406,1184,tartu,OUT,-2,2024-06-29,ORD-22367
2407,1108,ladu,IN,90,2025-02-18,PO-16644
2408,1124,pärnu,IN,199,2025-01-11,PO-91729
2409,1294,pärnu,IN,111,2024-01-18,PO-55155
2410,1170,tallinn,IN,52,2024-09-05,PO-39695
2411,1136,tallinn,TRANSFER,-14,2024-11-03,TRANSFER-7742
2412,1065,ladu,IN,123,2024-04-04,PO-83311
2413,1183,pärnu,IN,38,2024-10-31,PO-32279
2414,1271,tallinn,OUT,-20,2024-08-04,ORD-78210
2415,1182,ladu,IN,48,2024-07-31,PO-86216
2416,1002,ladu,TRANSFER,-60,2025-01-10,TRANSFER-7465
2417,1298,tartu,ADJUSTMENT,-22,2024-05-23,ADJ-2329
2418,1243,ladu,TRANSFER,33,2024-01-12,TRANSFER-4831
2419,1196,tallinn,OUT,-36,2024-10-19,ORD-39615
2420,1076,tartu,IN,16,2024-03-03,PO-22165
2421,1040,pärnu,IN,88,2024-07-23,PO-12259
2422,1059,pärnu,IN,122,2024-06-15,PO-41237
2423,1281,tallinn,OUT,-16,2024-02-10,ORD-17802
2424,1347,pärnu,ADJUSTMENT,4,2024-04-29,ADJ-5160
2425,1119,tartu,ADJUSTMENT,15,2024-02-11,ADJ-8071
2426,1067,tartu,IN,92,2024-04-29,PO-45613
2427,1220,pärnu,IN,93,2024-07-13,PO-45660
2428,1335,pärnu,OUT,-2,2024-07-12,ORD-97310
2429,1172,tartu,OUT,-42,2025-02-12,ORD-90403
2430,1034,tallinn,OUT,-2,2024-05-13,ORD-63842
2431,1008,tartu,TRANSFER,71,2024-09-09,TRANSFER-5750
2432,1073,ladu,TRANSFER,-68,2024-06-23,TRANSFER-1309
2433,1071,tallinn,IN,188,2024-06-18,PO-64151
2434,1216,tartu,IN,195,2024-04-30,PO-24431
2435,1175,ladu,OUT,-22,2024-09-11,ORD-81423
2436,1019,pärnu,IN,73,2025-02-24,PO-12652
2437,1046,tartu,IN,59,2024-12-30,PO-69029
2438,1317,tartu,IN,142,2025-02-18,PO-87428
2439,1169,tartu,IN,197,2024-10-28,PO-54872
2440,1163,ladu,IN,107,2024-11-26,PO-31369
2441,1025,tartu,IN,99,2024-11-19,PO-22978
2442,1131,tartu,OUT,-34,2025-01-26,ORD-42436
2443,1234,tartu,IN,111,2024-07-15,PO-69096
2444,1020,pärnu,ADJUSTMENT,20,2024-07-07,ADJ-4354
2445,1077,pärnu,OUT,-42,2024-08-07,ORD-35307
2446,1236,pärnu,IN,88,2025-01-02,PO-79112
2447,1167,ladu,OUT,-2,2024-08-12,ORD-38106
2448,1190,pärnu,ADJUSTMENT,-28,2025-02-18,ADJ-9472
2449,1216,pärnu,ADJUSTMENT,-29,2024-08-06,ADJ-6064
2450,1092,tartu,IN,39,2025-01-26,PO-17806
2451,1186,ladu,TRANSFER,56,2024-04-26,TRANSFER-3679
2452,1043,tallinn,IN,194,2025-02-21,PO-85008
2453,1171,ladu,IN,43,2024-08-03,PO-75844
2454,1010,ladu,IN,91,2024-03-14,PO-43794
2455,1090,tartu,OUT,-35,2024-12-25,ORD-11173
2456,1045,ladu,IN,167,2025-02-27,PO-84050
2457,1180,ladu,IN,39,2024-03-13,PO-33376
2458,1305,pärnu,IN,70,2025-02-20,PO-45336
2459,1046,tallinn,OUT,-12,2024-04-19,ORD-42202
2460,1259,ladu,OUT,-49,2024-11-21,ORD-61994
2461,1189,tallinn,IN,112,2025-02-22,PO-73809
2462,1158,pärnu,IN,143,2024-02-05,PO-46847
2463,1190,tartu,IN,142,2025-01-16,PO-67590
2464,1249,ladu,IN,188,2024-08-12,PO-93749
2465,1150,pärnu,OUT,-43,2024-08-23,ORD-68954
2466,1088,pärnu,OUT,-31,2024-08-30,ORD-64727
2467,1294,tartu,OUT,-46,2025-02-23,ORD-21462
2468,1345,tartu,IN,141,2025-01-27,PO-33582
2469,1301,tallinn,TRANSFER,-83,2025-01-06,TRANSFER-6969
2470,1108,pärnu,TRANSFER,73,2024-03-20,TRANSFER-3620
2471,1257,ladu,OUT,-48,2025-02-14,ORD-22489
2472,1133,pärnu,ADJUSTMENT,25,2024-06-18,ADJ-1799
2473,1080,ladu,IN,153,2024-06-02,PO-46880
2474,1153,ladu,IN,161,2024-09-28,PO-21846
2475,1133,ladu,TRANSFER,95,2024-09-25,TRANSFER-7732
2476,1345,tartu,IN,156,2024-08-07,PO-80806
2477,1128,ladu,ADJUSTMENT,-20,2024-03-13,ADJ-1988
2478,1332,ladu,ADJUSTMENT,-26,2024-10-28,ADJ-1768
2479,1074,pärnu,IN,84,2024-03-02,PO-20736
2480,1172,tartu,IN,10,2024-04-23,PO-78824
2481,1179,tartu,OUT,-17,2024-06-28,ORD-56975
2482,1276,tartu,IN,170,2024-11-04,PO-56088
2483,1042,tartu,OUT,-8,2025-02-26,ORD-18708
2484,1033,tallinn,IN,198,2025-01-29,PO-73985
2485,1074,tartu,IN,105,2024-08-04,PO-80088
2486,1104,tartu,IN,14,2024-09-06,PO-15716
2487,1199,tartu,OUT,-40,2024-05-30,ORD-77965
2488,1017,tartu,OUT,-34,2025-01-01,ORD-90659
2489,1165,ladu,IN,99,2024-05-03,PO-10776
2490,1342,tartu,TRANSFER,-46,2025-01-27,TRANSFER-8115
2491,1289,pärnu,IN,39,2024-04-16,PO-91778
2492,1154,tallinn,TRANSFER,-74,2024-05-30,TRANSFER-3942
2493,1250,tartu,OUT,-32,2024-06-26,ORD-41873
2494,1197,tallinn,OUT,-44,2024-12-12,ORD-71245
2495,1266,tartu,IN,103,2025-01-08,PO-86819
2496,1305,tartu,OUT,-33,2024-01-13,ORD-91052
2497,1021,tallinn,IN,180,2024-03-26,PO-37274
2498,1012,ladu,OUT,-29,2024-07-15,ORD-50521
2499,1188,tallinn,IN,83,2024-02-15,PO-98283
2500,1224,ladu,OUT,-30,2024-02-18,ORD-62639
2501,1223,tallinn,ADJUSTMENT,10,2024-11-04,ADJ-2676
2502,1008,tartu,ADJUSTMENT,-16,2024-03-08,ADJ-5221
2503,1183,pärnu,OUT,-2,2024-12-07,ORD-18463
2504,1263,ladu,ADJUSTMENT,14,2024-08-19,ADJ-4098
2505,1272,tartu,OUT,-18,2025-02-21,ORD-67427
2506,1090,tallinn,OUT,-38,2024-06-03,ORD-87575
2507,1119,tallinn,IN,176,2024-07-03,PO-74252
2508,1008,tallinn,ADJUSTMENT,18,2024-06-23,ADJ-6145
2509,1062,pärnu,IN,127,2024-07-23,PO-21721
2510,1036,pärnu,OUT,-23,2024-09-10,ORD-51726
2511,1236,pärnu,IN,8,2024-02-22,PO-23770
2512,1027,tartu,OUT,-23,2024-01-21,ORD-20317
2513,1259,tallinn,OUT,-47,2025-01-12,ORD-11673
2514,1151,tartu,IN,129,2024-04-28,PO-70881
2515,1166,tallinn,OUT,-16,2024-08-10,ORD-46005
2516,1006,tallinn,IN,177,2024-05-03,PO-73454
2517,1330,tartu,OUT,-3,2024-05-06,ORD-16068
2518,1071,pärnu,OUT,-48,2024-12-15,ORD-76176
2519,1014,tartu,IN,60,2025-02-02,PO-26474
2520,1230,tallinn,TRANSFER,53,2024-06-06,TRANSFER-5113
2521,1211,pärnu,IN,159,2024-10-02,PO-33814
2522,1027,pärnu,TRANSFER,-4,2024-10-25,TRANSFER-6556
2523,1062,tallinn,IN,60,2024-12-12,PO-25567
2524,1254,ladu,IN,74,2024-02-03,PO-72924
2525,1141,ladu,TRANSFER,52,2024-05-22,TRANSFER-8092
2526,1063,ladu,IN,136,2024-04-11,PO-32318
2527,1309,tartu,OUT,-31,2024-01-07,ORD-21005
2528,1148,ladu,ADJUSTMENT,16,2024-03-01,ADJ-4887
2529,1325,tallinn,IN,33,2024-12-31,PO-37354
2530,1221,ladu,TRANSFER,-97,2025-02-11,TRANSFER-9979
2531,1238,ladu,IN,63,2024-01-08,PO-32428
2532,1001,tallinn,OUT,-29,2024-12-21,ORD-98463
2533,1103,ladu,IN,60,2024-01-11,PO-85567
2534,1276,tallinn,TRANSFER,40,2024-06-03,TRANSFER-7674
2535,1338,pärnu,OUT,-34,2024-08-31,ORD-33625
2536,1295,pärnu,ADJUSTMENT,29,2024-08-25,ADJ-2387
2537,1063,tartu,OUT,-21,2024-04-19,ORD-59961
2538,1085,tartu,OUT,-12,2024-09-12,ORD-78432
2539,1316,tallinn,TRANSFER,-86,2024-03-08,TRANSFER-6247
2540,1119,ladu,OUT,-28,2024-09-16,ORD-13300
2541,1253,tartu,TRANSFER,-40,2024-04-25,TRANSFER-1762
2542,1273,pärnu,OUT,-25,2024-07-05,ORD-85638
2543,1349,tallinn,OUT,-26,2024-06-21,ORD-26016
2544,1102,ladu,IN,106,2024-12-04,PO-98103
2545,1056,pärnu,OUT,-19,2024-09-06,ORD-48212
2546,1017,pärnu,OUT,-18,2024-08-13,ORD-92457
2547,1179,tallinn,OUT,-24,2025-01-08,ORD-78144
2548,1154,pärnu,OUT,-27,2024-03-29,ORD-42043
2549,1316,ladu,OUT,-21,2025-01-10,ORD-23602
2550,1115,pärnu,OUT,-2,2024-09-11,ORD-97089
2551,1134,tallinn,OUT,-11,2024-07-29,ORD-12256
2552,1302,pärnu,OUT,-48,2024-01-21,ORD-94628
2553,1178,pärnu,IN,113,2024-05-03,PO-27691
2554,1324,tartu,ADJUSTMENT,-28,2024-10-04,ADJ-7503
2555,1171,tallinn,OUT,-42,2024-08-02,ORD-42992
2556,1298,ladu,OUT,-44,2024-04-09,ORD-63114
2557,1003,tallinn,TRANSFER,33,2024-12-09,TRANSFER-8897
2558,1010,ladu,ADJUSTMENT,-24,2025-01-30,ADJ-5485
2559,1152,pärnu,TRANSFER,-10,2024-07-16,TRANSFER-8794
2560,1085,tallinn,OUT,-11,2024-09-25,ORD-91977
2561,1308,tallinn,IN,8,2024-12-08,PO-67073
2562,1232,tartu,OUT,-39,2024-02-13,ORD-31995
2563,1061,ladu,ADJUSTMENT,-9,2024-07-29,ADJ-7878
2564,1042,ladu,IN,78,2024-11-30,PO-77433
2565,1219,tartu,OUT,-19,2025-02-08,ORD-66227
2566,1114,pärnu,IN,64,2024-07-11,PO-30241
2567,1128,ladu,OUT,-1,2024-07-18,ORD-58998
2568,1131,tartu,OUT,-23,2024-06-03,ORD-21174
2569,1320,tallinn,OUT,-5,2025-02-06,ORD-76391
2570,1299,pärnu,OUT,-41,2024-01-09,ORD-87863
2571,1150,tartu,OUT,-10,2025-01-27,ORD-69325
2572,1059,pärnu,OUT,-23,2024-05-22,ORD-59167
2573,1229,tallinn,TRANSFER,51,2024-04-13,TRANSFER-8526
2574,1069,tallinn,IN,134,2025-01-05,PO-96733
2575,1261,ladu,ADJUSTMENT,-3,2024-12-13,ADJ-9700
2576,1266,tartu,IN,77,2024-01-31,PO-47154
2577,1085,tallinn,IN,59,2024-01-20,PO-77548
2578,1121,tartu,OUT,-2,2025-01-18,ORD-49160
2579,1138,ladu,IN,110,2025-01-31,PO-47660
2580,1110,pärnu,ADJUSTMENT,29,2024-06-20,ADJ-9592
2581,1206,tallinn,TRANSFER,-9,2024-07-28,TRANSFER-9508
2582,1245,tartu,OUT,-45,2024-09-18,ORD-31715
2583,1017,ladu,TRANSFER,-42,2024-03-06,TRANSFER-2869
2584,1105,ladu,OUT,-6,2024-03-29,ORD-24850
2585,1039,tartu,TRANSFER,100,2024-05-12,TRANSFER-1351
2586,1098,pärnu,IN,12,2024-05-01,PO-46179
2587,1199,tartu,OUT,-42,2024-12-24,ORD-69803
2588,1107,tallinn,ADJUSTMENT,-20,2024-05-06,ADJ-8888
2589,1086,tartu,TRANSFER,-57,2024-10-11,TRANSFER-8251
2590,1189,ladu,TRANSFER,-10,2024-07-29,TRANSFER-3137
2591,1022,tallinn,OUT,-10,2024-12-17,ORD-84657
2592,1230,tartu,OUT,-3,2024-11-16,ORD-24372
2593,1031,pärnu,TRANSFER,61,2024-11-30,TRANSFER-2702
2594,1032,ladu,IN,100,2024-09-30,PO-64291
2595,1347,tartu,TRANSFER,-3,2025-02-05,TRANSFER-6114
2596,1328,tallinn,TRANSFER,-92,2024-03-26,TRANSFER-8127
2597,1338,tallinn,IN,191,2024-06-23,PO-91431
2598,1345,ladu,OUT,-43,2024-09-23,ORD-21666
2599,1058,ladu,IN,176,2024-12-25,PO-19796
2600,1346,ladu,IN,179,2024-06-10,PO-37481
2601,1239,ladu,IN,147,2024-03-15,PO-93576
2602,1264,tartu,IN,166,2024-03-10,PO-14020
2603,1194,tartu,ADJUSTMENT,-24,2024-12-08,ADJ-7583
2604,1238,pärnu,OUT,-14,2024-07-20,ORD-51609
2605,1348,pärnu,IN,8,2024-10-03,PO-32871
2606,1183,ladu,IN,52,2025-01-27,PO-24284
2607,1189,tartu,OUT,-3,2024-05-28,ORD-29252
2608,1154,tallinn,TRANSFER,52,2025-01-02,TRANSFER-7411
2609,1159,tallinn,IN,119,2024-02-01,PO-85221
2610,1340,pärnu,IN,147,2024-03-11,PO-93790
2611,1344,pärnu,IN,119,2024-06-08,PO-46170
2612,1203,ladu,IN,148,2025-01-28,PO-54314
2613,1075,ladu,OUT,-33,2025-01-07,ORD-77267
2614,1294,pärnu,TRANSFER,42,2024-06-03,TRANSFER-1075
2615,1134,tallinn,OUT,-22,2024-02-01,ORD-19736
2616,1056,pärnu,ADJUSTMENT,23,2025-01-15,ADJ-6187
2617,1281,pärnu,ADJUSTMENT,3,2024-08-15,ADJ-4118
2618,1316,tallinn,OUT,-50,2024-10-01,ORD-68162
2619,1135,tallinn,IN,48,2025-02-28,PO-58253
2620,1012,pärnu,OUT,-17,2024-04-11,ORD-95265
2621,1215,tallinn,IN,31,2024-12-03,PO-61611
2622,1158,tartu,ADJUSTMENT,29,2025-01-06,ADJ-7800
2623,1085,ladu,OUT,-8,2024-05-25,ORD-78270
2624,1091,tallinn,OUT,-48,2024-06-03,ORD-89256
2625,1039,ladu,OUT,-39,2025-01-15,ORD-31270
2626,1125,ladu,ADJUSTMENT,13,2024-08-20,ADJ-9723
2627,1163,tartu,IN,135,2024-05-05,PO-93381
2628,1206,tallinn,IN,169,2025-02-03,PO-88510
2629,1081,ladu,OUT,-35,2024-06-18,ORD-91299
2630,1189,tallinn,ADJUSTMENT,-29,2024-12-06,ADJ-4959
2631,1048,pärnu,OUT,-29,2024-06-30,ORD-81642
2632,1265,tartu,IN,114,2024-11-22,PO-84717
2633,1255,pärnu,OUT,-43,2024-03-01,ORD-87970
2634,1223,tallinn,IN,149,2024-03-18,PO-45930
2635,1338,pärnu,IN,147,2025-02-26,PO-78608
2636,1075,pärnu,TRANSFER,-67,2024-11-03,TRANSFER-1788
2637,1253,tartu,IN,34,2025-02-03,PO-60658
2638,1112,tartu,OUT,-26,2024-06-18,ORD-94084
2639,1116,tartu,IN,31,2024-10-26,PO-58248
2640,1047,ladu,OUT,-3,2024-06-30,ORD-66798
2641,1156,ladu,OUT,-25,2025-02-10,ORD-41175
2642,1118,tartu,OUT,-26,2025-01-03,ORD-18899
2643,1305,pärnu,IN,188,2024-09-29,PO-76109
2644,1280,tartu,TRANSFER,-76,2024-08-14,TRANSFER-7124
2645,1264,tallinn,IN,160,2024-05-16,PO-76665
2646,1321,tartu,TRANSFER,-7,2024-03-20,TRANSFER-6302
2647,1228,pärnu,OUT,-45,2024-07-01,ORD-17946
2648,1173,tallinn,OUT,-10,2024-05-27,ORD-72501
2649,1268,tartu,IN,84,2024-03-17,PO-86669
2650,1087,tallinn,OUT,-18,2024-08-21,ORD-18118
2651,1184,pärnu,OUT,-20,2024-03-12,ORD-28475
2652,1076,tallinn,IN,191,2024-12-12,PO-74042
2653,1221,pärnu,TRANSFER,86,2025-01-26,TRANSFER-9159
2654,1054,tartu,TRANSFER,-85,2024-10-29,TRANSFER-1150
2655,1111,pärnu,IN,200,2024-06-08,PO-53377
2656,1251,pärnu,OUT,-20,2024-03-07,ORD-99964
2657,1103,tallinn,TRANSFER,35,2025-01-03,TRANSFER-6553
2658,1252,ladu,OUT,-19,2024-03-29,ORD-39866
2659,1240,tallinn,IN,89,2024-04-04,PO-47325
2660,1318,pärnu,IN,14,2025-02-01,PO-29174
2661,1080,tallinn,ADJUSTMENT,20,2024-04-26,ADJ-8214
2662,1168,ladu,ADJUSTMENT,-17,2024-01-17,ADJ-4544
2663,1321,ladu,OUT,-45,2024-03-08,ORD-71216
2664,1010,tartu,ADJUSTMENT,-2,2024-07-10,ADJ-2897
2665,1349,tallinn,OUT,-24,2024-08-13,ORD-96231
2666,1254,pärnu,OUT,-36,2024-07-19,ORD-56078
2667,1327,tallinn,OUT,-30,2025-01-04,ORD-35562
2668,1016,tartu,IN,193,2024-12-27,PO-47541
2669,1074,tallinn,IN,101,2024-04-20,PO-91133
2670,1183,tallinn,OUT,-33,2024-01-31,ORD-16492
2671,1323,ladu,OUT,-5,2024-05-13,ORD-91544
2672,1165,ladu,ADJUSTMENT,-24,2024-03-24,ADJ-1752
2673,1171,tallinn,OUT,-20,2024-05-14,ORD-98100
2674,1240,tartu,IN,35,2024-03-11,PO-35668
2675,1191,tartu,OUT,-49,2024-09-15,ORD-16960
2676,1127,pärnu,IN,196,2024-01-10,PO-77449
2677,1314,ladu,IN,164,2024-08-20,PO-91084
2678,1256,ladu,OUT,-15,2024-11-24,ORD-35720
2679,1230,tallinn,IN,9,2024-12-11,PO-46781
2680,1129,ladu,IN,111,2024-06-20,PO-88340
2681,1234,ladu,TRANSFER,-18,2024-02-17,TRANSFER-6272
2682,1206,tartu,IN,113,2024-09-24,PO-13272
2683,1230,tallinn,IN,179,2024-03-16,PO-24383
2684,1020,tartu,OUT,-31,2024-08-15,ORD-12295
2685,1110,tartu,TRANSFER,-33,2024-04-25,TRANSFER-3003
2686,1249,pärnu,OUT,-12,2024-04-25,ORD-86294
2687,1259,tallinn,IN,68,2024-05-25,PO-21245
2688,1257,ladu,TRANSFER,25,2024-08-20,TRANSFER-8205
2689,1134,pärnu,TRANSFER,93,2024-11-23,TRANSFER-2829
2690,1014,pärnu,IN,39,2024-11-11,PO-31769
2691,1099,ladu,OUT,-49,2024-11-04,ORD-43192
2692,1051,tallinn,IN,129,2024-05-07,PO-49296
2693,1343,pärnu,OUT,-37,2024-11-24,ORD-45096
2694,1312,pärnu,IN,129,2024-06-02,PO-57600
2695,1330,ladu,OUT,-46,2024-11-20,ORD-37597
2696,1153,tallinn,IN,103,2025-01-22,PO-21294
2697,1321,ladu,IN,86,2024-05-21,PO-85618
2698,1313,tartu,ADJUSTMENT,-18,2024-08-29,ADJ-8587
2699,1071,tallinn,OUT,-45,2024-09-23,ORD-25197
2700,1303,tartu,OUT,-35,2024-11-10,ORD-97050
2701,1185,tallinn,TRANSFER,-89,2024-05-26,TRANSFER-6417
2702,1230,pärnu,OUT,-39,2024-06-24,ORD-34614
2703,1143,tartu,ADJUSTMENT,-18,2025-01-24,ADJ-4927
2704,1088,tartu,IN,181,2024-01-05,PO-88606
2705,1128,tallinn,OUT,-19,2024-08-30,ORD-51060
2706,1317,tallinn,IN,126,2025-02-04,PO-94079
2707,1126,tallinn,IN,25,2024-08-09,PO-68020
2708,1065,tartu,IN,189,2024-07-04,PO-97801
2709,1091,ladu,OUT,-20,2024-09-11,ORD-21226
2710,1176,tartu,OUT,-11,2024-04-12,ORD-61237
2711,1339,ladu,IN,168,2024-08-12,PO-13593
2712,1006,ladu,OUT,-35,2024-05-24,ORD-41109
2713,1125,tallinn,IN,109,2024-01-21,PO-76644
2714,1258,ladu,IN,160,2025-01-13,PO-13502
2715,1304,tallinn,IN,102,2024-09-08,PO-98333
2716,1301,pärnu,IN,136,2024-02-01,PO-77673
2717,1024,pärnu,TRANSFER,-29,2024-12-19,TRANSFER-8319
2718,1284,tallinn,OUT,-4,2024-05-06,ORD-95860
2719,1177,tartu,OUT,-39,2024-03-07,ORD-32965
2720,1221,pärnu,IN,192,2025-02-20,PO-11390
2721,1099,ladu,IN,67,2024-06-18,PO-58766
2722,1108,tallinn,OUT,-19,2024-09-15,ORD-88282
2723,1339,pärnu,ADJUSTMENT,15,2025-01-05,ADJ-6942
2724,1173,tallinn,OUT,-21,2025-02-13,ORD-86981
2725,1310,ladu,OUT,-18,2024-03-30,ORD-33853
2726,1285,pärnu,OUT,-47,2024-05-26,ORD-69211
2727,1332,tartu,OUT,-13,2024-11-09,ORD-74224
2728,1071,tallinn,OUT,-35,2024-04-19,ORD-77791
2729,1236,pärnu,TRANSFER,22,2024-08-01,TRANSFER-3659
2730,1104,tallinn,OUT,-41,2024-03-08,ORD-12808
2731,1006,pärnu,IN,41,2024-09-27,PO-25542
2732,1070,pärnu,IN,44,2024-09-20,PO-91696
2733,1187,ladu,TRANSFER,-30,2025-01-22,TRANSFER-2943
2734,1314,pärnu,OUT,-45,2024-02-22,ORD-56552
2735,1040,ladu,TRANSFER,100,2024-10-02,TRANSFER-8610
2736,1155,ladu,IN,35,2024-11-28,PO-97205
2737,1015,tartu,IN,154,2024-09-10,PO-63545
2738,1057,tartu,OUT,-9,2024-02-25,ORD-35481
2739,1116,ladu,IN,85,2024-04-30,PO-75361
2740,1187,pärnu,TRANSFER,-81,2024-11-13,TRANSFER-8798
2741,1232,tallinn,OUT,-13,2024-05-16,ORD-40152
2742,1185,tallinn,TRANSFER,-47,2024-09-15,TRANSFER-9568
2743,1230,tartu,TRANSFER,-25,2024-06-23,TRANSFER-5865
2744,1156,tallinn,ADJUSTMENT,-4,2024-09-13,ADJ-8384
2745,1301,pärnu,OUT,-38,2024-06-03,ORD-77909
2746,1265,tallinn,TRANSFER,52,2024-04-06,TRANSFER-2764
2747,1342,pärnu,TRANSFER,-71,2025-01-17,TRANSFER-1126
2748,1204,tartu,OUT,-18,2024-11-19,ORD-71377
2749,1341,tartu,ADJUSTMENT,-9,2024-02-22,ADJ-6814
2750,1016,tartu,OUT,-37,2024-11-01,ORD-96108
2751,1018,tartu,IN,114,2024-10-15,PO-24673
2752,1170,pärnu,IN,30,2024-12-17,PO-48242
2753,1264,ladu,IN,28,2024-03-30,PO-47033
2754,1087,tallinn,TRANSFER,-93,2024-03-15,TRANSFER-1669
2755,1102,pärnu,ADJUSTMENT,2,2024-05-05,ADJ-4522
2756,1038,pärnu,OUT,-5,2024-08-07,ORD-33967
2757,1032,pärnu,TRANSFER,99,2024-07-27,TRANSFER-6066
2758,1349,tartu,IN,28,2024-08-26,PO-45048
2759,1298,ladu,ADJUSTMENT,-23,2024-10-19,ADJ-3296
2760,1100,tallinn,OUT,-11,2024-06-29,ORD-51664
2761,1161,tallinn,OUT,-36,2025-01-08,ORD-24514
2762,1127,tallinn,ADJUSTMENT,4,2024-04-24,ADJ-5517
2763,1211,tallinn,TRANSFER,-85,2024-05-03,TRANSFER-3663
2764,1103,ladu,TRANSFER,66,2024-03-16,TRANSFER-7214
2765,1046,pärnu,IN,29,2024-04-08,PO-92840
2766,1322,ladu,IN,56,2024-03-08,PO-99232
2767,1050,tallinn,OUT,-28,2025-01-18,ORD-50167
2768,1187,pärnu,IN,83,2024-07-12,PO-37831
2769,1044,tallinn,OUT,-50,2024-03-15,ORD-44200
2770,1149,ladu,OUT,-35,2024-11-01,ORD-87923
2771,1315,tallinn,TRANSFER,-42,2024-04-14,TRANSFER-6752
2772,1234,pärnu,IN,179,2024-04-27,PO-39216
2773,1333,ladu,IN,85,2024-07-26,PO-27817
2774,1334,tallinn,OUT,-34,2024-12-11,ORD-57502
2775,1003,tallinn,OUT,-40,2024-06-20,ORD-83655
2776,1229,ladu,IN,152,2024-01-06,PO-71927
2777,1315,tartu,IN,71,2024-12-24,PO-81161
2778,1261,ladu,IN,127,2024-06-06,PO-23500
2779,1168,tallinn,IN,107,2024-08-31,PO-38714
2780,1322,pärnu,ADJUSTMENT,27,2024-07-22,ADJ-8878
2781,1141,pärnu,OUT,-1,2025-01-05,ORD-40995
2782,1303,tallinn,ADJUSTMENT,-30,2024-03-31,ADJ-1921
2783,1015,tallinn,TRANSFER,24,2024-05-08,TRANSFER-7824
2784,1146,ladu,IN,84,2024-12-24,PO-75674
2785,1103,tallinn,OUT,-21,2024-09-29,ORD-88230
2786,1030,pärnu,OUT,-49,2024-10-24,ORD-69626
2787,1081,pärnu,OUT,-30,2024-10-17,ORD-84781
2788,1232,pärnu,IN,94,2024-08-16,PO-84885
2789,1150,tartu,OUT,-29,2024-12-01,ORD-59725
2790,1047,pärnu,TRANSFER,13,2024-02-18,TRANSFER-1929
2791,1039,pärnu,OUT,-17,2024-11-06,ORD-97941
2792,1168,ladu,OUT,-30,2024-10-27,ORD-73097
2793,1043,tartu,OUT,-18,2024-01-01,ORD-54291
2794,1021,ladu,OUT,-34,2024-02-22,ORD-11853
2795,1211,pärnu,OUT,-14,2024-06-02,ORD-36613
2796,1132,pärnu,IN,157,2024-10-08,PO-61904
2797,1037,ladu,IN,73,2024-04-26,PO-89532
2798,1152,pärnu,ADJUSTMENT,27,2024-03-03,ADJ-7127
2799,1161,tallinn,OUT,-43,2024-09-25,ORD-50313
2800,1082,tallinn,ADJUSTMENT,-5,2025-01-19,ADJ-5297
2801,1350,tallinn,ADJUSTMENT,-17,2025-01-27,ADJ-5120
2802,1189,ladu,IN,107,2024-01-23,PO-24746
2803,1041,pärnu,IN,172,2024-05-29,PO-78408
2804,1072,tallinn,ADJUSTMENT,-17,2024-08-16,ADJ-1184
2805,1094,tallinn,IN,124,2024-05-27,PO-79091
2806,1299,pärnu,IN,125,2024-07-07,PO-70306
2807,1028,pärnu,TRANSFER,96,2024-02-26,TRANSFER-7754
2808,1291,tartu,ADJUSTMENT,-26,2024-09-29,ADJ-1395
2809,1219,tartu,IN,141,2024-07-11,PO-99874
2810,1227,ladu,IN,180,2024-02-18,PO-76450
2811,1001,pärnu,TRANSFER,-29,2024-04-12,TRANSFER-8346
2812,1030,tallinn,IN,23,2024-02-21,PO-37180
2813,1301,tallinn,OUT,-26,2025-01-12,ORD-33113
2814,1057,ladu,OUT,-35,2024-08-18,ORD-89766
2815,1066,pärnu,OUT,-8,2024-10-24,ORD-67366
2816,1324,tartu,TRANSFER,59,2024-09-29,TRANSFER-9287
2817,1141,ladu,OUT,-36,2024-03-01,ORD-66807
2818,1248,pärnu,TRANSFER,98,2024-05-25,TRANSFER-5862
2819,1014,tallinn,OUT,-40,2024-03-23,ORD-60459
2820,1092,pärnu,IN,172,2024-12-26,PO-87503
2821,1105,pärnu,IN,160,2024-12-11,PO-87331
2822,1190,ladu,OUT,-14,2024-05-06,ORD-27254
2823,1078,tartu,IN,94,2024-10-01,PO-84744
2824,1233,pärnu,IN,153,2024-08-28,PO-92175
2825,1331,tallinn,IN,68,2024-02-11,PO-98798
2826,1047,tartu,TRANSFER,53,2024-04-22,TRANSFER-6608
2827,1281,tallinn,OUT,-1,2025-01-01,ORD-85342
2828,1336,tartu,ADJUSTMENT,10,2024-03-02,ADJ-4392
2829,1329,tallinn,TRANSFER,-3,2024-08-02,TRANSFER-4612
2830,1231,pärnu,IN,141,2025-02-02,PO-75508
2831,1081,tallinn,TRANSFER,-23,2025-01-31,TRANSFER-2383
2832,1194,tartu,IN,184,2024-05-19,PO-84967
2833,1144,tallinn,IN,19,2024-02-08,PO-44145
2834,1231,ladu,OUT,-5,2024-02-17,ORD-19470
2835,1320,tartu,OUT,-1,2024-06-06,ORD-40237
2836,1122,tartu,IN,90,2024-01-06,PO-31101
2837,1340,tallinn,OUT,-38,2024-08-13,ORD-62964
2838,1262,ladu,OUT,-11,2024-05-30,ORD-16897
2839,1105,ladu,TRANSFER,-75,2024-08-26,TRANSFER-9123
2840,1275,pärnu,IN,140,2024-12-16,PO-90927
2841,1187,tallinn,IN,134,2024-11-25,PO-74119
2842,1172,pärnu,OUT,-39,2024-02-01,ORD-78411
2843,1201,pärnu,OUT,-38,2024-12-22,ORD-90962
2844,1100,tallinn,IN,69,2024-08-02,PO-34143
2845,1188,tallinn,IN,54,2024-11-07,PO-91238
2846,1310,tartu,IN,43,2024-09-21,PO-45299
2847,1109,tallinn,OUT,-49,2024-07-04,ORD-83631
2848,1150,tartu,IN,56,2024-01-12,PO-64187
2849,1128,pärnu,OUT,-31,2024-09-21,ORD-98251
2850,1067,ladu,IN,153,2024-01-11,PO-86440
2851,1061,tallinn,OUT,-12,2024-08-22,ORD-41191
2852,1287,tallinn,IN,122,2024-10-18,PO-35413
2853,1149,pärnu,IN,29,2024-02-07,PO-61768
2854,1162,ladu,TRANSFER,-56,2024-12-22,TRANSFER-4743
2855,1297,tallinn,OUT,-40,2024-05-12,ORD-32029
2856,1092,ladu,IN,134,2024-09-01,PO-98752
2857,1184,tallinn,OUT,-19,2024-11-28,ORD-21226
2858,1289,pärnu,ADJUSTMENT,-18,2024-11-15,ADJ-9388
2859,1307,tallinn,IN,5,2024-08-23,PO-63365
2860,1272,pärnu,IN,48,2024-05-18,PO-67546
2861,1142,tallinn,IN,41,2024-11-15,PO-20335
2862,1315,tallinn,OUT,-15,2024-01-07,ORD-18101
2863,1083,pärnu,IN,192,2024-01-06,PO-84319
2864,1012,tallinn,ADJUSTMENT,-26,2025-02-20,ADJ-9692
2865,1298,tallinn,OUT,-10,2024-07-16,ORD-30856
2866,1340,tallinn,OUT,-12,2024-07-18,ORD-70923
2867,1053,tallinn,IN,77,2025-02-27,PO-22031
2868,1161,tallinn,OUT,-22,2025-01-18,ORD-67738
2869,1088,tartu,IN,90,2024-08-20,PO-42900
2870,1063,tallinn,OUT,-3,2024-06-27,ORD-27641
2871,1239,tallinn,OUT,-11,2024-08-17,ORD-86344
2872,1259,tartu,IN,92,2024-06-29,PO-76798
2873,1078,ladu,IN,74,2024-09-14,PO-11417
2874,1157,pärnu,TRANSFER,68,2024-06-03,TRANSFER-8577
2875,1027,tartu,OUT,-22,2024-02-26,ORD-25621
2876,1030,ladu,TRANSFER,84,2024-04-08,TRANSFER-2018
2877,1207,pärnu,ADJUSTMENT,-8,2024-06-10,ADJ-8180
2878,1117,pärnu,OUT,-50,2024-02-27,ORD-47473
2879,1064,tartu,OUT,-29,2024-09-18,ORD-76995
2880,1066,ladu,OUT,-9,2024-08-25,ORD-85960
2881,1208,tallinn,IN,9,2024-06-28,PO-70644
2882,1268,ladu,OUT,-50,2025-01-05,ORD-86433
2883,1133,pärnu,OUT,-20,2024-07-21,ORD-44183
2884,1137,tartu,TRANSFER,-64,2024-07-07,TRANSFER-8532
2885,1058,tallinn,OUT,-5,2024-11-11,ORD-41382
2886,1249,ladu,OUT,-50,2024-06-15,ORD-31781
2887,1069,tallinn,IN,183,2024-12-14,PO-11492
2888,1085,pärnu,IN,18,2024-09-27,PO-17805
2889,1040,pärnu,TRANSFER,-74,2024-10-20,TRANSFER-4432
2890,1112,tartu,IN,172,2024-08-28,PO-12917
2891,1335,tartu,ADJUSTMENT,-1,2024-05-16,ADJ-3209
2892,1151,ladu,TRANSFER,-83,2024-06-30,TRANSFER-5550
2893,1053,ladu,OUT,-9,2024-06-27,ORD-99297
2894,1335,pärnu,TRANSFER,-77,2024-05-05,TRANSFER-6941
2895,1055,tallinn,ADJUSTMENT,-3,2024-05-19,ADJ-9668
2896,1004,pärnu,TRANSFER,58,2024-11-15,TRANSFER-5028
2897,1284,pärnu,OUT,-10,2024-02-09,ORD-70622
2898,1313,ladu,OUT,-40,2024-10-22,ORD-61148
2899,1330,pärnu,OUT,-30,2024-08-01,ORD-67012
2900,1239,tallinn,ADJUSTMENT,8,2024-03-29,ADJ-1028
2901,1309,ladu,TRANSFER,-24,2024-08-06,TRANSFER-8798
2902,1066,pärnu,ADJUSTMENT,10,2024-10-30,ADJ-7407
2903,1162,tallinn,IN,12,2024-09-03,PO-53950
2904,1195,tartu,TRANSFER,68,2024-02-16,TRANSFER-5216
2905,1235,tartu,OUT,-11,2024-08-21,ORD-30993
2906,1146,ladu,IN,98,2025-02-01,PO-31937
2907,1288,tallinn,OUT,-45,2024-08-28,ORD-42438
2908,1029,tartu,IN,102,2024-12-23,PO-35176
2909,1349,tartu,ADJUSTMENT,15,2025-01-10,ADJ-1124
2910,1004,ladu,TRANSFER,32,2024-03-16,TRANSFER-3065
2911,1124,pärnu,IN,60,2024-05-07,PO-86255
2912,1122,tallinn,OUT,-26,2024-06-26,ORD-85435
2913,1151,ladu,OUT,-26,2024-02-22,ORD-14821
2914,1271,ladu,IN,75,2024-12-15,PO-52001
2915,1124,pärnu,IN,93,2024-06-29,PO-61596
2916,1158,tartu,TRANSFER,60,2024-08-10,TRANSFER-8818
2917,1076,ladu,TRANSFER,-82,2024-02-18,TRANSFER-3934
2918,1327,ladu,IN,198,2024-01-27,PO-79416
2919,1075,pärnu,OUT,-33,2024-01-27,ORD-92602
2920,1211,tartu,OUT,-44,2024-04-08,ORD-51204
2921,1097,ladu,TRANSFER,-53,2024-07-30,TRANSFER-3877
2922,1104,pärnu,OUT,-29,2025-02-09,ORD-10924
2923,1287,pärnu,IN,155,2024-06-18,PO-92829
2924,1225,ladu,IN,166,2024-01-12,PO-62817
2925,1034,tartu,TRANSFER,79,2024-12-30,TRANSFER-6668
2926,1211,tallinn,IN,117,2024-08-26,PO-32362
2927,1192,ladu,ADJUSTMENT,8,2024-12-24,ADJ-4262
2928,1214,tallinn,ADJUSTMENT,-15,2024-09-12,ADJ-7294
2929,1073,tallinn,OUT,-8,2024-09-02,ORD-30664
2930,1126,ladu,IN,111,2024-04-06,PO-82754
2931,1197,tartu,TRANSFER,-65,2024-11-30,TRANSFER-8560
2932,1310,tallinn,IN,69,2024-07-01,PO-69018
2933,1116,ladu,TRANSFER,89,2024-12-29,TRANSFER-2853
2934,1289,pärnu,ADJUSTMENT,16,2025-01-10,ADJ-1876
2935,1073,tallinn,IN,143,2024-05-24,PO-35495
2936,1310,ladu,IN,142,2024-10-14,PO-45845
2937,1199,pärnu,IN,84,2024-08-28,PO-33848
2938,1054,ladu,OUT,-7,2024-03-16,ORD-52817
2939,1048,tallinn,IN,73,2025-01-25,PO-33956
2940,1105,tallinn,OUT,-14,2024-11-14,ORD-80304
2941,1040,tartu,OUT,-17,2025-01-21,ORD-69415
2942,1230,tartu,IN,148,2024-04-07,PO-97790
2943,1137,ladu,IN,117,2024-05-23,PO-32090
2944,1105,tartu,OUT,-48,2024-12-24,ORD-80000
2945,1163,tartu,ADJUSTMENT,23,2024-08-09,ADJ-1527
2946,1124,tartu,OUT,-37,2024-10-17,ORD-43631
2947,1312,ladu,IN,11,2024-06-06,PO-54269
2948,1350,ladu,OUT,-25,2024-04-09,ORD-61918
2949,1287,ladu,OUT,-27,2024-10-14,ORD-52165
2950,1055,tartu,OUT,-36,2024-06-30,ORD-31515
2951,1250,tartu,IN,42,2024-12-29,PO-46056
2952,1139,ladu,IN,53,2024-11-08,PO-27658
2953,1305,tallinn,OUT,-25,2024-04-29,ORD-42991
2954,1019,pärnu,ADJUSTMENT,-4,2024-01-22,ADJ-6400
2955,1139,ladu,OUT,-38,2024-12-26,ORD-65068
2956,1037,tartu,IN,182,2024-11-06,PO-89229
2957,1345,pärnu,IN,193,2024-05-09,PO-20293
2958,1306,ladu,IN,56,2024-05-18,PO-22776
2959,1179,tartu,IN,26,2024-11-28,PO-15304
2960,1276,tallinn,OUT,-33,2024-01-27,ORD-53787
2961,1284,ladu,IN,52,2024-04-13,PO-25831
2962,1102,ladu,TRANSFER,57,2024-10-14,TRANSFER-7443
2963,1075,pärnu,IN,145,2024-02-23,PO-48480
2964,1286,tallinn,IN,165,2024-06-04,PO-74769
2965,1231,tartu,ADJUSTMENT,-10,2024-07-04,ADJ-2735
2966,1019,ladu,IN,31,2024-08-04,PO-10653
2967,1081,tartu,OUT,-4,2025-01-29,ORD-20787
2968,1009,tartu,ADJUSTMENT,19,2024-01-08,ADJ-6604
2969,1087,tartu,ADJUSTMENT,8,2024-02-25,ADJ-6293
2970,1076,ladu,TRANSFER,-39,2024-11-15,TRANSFER-9708
2971,1036,tartu,IN,136,2024-11-14,PO-23526
2972,1187,ladu,OUT,-47,2024-06-01,ORD-22743
2973,1073,tallinn,OUT,-23,2024-12-25,ORD-47555
2974,1066,pärnu,IN,181,2024-09-11,PO-52218
2975,1047,ladu,IN,190,2024-01-04,PO-88513
2976,1212,pärnu,ADJUSTMENT,-4,2024-08-16,ADJ-3884
2977,1032,ladu,OUT,-27,2024-06-05,ORD-74220
2978,1165,pärnu,OUT,-23,2024-02-21,ORD-27462
2979,1112,ladu,OUT,-36,2024-07-03,ORD-35495
2980,1348,pärnu,OUT,-8,2025-01-12,ORD-99726
2981,1296,pärnu,OUT,-43,2025-02-21,ORD-75354
2982,1264,ladu,OUT,-12,2024-04-29,ORD-55633
2983,1273,tallinn,OUT,-27,2025-01-01,ORD-10214
2984,1098,tartu,IN,80,2024-11-02,PO-34176
2985,1236,tartu,ADJUSTMENT,-11,2024-01-29,ADJ-5698
2986,1183,tartu,IN,181,2024-05-03,PO-56400
2987,1308,ladu,TRANSFER,4,2024-09-17,TRANSFER-6453
2988,1185,ladu,OUT,-47,2024-03-10,ORD-48690
2989,1187,tallinn,TRANSFER,-94,2024-02-25,TRANSFER-1203
2990,1169,tallinn,ADJUSTMENT,2,2025-02-25,ADJ-4229
2991,1334,pärnu,OUT,-10,2024-03-10,ORD-42382
2992,1220,ladu,OUT,-8,2024-01-09,ORD-67702
2993,1336,tartu,OUT,-24,2024-11-26,ORD-73135
2994,1093,tartu,OUT,-1,2024-10-26,ORD-41398
2995,1034,pärnu,OUT,-3,2024-10-21,ORD-81798
2996,1084,tallinn,IN,167,2024-09-12,PO-79579
2997,1061,ladu,TRANSFER,-60,2024-05-19,TRANSFER-5035
2998,1164,tallinn,IN,12,2025-01-12,PO-44661
2999,1349,pärnu,OUT,-42,2024-11-19,ORD-50615
3000,1122,pärnu,TRANSFER,38,2024-01-11,TRANSFER-6855
3001,1162,tartu,IN,79,2024-12-27,PO-67156
3002,1350,tartu,OUT,-29,2024-11-30,ORD-21196
3003,1061,tallinn,OUT,-38,2024-02-29,ORD-93323
3004,1018,pärnu,TRANSFER,-50,2024-04-05,TRANSFER-4694
3005,1025,tartu,IN,70,2025-02-17,PO-15121
3006,1047,tallinn,IN,156,2024-12-18,PO-11371
3007,1130,pärnu,OUT,-37,2025-02-12,ORD-90633
3008,1030,pärnu,IN,13,2024-11-30,PO-87323
3009,1033,tartu,OUT,-19,2024-07-20,ORD-13184
3010,1236,pärnu,IN,139,2024-01-27,PO-99044
3011,1278,ladu,OUT,-31,2024-02-07,ORD-67992
3012,1099,tallinn,OUT,-31,2024-09-18,ORD-34081
3013,1061,ladu,TRANSFER,77,2024-05-27,TRANSFER-5726
3014,1017,tallinn,OUT,-40,2024-07-03,ORD-65338
3015,1311,tartu,ADJUSTMENT,3,2024-02-22,ADJ-7589
3016,1320,ladu,ADJUSTMENT,-15,2024-01-27,ADJ-6347
3017,1335,ladu,TRANSFER,-55,2025-02-06,TRANSFER-7149
3018,1029,tartu,IN,85,2024-02-18,PO-13053
3019,1222,tallinn,TRANSFER,-51,2024-01-19,TRANSFER-5940
3020,1230,ladu,ADJUSTMENT,20,2025-01-10,ADJ-6637
3021,1130,pärnu,OUT,-31,2024-04-20,ORD-92863
3022,1231,tallinn,IN,13,2024-03-09,PO-51032
3023,1285,tartu,OUT,-30,2024-04-30,ORD-12948
3024,1199,pärnu,IN,97,2024-06-22,PO-83913
3025,1061,ladu,TRANSFER,-34,2024-01-24,TRANSFER-9984
3026,1020,ladu,IN,123,2024-07-26,PO-48837
3027,1237,tallinn,IN,198,2025-01-03,PO-33957
3028,1110,pärnu,TRANSFER,35,2024-10-03,TRANSFER-1513
3029,1018,ladu,TRANSFER,-73,2024-01-29,TRANSFER-4478
3030,1263,ladu,IN,158,2024-06-11,PO-99103
3031,1115,tartu,OUT,-25,2024-11-17,ORD-74591
3032,1241,ladu,OUT,-21,2025-02-10,ORD-53814
3033,1197,pärnu,IN,48,2024-08-27,PO-97176
3034,1306,tallinn,TRANSFER,-61,2025-02-28,TRANSFER-3433
3035,1013,pärnu,IN,125,2024-12-15,PO-77059
3036,1242,ladu,OUT,-30,2024-07-04,ORD-56199
3037,1232,tartu,IN,126,2024-05-11,PO-78372
3038,1026,tallinn,TRANSFER,-93,2024-12-16,TRANSFER-6948
3039,1017,tartu,IN,101,2024-01-28,PO-16775
3040,1210,tallinn,IN,22,2024-03-01,PO-39638
3041,1002,pärnu,OUT,-46,2024-07-05,ORD-21537
3042,1071,tartu,TRANSFER,-98,2024-08-16,TRANSFER-3151
3043,1288,tallinn,IN,105,2024-01-15,PO-56388
3044,1349,tallinn,IN,56,2024-10-07,PO-96527
3045,1284,ladu,IN,24,2024-01-11,PO-25119
3046,1002,ladu,OUT,-42,2025-02-07,ORD-65094
3047,1211,pärnu,IN,44,2024-01-25,PO-34319
3048,1045,ladu,OUT,-42,2024-01-18,ORD-22286
3049,1066,tartu,OUT,-5,2024-01-31,ORD-71895
3050,1193,pärnu,IN,96,2024-08-09,PO-48603
3051,1264,ladu,OUT,-46,2024-11-09,ORD-79846
3052,1053,ladu,IN,44,2024-01-24,PO-36175
3053,1306,pärnu,OUT,-41,2024-08-31,ORD-77039
3054,1305,ladu,OUT,-37,2024-06-21,ORD-32588
3055,1115,tartu,OUT,-3,2024-09-10,ORD-37197
3056,1019,pärnu,OUT,-4,2025-01-07,ORD-17790
3057,1026,pärnu,IN,132,2024-06-05,PO-86424
3058,1335,ladu,OUT,-34,2024-03-16,ORD-10579
3059,1197,ladu,OUT,-39,2024-05-17,ORD-12674
3060,1219,tartu,IN,54,2024-06-24,PO-60564
3061,1048,pärnu,OUT,-25,2024-09-16,ORD-58671
3062,1117,pärnu,TRANSFER,-5,2024-05-13,TRANSFER-2113
3063,1274,pärnu,OUT,-40,2024-08-05,ORD-76784
3064,1127,ladu,IN,191,2025-02-09,PO-82003
3065,1185,tartu,ADJUSTMENT,-8,2024-05-14,ADJ-8516
3066,1219,tartu,OUT,-43,2025-02-09,ORD-80747
3067,1128,tartu,OUT,-46,2024-06-07,ORD-97081
3068,1154,ladu,TRANSFER,-78,2024-10-28,TRANSFER-5011
3069,1206,tartu,IN,196,2024-03-14,PO-18408
3070,1196,ladu,IN,65,2024-03-04,PO-97504
3071,1244,tallinn,OUT,-16,2024-06-16,ORD-81277
3072,1278,tartu,IN,95,2024-12-15,PO-19620
3073,1131,tallinn,OUT,-2,2024-05-13,ORD-40882
3074,1181,pärnu,OUT,-15,2024-08-26,ORD-46126
3075,1041,ladu,IN,69,2024-01-12,PO-59936
3076,1201,ladu,TRANSFER,-74,2024-03-04,TRANSFER-3804
3077,1011,tartu,IN,53,2024-09-12,PO-52324
3078,1041,pärnu,ADJUSTMENT,-22,2024-07-22,ADJ-8006
3079,1105,ladu,OUT,-38,2024-08-25,ORD-15707
3080,1338,pärnu,TRANSFER,86,2024-10-29,TRANSFER-5704
3081,1219,ladu,IN,154,2024-11-13,PO-48053
3082,1041,tallinn,TRANSFER,39,2025-02-20,TRANSFER-5464
3083,1176,tartu,IN,176,2024-09-05,PO-13507
3084,1037,tallinn,OUT,-20,2024-10-19,ORD-93786
3085,1205,ladu,TRANSFER,-4,2025-01-16,TRANSFER-9293
3086,1080,ladu,OUT,-8,2024-01-01,ORD-14419
3087,1337,tartu,IN,196,2024-01-30,PO-10816
3088,1053,tallinn,OUT,-10,2024-11-30,ORD-26544
3089,1283,tartu,OUT,-36,2024-04-18,ORD-94009
3090,1067,tallinn,IN,7,2024-04-14,PO-87730
3091,1166,tallinn,TRANSFER,-67,2024-05-30,TRANSFER-9935
3092,1163,tallinn,OUT,-36,2024-06-04,ORD-85514
3093,1051,tallinn,OUT,-6,2024-12-31,ORD-46915
3094,1265,tallinn,TRANSFER,-40,2024-01-29,TRANSFER-1553
3095,1346,pärnu,OUT,-36,2024-09-21,ORD-63874
3096,1021,tallinn,IN,124,2024-01-14,PO-50723
3097,1316,tartu,OUT,-37,2024-08-02,ORD-29567
3098,1171,tartu,IN,129,2024-03-23,PO-42613
3099,1152,pärnu,TRANSFER,23,2025-02-02,TRANSFER-8260
3100,1027,ladu,IN,199,2024-09-23,PO-54888
3101,1262,pärnu,IN,62,2024-02-05,PO-84513
3102,1293,tallinn,ADJUSTMENT,23,2024-03-17,ADJ-2478
3103,1037,ladu,IN,76,2024-08-29,PO-54885
3104,1166,tallinn,OUT,-12,2024-06-04,ORD-96641
3105,1087,tartu,ADJUSTMENT,-15,2024-08-27,ADJ-4748
3106,1015,tartu,TRANSFER,-69,2024-01-08,TRANSFER-5979
3107,1297,ladu,TRANSFER,25,2024-02-21,TRANSFER-2205
3108,1278,pärnu,OUT,-33,2024-12-21,ORD-22988
3109,1345,ladu,IN,162,2024-06-09,PO-43501
3110,1259,pärnu,IN,82,2024-01-24,PO-63721
3111,1238,tartu,OUT,-42,2024-09-29,ORD-63764
3112,1142,tallinn,IN,9,2024-01-19,PO-76745
3113,1089,tartu,OUT,-26,2024-02-07,ORD-86570
3114,1111,tartu,IN,165,2024-12-29,PO-99316
3115,1190,tartu,OUT,-48,2025-01-24,ORD-58546
3116,1135,tallinn,OUT,-17,2024-03-17,ORD-65325
3117,1337,ladu,IN,168,2024-08-15,PO-90443
3118,1122,ladu,OUT,-23,2025-01-10,ORD-87122
3119,1343,tartu,ADJUSTMENT,1,2024-04-28,ADJ-8708
3120,1199,tartu,OUT,-40,2024-08-19,ORD-65877
3121,1343,tartu,TRANSFER,55,2024-04-10,TRANSFER-8699
3122,1066,tartu,OUT,-46,2024-02-07,ORD-17719
3123,1237,ladu,IN,60,2024-04-11,PO-67542
3124,1003,tallinn,OUT,-12,2024-01-16,ORD-41518
3125,1034,ladu,IN,31,2024-05-23,PO-40772
3126,1340,tallinn,IN,115,2024-08-05,PO-64994
3127,1231,ladu,OUT,-47,2024-01-06,ORD-21636
3128,1288,pärnu,ADJUSTMENT,-10,2024-10-10,ADJ-3644
3129,1333,ladu,OUT,-37,2025-01-20,ORD-62946
3130,1083,pärnu,OUT,-25,2024-10-07,ORD-10866
3131,1306,pärnu,ADJUSTMENT,-18,2024-11-14,ADJ-4101
3132,1265,tartu,TRANSFER,-48,2024-05-16,TRANSFER-7786
3133,1087,tartu,OUT,-33,2024-05-19,ORD-17828
3134,1277,ladu,OUT,-15,2024-03-05,ORD-42413
3135,1025,ladu,IN,5,2024-11-16,PO-54655
3136,1189,tallinn,OUT,-43,2024-03-08,ORD-13894
3137,1318,tallinn,IN,140,2024-01-28,PO-61776
3138,1147,tartu,IN,25,2024-10-20,PO-75697
3139,1242,tartu,TRANSFER,-53,2024-05-29,TRANSFER-2788
3140,1197,tallinn,IN,191,2024-08-20,PO-15165
3141,1233,ladu,IN,40,2024-10-09,PO-27481
3142,1165,tartu,OUT,-18,2024-10-21,ORD-79244
3143,1224,tallinn,TRANSFER,-68,2024-11-07,TRANSFER-2319
3144,1251,tartu,IN,184,2024-05-13,PO-79746
3145,1004,tallinn,ADJUSTMENT,29,2024-01-10,ADJ-8572
3146,1232,tallinn,ADJUSTMENT,-25,2024-04-30,ADJ-6006
3147,1208,tallinn,IN,143,2024-09-13,PO-11460
3148,1314,pärnu,OUT,-44,2024-07-05,ORD-11364
3149,1003,pärnu,OUT,-1,2024-09-08,ORD-61062
3150,1325,tartu,TRANSFER,-68,2024-08-17,TRANSFER-5125
3151,1196,pärnu,ADJUSTMENT,29,2024-04-16,ADJ-4499
3152,1045,ladu,IN,83,2024-09-15,PO-97641
3153,1129,ladu,OUT,-29,2025-02-14,ORD-16543
3154,1137,pärnu,OUT,-21,2024-10-08,ORD-61722
3155,1021,tallinn,OUT,-37,2024-12-22,ORD-78596
3156,1272,ladu,IN,63,2025-01-29,PO-62352
3157,1257,tartu,OUT,-6,2024-09-29,ORD-54762
3158,1235,tallinn,OUT,-39,2024-01-08,ORD-96090
3159,1077,tartu,TRANSFER,-28,2024-07-27,TRANSFER-4684
3160,1193,tartu,ADJUSTMENT,-17,2024-11-21,ADJ-9431
3161,1226,ladu,TRANSFER,91,2024-08-20,TRANSFER-4655
3162,1272,tartu,OUT,-14,2024-04-09,ORD-32727
3163,1250,tallinn,IN,172,2024-09-12,PO-95488
3164,1271,pärnu,IN,138,2025-01-05,PO-76276
3165,1117,tartu,IN,150,2024-03-06,PO-36284
3166,1286,tartu,OUT,-37,2024-06-10,ORD-90884
3167,1304,pärnu,IN,121,2024-12-29,PO-18250
3168,1273,tartu,OUT,-6,2024-12-22,ORD-37406
3169,1112,pärnu,OUT,-32,2024-09-27,ORD-60556
3170,1320,tallinn,IN,129,2024-01-15,PO-30336
3171,1293,pärnu,OUT,-35,2024-01-02,ORD-28356
3172,1080,ladu,IN,93,2024-11-06,PO-87807
3173,1023,tartu,IN,5,2024-11-16,PO-76263
3174,1302,ladu,OUT,-12,2024-04-18,ORD-69401
3175,1132,pärnu,OUT,-28,2025-02-20,ORD-31754
3176,1196,pärnu,OUT,-19,2024-12-15,ORD-73155
3177,1178,ladu,OUT,-45,2025-01-13,ORD-29556
3178,1190,tartu,TRANSFER,-34,2024-02-26,TRANSFER-5480
3179,1336,ladu,IN,179,2024-04-16,PO-53883
3180,1243,tartu,OUT,-1,2024-10-19,ORD-48891
3181,1132,tartu,OUT,-33,2024-10-18,ORD-26881
3182,1336,tartu,TRANSFER,37,2024-12-03,TRANSFER-7014
3183,1135,tartu,IN,186,2024-08-10,PO-52586
3184,1244,tartu,OUT,-3,2024-02-18,ORD-83000
3185,1128,ladu,OUT,-19,2024-05-28,ORD-54055
3186,1051,tartu,IN,106,2024-12-20,PO-93615
3187,1323,ladu,OUT,-4,2024-09-03,ORD-31516
3188,1346,pärnu,OUT,-43,2025-02-02,ORD-14810
3189,1335,pärnu,IN,114,2024-02-08,PO-34365
3190,1018,tartu,OUT,-35,2024-03-09,ORD-97618
3191,1053,tallinn,IN,184,2024-04-21,PO-44988
3192,1258,ladu,OUT,-43,2024-05-09,ORD-13892
3193,1243,pärnu,IN,7,2024-08-21,PO-13398
3194,1072,ladu,IN,31,2024-06-19,PO-98970
3195,1074,tallinn,OUT,-37,2024-06-02,ORD-48926
3196,1152,tartu,ADJUSTMENT,16,2024-02-24,ADJ-5769
3197,1345,tartu,IN,158,2024-03-11,PO-21441
3198,1100,ladu,OUT,-28,2024-01-15,ORD-21226
3199,1201,tartu,ADJUSTMENT,-27,2024-01-11,ADJ-7844
3200,1082,tartu,IN,122,2024-10-15,PO-39441
3201,1063,pärnu,ADJUSTMENT,13,2025-01-10,ADJ-3897
3202,1166,ladu,OUT,-6,2024-04-15,ORD-86919
3203,1143,tallinn,IN,71,2024-11-08,PO-56981
3204,1325,tartu,IN,6,2024-06-29,PO-11486
3205,1106,pärnu,OUT,-3,2024-04-25,ORD-94697
3206,1306,pärnu,TRANSFER,-55,2025-01-01,TRANSFER-2546
3207,1008,tallinn,IN,168,2024-12-17,PO-75014
3208,1181,tallinn,IN,132,2024-12-07,PO-54537
3209,1083,tartu,IN,97,2024-01-15,PO-14104
3210,1015,pärnu,TRANSFER,57,2024-11-29,TRANSFER-5760
3211,1112,tartu,OUT,-9,2024-01-28,ORD-46881
3212,1294,pärnu,ADJUSTMENT,6,2024-10-13,ADJ-4508
3213,1338,tallinn,ADJUSTMENT,-18,2024-05-29,ADJ-7023
3214,1186,ladu,IN,110,2024-07-26,PO-18455
3215,1093,pärnu,IN,56,2024-08-10,PO-64786
3216,1044,ladu,OUT,-17,2024-07-18,ORD-44899
3217,1060,tallinn,ADJUSTMENT,4,2024-06-09,ADJ-1637
3218,1226,tallinn,OUT,-12,2025-01-01,ORD-99949
3219,1311,pärnu,OUT,-8,2024-12-02,ORD-18707
3220,1332,tallinn,OUT,-16,2024-01-13,ORD-66395
3221,1334,ladu,TRANSFER,50,2024-12-04,TRANSFER-9152
3222,1085,ladu,OUT,-47,2024-01-23,ORD-82916
3223,1229,tartu,OUT,-12,2024-05-15,ORD-18720
3224,1282,ladu,TRANSFER,-9,2024-03-21,TRANSFER-6389
3225,1326,tartu,OUT,-11,2024-04-08,ORD-73859
3226,1066,pärnu,OUT,-12,2025-01-09,ORD-10032
3227,1121,tallinn,TRANSFER,-30,2024-11-01,TRANSFER-8060
3228,1220,ladu,OUT,-46,2025-01-13,ORD-68379
3229,1246,tartu,OUT,-8,2024-07-03,ORD-83079
3230,1157,tartu,TRANSFER,-11,2024-10-14,TRANSFER-9300
3231,1287,pärnu,ADJUSTMENT,-19,2024-01-14,ADJ-9995
3232,1184,tartu,IN,59,2024-01-10,PO-59043
3233,1236,pärnu,TRANSFER,-49,2024-04-27,TRANSFER-8273
3234,1132,tartu,OUT,-48,2024-03-21,ORD-11396
3235,1222,tallinn,IN,92,2025-01-11,PO-71933
3236,1120,ladu,OUT,-44,2024-01-20,ORD-71244
3237,1320,tartu,OUT,-23,2024-03-20,ORD-87808
3238,1001,ladu,ADJUSTMENT,-17,2024-09-28,ADJ-5603
3239,1221,tallinn,OUT,-47,2024-07-23,ORD-58748
3240,1212,tartu,OUT,-5,2024-02-16,ORD-55269
3241,1043,tartu,IN,195,2024-10-04,PO-12672
3242,1220,tallinn,OUT,-18,2024-02-03,ORD-45894
3243,1158,ladu,IN,163,2025-01-25,PO-53570
3244,1255,tallinn,OUT,-25,2024-08-10,ORD-10983
3245,1043,ladu,IN,68,2024-12-28,PO-23964
3246,1150,pärnu,ADJUSTMENT,6,2024-10-21,ADJ-6067
3247,1346,ladu,OUT,-44,2024-05-09,ORD-26900
3248,1089,pärnu,IN,150,2024-10-05,PO-62201
3249,1190,ladu,IN,126,2025-01-02,PO-40937
3250,1008,ladu,IN,65,2024-06-11,PO-72461
3251,1303,ladu,IN,31,2024-04-06,PO-64800
3252,1033,pärnu,OUT,-36,2024-03-29,ORD-13761
3253,1330,tallinn,ADJUSTMENT,-18,2024-01-24,ADJ-5535
3254,1336,pärnu,ADJUSTMENT,9,2024-01-26,ADJ-2773
3255,1036,tartu,OUT,-5,2025-01-01,ORD-83947
3256,1133,tallinn,ADJUSTMENT,11,2024-12-20,ADJ-9132
3257,1092,ladu,TRANSFER,27,2024-08-02,TRANSFER-1371
3258,1221,tartu,OUT,-11,2024-09-06,ORD-34066
3259,1062,tartu,OUT,-11,2024-12-23,ORD-65715
3260,1005,ladu,TRANSFER,-57,2024-05-31,TRANSFER-1786
3261,1141,ladu,ADJUSTMENT,4,2024-01-28,ADJ-6148
3262,1183,ladu,IN,6,2024-03-08,PO-54086
3263,1017,tartu,OUT,-25,2025-01-19,ORD-92264
3264,1002,tallinn,OUT,-23,2024-08-12,ORD-27667
3265,1292,ladu,OUT,-32,2024-08-06,ORD-34913
3266,1175,ladu,OUT,-17,2024-11-02,ORD-41627
3267,1115,tartu,ADJUSTMENT,27,2024-01-06,ADJ-4070
3268,1290,tartu,OUT,-38,2025-02-11,ORD-70763
3269,1121,ladu,OUT,-50,2024-02-18,ORD-14162
3270,1325,tallinn,OUT,-14,2024-01-07,ORD-63403
3271,1238,pärnu,OUT,-30,2024-06-22,ORD-62628
3272,1257,ladu,OUT,-40,2024-09-13,ORD-20053
3273,1262,tartu,IN,113,2024-05-20,PO-59562
3274,1181,tartu,IN,102,2024-05-26,PO-40010
3275,1010,pärnu,IN,139,2024-01-27,PO-84853
3276,1099,pärnu,OUT,-23,2024-12-27,ORD-45196
3277,1197,tallinn,OUT,-30,2024-11-24,ORD-33479
3278,1029,tartu,OUT,-5,2024-11-26,ORD-18812
3279,1159,tartu,TRANSFER,91,2025-02-13,TRANSFER-8584
3280,1043,tartu,TRANSFER,-82,2024-03-22,TRANSFER-5839
3281,1342,ladu,IN,64,2024-07-01,PO-95981
3282,1158,pärnu,OUT,-5,2024-11-06,ORD-85471
3283,1020,tallinn,OUT,-15,2024-10-15,ORD-54718
3284,1206,ladu,OUT,-40,2025-02-06,ORD-16528
3285,1198,tartu,IN,115,2024-08-26,PO-75037
3286,1054,pärnu,IN,178,2024-06-11,PO-70821
3287,1173,tallinn,OUT,-34,2024-12-09,ORD-85243
3288,1269,tallinn,IN,192,2025-01-01,PO-81111
3289,1188,tallinn,OUT,-13,2024-09-28,ORD-18728
3290,1321,pärnu,OUT,-19,2024-06-16,ORD-79976
3291,1119,ladu,OUT,-34,2024-03-12,ORD-49811
3292,1240,tallinn,OUT,-30,2024-11-20,ORD-69342
3293,1280,tartu,IN,129,2024-05-22,PO-55528
3294,1077,tallinn,IN,21,2024-11-20,PO-60581
3295,1241,ladu,OUT,-4,2024-10-22,ORD-26645
3296,1188,tartu,OUT,-43,2024-06-05,ORD-83274
3297,1047,tallinn,OUT,-47,2024-11-09,ORD-52479
3298,1345,ladu,OUT,-4,2024-03-04,ORD-28113
3299,1004,pärnu,IN,190,2024-11-27,PO-68065
3300,1058,tartu,IN,18,2024-06-24,PO-38586
3301,1296,tartu,OUT,-29,2024-07-11,ORD-69127
3302,1337,tallinn,OUT,-13,2024-04-27,ORD-60798
3303,1254,ladu,TRANSFER,-79,2025-02-11,TRANSFER-8428
3304,1342,pärnu,OUT,-4,2024-02-22,ORD-62610
3305,1290,tallinn,IN,183,2024-06-20,PO-80790
3306,1208,ladu,IN,51,2024-10-03,PO-65081
3307,1280,pärnu,OUT,-18,2024-08-09,ORD-66692
3308,1231,ladu,OUT,-50,2024-02-12,ORD-98617
3309,1006,tallinn,IN,85,2025-02-28,PO-51709
3310,1099,pärnu,IN,188,2024-11-25,PO-46113
3311,1222,ladu,IN,189,2024-09-17,PO-47959
3312,1029,ladu,ADJUSTMENT,-12,2024-02-06,ADJ-3475
3313,1275,tallinn,OUT,-44,2024-09-08,ORD-60645
3314,1135,pärnu,OUT,-12,2025-02-24,ORD-49786
3315,1140,tallinn,IN,55,2024-10-02,PO-49097
3316,1214,pärnu,OUT,-16,2024-04-11,ORD-95605
3317,1161,tartu,IN,178,2024-11-25,PO-12167
3318,1182,pärnu,IN,132,2024-04-02,PO-62520
3319,1155,ladu,IN,184,2024-10-25,PO-57665
3320,1208,tartu,IN,65,2024-07-29,PO-48471
3321,1067,tallinn,OUT,-8,2025-02-25,ORD-37086
3322,1208,tallinn,IN,183,2024-05-03,PO-59752
3323,1253,ladu,IN,132,2024-04-14,PO-83036
3324,1043,pärnu,OUT,-48,2024-11-03,ORD-52865
3325,1257,tartu,ADJUSTMENT,-4,2024-12-06,ADJ-7370
3326,1197,tallinn,OUT,-49,2024-10-24,ORD-84442
3327,1069,tartu,IN,91,2024-05-24,PO-23557
3328,1132,ladu,IN,69,2024-09-03,PO-19595
3329,1177,ladu,OUT,-47,2025-01-05,ORD-98782
3330,1079,tallinn,IN,43,2024-06-20,PO-74181
3331,1065,tartu,OUT,-41,2024-07-14,ORD-33613
3332,1259,tallinn,OUT,-44,2024-03-13,ORD-66410
3333,1105,tartu,IN,103,2024-01-20,PO-31077
3334,1167,pärnu,ADJUSTMENT,-25,2024-06-14,ADJ-6088
3335,1038,pärnu,IN,98,2024-09-04,PO-90382
3336,1325,tallinn,OUT,-5,2025-01-13,ORD-43150
3337,1197,tartu,OUT,-37,2024-09-15,ORD-78921
3338,1213,tallinn,IN,108,2024-02-28,PO-35773
3339,1235,ladu,TRANSFER,-58,2024-11-16,TRANSFER-7723
3340,1093,ladu,OUT,-20,2025-02-08,ORD-73689
3341,1293,tartu,ADJUSTMENT,-23,2024-08-19,ADJ-6694
3342,1335,tallinn,OUT,-29,2024-04-19,ORD-99635
3343,1126,ladu,IN,19,2024-07-29,PO-66579
3344,1011,ladu,OUT,-2,2024-06-24,ORD-13240
3345,1248,pärnu,OUT,-27,2024-01-11,ORD-38344
3346,1142,tallinn,IN,135,2024-09-20,PO-21768
3347,1350,ladu,IN,54,2024-04-24,PO-22817
3348,1271,ladu,IN,158,2024-08-31,PO-59774
3349,1247,tartu,OUT,-14,2024-08-10,ORD-25652
3350,1065,ladu,TRANSFER,-99,2024-11-13,TRANSFER-1330
3351,1189,tallinn,IN,132,2024-05-12,PO-59382
3352,1249,ladu,IN,155,2024-05-25,PO-86008
3353,1182,tallinn,IN,174,2024-04-26,PO-36041
3354,1013,tallinn,IN,122,2025-01-31,PO-39947
3355,1125,tallinn,IN,20,2024-05-21,PO-58254
3356,1297,pärnu,IN,109,2024-06-19,PO-77859
3357,1045,pärnu,OUT,-12,2024-10-03,ORD-35179
3358,1047,ladu,OUT,-5,2025-01-18,ORD-56716
3359,1148,tallinn,OUT,-50,2024-12-16,ORD-77811
3360,1289,tallinn,OUT,-19,2024-07-28,ORD-54887
3361,1066,tartu,TRANSFER,-75,2024-07-03,TRANSFER-9114
3362,1147,tallinn,IN,90,2024-07-08,PO-45313
3363,1328,ladu,IN,148,2024-06-19,PO-81171
3364,1098,tallinn,IN,10,2024-10-17,PO-60750
3365,1251,tallinn,IN,95,2024-08-29,PO-81477
3366,1098,tartu,IN,76,2025-02-09,PO-48666
3367,1215,ladu,OUT,-32,2024-11-30,ORD-72830
3368,1143,pärnu,IN,178,2024-12-23,PO-72917
3369,1069,tallinn,IN,62,2025-01-14,PO-96473
3370,1235,ladu,TRANSFER,-3,2024-09-29,TRANSFER-2731
3371,1307,ladu,OUT,-16,2024-11-06,ORD-51859
3372,1140,tartu,OUT,-1,2024-01-07,ORD-32705
3373,1085,pärnu,IN,128,2024-02-06,PO-93327
3374,1300,pärnu,OUT,-16,2024-11-26,ORD-55763
3375,1257,ladu,OUT,-39,2024-01-24,ORD-66314
3376,1070,pärnu,IN,86,2024-04-17,PO-52631
3377,1139,tallinn,ADJUSTMENT,19,2024-03-03,ADJ-9182
3378,1092,tartu,IN,118,2024-03-20,PO-96238
3379,1074,tartu,OUT,-45,2024-04-22,ORD-73119
3380,1335,pärnu,TRANSFER,-24,2025-02-12,TRANSFER-6251
3381,1129,tallinn,TRANSFER,-47,2024-08-29,TRANSFER-3767
3382,1302,tartu,IN,26,2025-02-18,PO-65050
3383,1116,tallinn,TRANSFER,27,2024-09-30,TRANSFER-9033
3384,1079,tartu,ADJUSTMENT,-6,2024-11-28,ADJ-9354
3385,1032,tallinn,IN,124,2024-06-13,PO-83159
3386,1120,pärnu,IN,102,2025-01-09,PO-23324
3387,1101,tallinn,OUT,-5,2024-08-20,ORD-17390
3388,1093,tartu,IN,10,2024-11-27,PO-37847
3389,1142,tartu,ADJUSTMENT,11,2024-08-28,ADJ-2929
3390,1063,pärnu,TRANSFER,50,2024-01-23,TRANSFER-8297
3391,1033,tartu,OUT,-46,2025-02-09,ORD-72917
3392,1218,tartu,IN,155,2024-12-21,PO-39123
3393,1079,tartu,TRANSFER,-20,2024-12-23,TRANSFER-7561
3394,1045,pärnu,OUT,-32,2025-02-13,ORD-22544
3395,1068,pärnu,OUT,-29,2024-08-01,ORD-90335
3396,1324,ladu,TRANSFER,-57,2024-03-07,TRANSFER-1606
3397,1043,pärnu,OUT,-15,2024-03-01,ORD-96700
3398,1020,tartu,IN,46,2024-09-18,PO-50330
3399,1167,ladu,IN,186,2024-04-11,PO-99093
3400,1190,tartu,OUT,-45,2024-09-23,ORD-10458
3401,1304,pärnu,IN,99,2024-06-02,PO-50417
3402,1334,tallinn,OUT,-31,2024-01-10,ORD-35171
3403,1019,tallinn,IN,107,2024-11-23,PO-11099
3404,1260,pärnu,OUT,-47,2024-04-10,ORD-53273
3405,1181,tartu,ADJUSTMENT,-18,2024-11-06,ADJ-3196
3406,1134,ladu,IN,75,2024-03-22,PO-58050
3407,1269,ladu,ADJUSTMENT,24,2024-02-08,ADJ-7618
3408,1023,ladu,IN,58,2024-04-23,PO-76886
3409,1132,ladu,OUT,-10,2024-06-05,ORD-36583
3410,1289,pärnu,OUT,-7,2024-08-16,ORD-60482
3411,1068,pärnu,IN,134,2024-02-16,PO-83422
3412,1136,pärnu,OUT,-37,2024-09-10,ORD-69607
3413,1331,pärnu,IN,52,2024-07-20,PO-40810
3414,1247,tallinn,OUT,-46,2024-08-26,ORD-87599
3415,1225,tallinn,IN,165,2024-10-23,PO-41666
3416,1262,tartu,IN,145,2024-09-22,PO-73139
3417,1256,tallinn,OUT,-5,2025-01-03,ORD-36241
3418,1028,ladu,OUT,-25,2024-03-06,ORD-32945
3419,1134,ladu,IN,37,2024-04-01,PO-33799
3420,1025,ladu,IN,124,2025-02-17,PO-82449
3421,1044,ladu,OUT,-21,2024-04-29,ORD-94108
3422,1298,tartu,OUT,-17,2024-06-13,ORD-31831
3423,1046,ladu,OUT,-41,2024-06-26,ORD-21791
3424,1321,ladu,IN,11,2024-11-24,PO-98797
3425,1110,pärnu,TRANSFER,89,2025-02-21,TRANSFER-2060
3426,1127,tartu,OUT,-29,2024-02-14,ORD-47933
3427,1213,tartu,OUT,-17,2024-02-22,ORD-22494
3428,1164,ladu,OUT,-35,2024-04-17,ORD-33598
3429,1279,pärnu,IN,176,2024-02-19,PO-71036
3430,1092,tartu,OUT,-26,2024-07-26,ORD-44708
3431,1075,pärnu,ADJUSTMENT,26,2024-07-24,ADJ-3272
3432,1297,tallinn,ADJUSTMENT,-2,2024-05-07,ADJ-9855
3433,1232,ladu,OUT,-35,2024-06-06,ORD-55614
3434,1129,tartu,OUT,-26,2024-11-09,ORD-11709
3435,1221,pärnu,IN,195,2024-03-07,PO-68505
3436,1138,tartu,IN,166,2024-06-20,PO-69754
3437,1150,ladu,IN,12,2024-09-26,PO-95502
3438,1092,pärnu,OUT,-33,2024-06-02,ORD-85697
3439,1280,tartu,OUT,-45,2024-09-14,ORD-96886
3440,1044,pärnu,IN,170,2024-12-15,PO-85045
3441,1218,pärnu,IN,64,2024-06-24,PO-85512
3442,1174,ladu,IN,116,2024-03-12,PO-29044
3443,1001,tartu,OUT,-45,2024-08-21,ORD-65437
3444,1052,tartu,TRANSFER,-10,2024-12-13,TRANSFER-7280
3445,1106,tartu,TRANSFER,90,2024-10-11,TRANSFER-6423
3446,1243,tartu,OUT,-31,2024-01-02,ORD-76055
3447,1158,ladu,OUT,-47,2024-11-18,ORD-40394
3448,1146,pärnu,IN,63,2024-06-20,PO-86987
3449,1247,pärnu,IN,192,2024-12-04,PO-62944
3450,1279,ladu,OUT,-46,2024-10-17,ORD-41073
3451,1139,ladu,ADJUSTMENT,21,2024-05-12,ADJ-1326
3452,1175,ladu,IN,44,2024-06-25,PO-30829
3453,1075,tartu,OUT,-23,2024-12-06,ORD-78647
3454,1214,tallinn,OUT,-39,2024-06-27,ORD-26544
3455,1318,ladu,TRANSFER,-100,2024-02-23,TRANSFER-6749
3456,1096,pärnu,TRANSFER,-63,2024-01-19,TRANSFER-7383
3457,1347,ladu,ADJUSTMENT,6,2024-05-22,ADJ-9417
3458,1015,ladu,ADJUSTMENT,-16,2024-08-02,ADJ-3754
3459,1266,tartu,ADJUSTMENT,-16,2025-02-23,ADJ-6036
3460,1216,tallinn,IN,139,2024-12-08,PO-16820
3461,1312,tartu,IN,157,2024-01-02,PO-15912
3462,1269,ladu,IN,38,2025-02-22,PO-57855
3463,1282,ladu,TRANSFER,-83,2024-07-12,TRANSFER-1465
3464,1149,ladu,OUT,-19,2024-04-26,ORD-64956
3465,1121,ladu,IN,148,2024-10-19,PO-43517
3466,1022,tallinn,TRANSFER,-82,2024-10-07,TRANSFER-1500
3467,1192,tallinn,OUT,-21,2024-05-02,ORD-80981
3468,1299,ladu,TRANSFER,-47,2024-03-20,TRANSFER-9463
3469,1310,tartu,TRANSFER,-43,2025-01-22,TRANSFER-6050
3470,1100,pärnu,ADJUSTMENT,9,2024-03-27,ADJ-8585
3471,1160,tartu,OUT,-24,2025-01-22,ORD-22105
3472,1332,ladu,OUT,-34,2025-02-27,ORD-49423
3473,1321,ladu,OUT,-34,2025-02-04,ORD-58992
3474,1314,ladu,IN,148,2024-08-20,PO-49106
3475,1180,pärnu,IN,143,2024-09-18,PO-93564
3476,1348,tartu,OUT,-3,2024-08-25,ORD-86686
3477,1333,ladu,ADJUSTMENT,-2,2024-01-26,ADJ-1880
3478,1232,ladu,TRANSFER,79,2024-04-04,TRANSFER-4387
3479,1219,tallinn,OUT,-33,2024-07-03,ORD-39306
3480,1279,tallinn,OUT,-45,2024-12-07,ORD-17293
3481,1074,tartu,OUT,-14,2024-12-24,ORD-83250
3482,1277,tallinn,IN,194,2024-12-07,PO-17073
3483,1284,tartu,OUT,-49,2024-08-31,ORD-85158
3484,1306,tallinn,TRANSFER,-5,2024-11-02,TRANSFER-4025
3485,1023,ladu,OUT,-20,2024-03-30,ORD-47313
3486,1350,tartu,OUT,-14,2024-05-06,ORD-22145
3487,1089,ladu,ADJUSTMENT,-27,2024-03-02,ADJ-4449
3488,1131,tartu,TRANSFER,-56,2024-11-24,TRANSFER-9522
3489,1149,tartu,OUT,-20,2024-11-14,ORD-56492
3490,1152,pärnu,OUT,-46,2024-02-23,ORD-72042
3491,1119,tallinn,OUT,-47,2024-07-13,ORD-85175
3492,1068,tallinn,ADJUSTMENT,-26,2024-08-13,ADJ-2111
3493,1167,pärnu,IN,129,2024-10-25,PO-26717
3494,1303,tartu,IN,15,2024-10-10,PO-53786
3495,1238,tallinn,OUT,-30,2024-09-08,ORD-86855
3496,1089,ladu,IN,12,2024-07-01,PO-75237
3497,1001,pärnu,OUT,-48,2024-07-27,ORD-59872
3498,1111,tartu,OUT,-39,2024-12-02,ORD-68385
3499,1348,ladu,OUT,-32,2024-07-23,ORD-23685
3500,1005,tallinn,IN,102,2024-04-06,PO-50351
3501,1092,tartu,TRANSFER,22,2024-06-03,TRANSFER-9951
3502,1044,pärnu,OUT,-18,2024-12-28,ORD-67568
3503,1059,tallinn,IN,55,2025-01-31,PO-25821
3504,1053,tartu,TRANSFER,-19,2024-10-17,TRANSFER-7327
3505,1345,pärnu,OUT,-44,2024-10-17,ORD-77753
3506,1142,ladu,ADJUSTMENT,5,2024-12-17,ADJ-9388
3507,1182,pärnu,IN,33,2024-09-26,PO-67979
3508,1349,tallinn,IN,64,2024-02-27,PO-26157
3509,1197,pärnu,OUT,-37,2024-11-19,ORD-76711
3510,1018,ladu,IN,78,2024-05-26,PO-30393
3511,1142,pärnu,OUT,-38,2024-02-18,ORD-55935
3512,1073,ladu,IN,116,2024-10-07,PO-82425
3513,1101,pärnu,IN,53,2024-10-15,PO-90431
3514,1019,tartu,OUT,-23,2025-01-16,ORD-82323
3515,1166,tallinn,IN,25,2024-09-14,PO-33201
3516,1126,tallinn,IN,184,2024-06-07,PO-56705
3517,1025,pärnu,IN,116,2024-11-29,PO-24029
3518,1013,ladu,IN,124,2024-01-04,PO-64951
3519,1327,tallinn,IN,116,2024-11-05,PO-47196
3520,1202,pärnu,IN,114,2024-02-09,PO-68339
3521,1089,ladu,TRANSFER,-79,2024-09-11,TRANSFER-9166
3522,1263,pärnu,IN,153,2024-10-31,PO-40067
3523,1113,tallinn,TRANSFER,25,2024-06-19,TRANSFER-1751
3524,1237,tartu,IN,163,2025-02-01,PO-39236
3525,1223,pärnu,TRANSFER,31,2024-12-05,TRANSFER-8382
3526,1206,ladu,IN,70,2024-04-24,PO-32386
3527,1272,tartu,TRANSFER,-10,2024-10-06,TRANSFER-1168
3528,1094,tallinn,IN,69,2024-08-10,PO-56745
3529,1334,tallinn,OUT,-3,2024-03-24,ORD-26289
3530,1029,pärnu,OUT,-32,2024-04-21,ORD-27293
3531,1018,ladu,OUT,-26,2024-09-02,ORD-11034
3532,1274,tallinn,OUT,-17,2024-08-11,ORD-45939
3533,1129,ladu,OUT,-23,2024-03-30,ORD-27091
3534,1017,pärnu,TRANSFER,95,2024-05-30,TRANSFER-6530
3535,1005,ladu,IN,31,2024-10-09,PO-82982
3536,1169,tartu,IN,44,2024-08-31,PO-65447
3537,1089,ladu,OUT,-38,2024-06-04,ORD-98772
3538,1098,ladu,IN,97,2024-08-19,PO-63787
3539,1073,ladu,TRANSFER,-71,2024-10-26,TRANSFER-6084
3540,1159,ladu,ADJUSTMENT,7,2024-01-11,ADJ-4293
3541,1232,pärnu,IN,115,2025-01-22,PO-42997
3542,1083,tallinn,OUT,-16,2024-07-15,ORD-40511
3543,1119,tartu,OUT,-37,2024-02-21,ORD-72309
3544,1213,tallinn,OUT,-44,2024-04-25,ORD-99906
3545,1146,ladu,IN,112,2025-02-28,PO-31185
3546,1159,ladu,OUT,-29,2024-08-30,ORD-24510
3547,1280,tallinn,IN,45,2024-03-11,PO-72949
3548,1128,tartu,OUT,-24,2024-05-17,ORD-57540
3549,1195,tartu,IN,86,2024-02-13,PO-60952
3550,1184,tallinn,OUT,-37,2024-04-26,ORD-21882
3551,1129,tartu,IN,48,2024-12-05,PO-45247
3552,1311,tartu,IN,65,2024-08-01,PO-72543
3553,1241,tallinn,ADJUSTMENT,-22,2024-03-19,ADJ-6718
3554,1202,ladu,TRANSFER,-86,2024-10-03,TRANSFER-5126
3555,1289,pärnu,OUT,-47,2025-01-30,ORD-55652
3556,1205,pärnu,IN,101,2024-06-04,PO-77364
3557,1054,tartu,OUT,-17,2025-01-14,ORD-76363
3558,1276,tartu,IN,44,2024-05-23,PO-28022
3559,1261,ladu,OUT,-13,2024-11-25,ORD-61795
3560,1231,tallinn,IN,75,2024-02-18,PO-93485
3561,1215,ladu,IN,21,2024-09-06,PO-60612
3562,1097,tallinn,OUT,-34,2024-05-25,ORD-78201
3563,1096,tallinn,OUT,-22,2024-01-26,ORD-21424
3564,1007,tartu,OUT,-12,2025-02-11,ORD-52468
3565,1074,pärnu,TRANSFER,-4,2024-03-16,TRANSFER-6695
3566,1160,tallinn,ADJUSTMENT,26,2024-06-19,ADJ-9716
3567,1251,pärnu,TRANSFER,-62,2024-07-27,TRANSFER-8816
3568,1104,tartu,IN,187,2024-10-21,PO-83259
3569,1178,tartu,TRANSFER,-41,2024-12-26,TRANSFER-2155
3570,1227,pärnu,ADJUSTMENT,-22,2025-01-30,ADJ-5195
3571,1264,ladu,OUT,-40,2024-04-14,ORD-64551
3572,1324,pärnu,ADJUSTMENT,8,2024-07-29,ADJ-2287
3573,1075,pärnu,TRANSFER,-81,2024-11-30,TRANSFER-8804
3574,1285,tartu,IN,143,2024-11-16,PO-64131
3575,1192,ladu,IN,164,2024-06-09,PO-69961
3576,1147,pärnu,OUT,-47,2024-10-14,ORD-44239
3577,1265,ladu,OUT,-38,2024-08-15,ORD-89832
3578,1330,pärnu,IN,178,2024-10-27,PO-52234
3579,1328,ladu,IN,121,2024-11-20,PO-30130
3580,1098,tartu,OUT,-24,2024-03-04,ORD-89374
3581,1194,pärnu,TRANSFER,31,2024-03-03,TRANSFER-9586
3582,1210,tallinn,IN,169,2024-02-20,PO-72649
3583,1158,ladu,OUT,-35,2024-09-21,ORD-49987
3584,1018,pärnu,TRANSFER,-63,2024-03-19,TRANSFER-8507
3585,1317,tallinn,IN,78,2024-09-22,PO-88463
3586,1120,ladu,IN,180,2024-10-31,PO-13638
3587,1016,ladu,OUT,-11,2025-02-05,ORD-38121
3588,1297,tallinn,IN,144,2024-03-05,PO-37230
3589,1119,ladu,OUT,-45,2024-01-16,ORD-67551
3590,1348,ladu,IN,117,2024-02-10,PO-99030
3591,1180,pärnu,TRANSFER,-75,2024-05-23,TRANSFER-3188
3592,1350,pärnu,OUT,-36,2024-08-26,ORD-97483
3593,1037,tallinn,IN,117,2024-06-01,PO-64217
3594,1229,pärnu,ADJUSTMENT,9,2025-02-06,ADJ-6252
3595,1011,ladu,OUT,-39,2024-05-02,ORD-90668
3596,1022,pärnu,IN,51,2024-03-17,PO-73736
3597,1092,tartu,OUT,-2,2024-12-18,ORD-20381
3598,1237,pärnu,IN,66,2024-07-11,PO-69188
3599,1088,ladu,OUT,-30,2024-09-09,ORD-15804
3600,1193,tartu,OUT,-32,2024-02-10,ORD-12788
3601,1012,tartu,OUT,-23,2024-03-13,ORD-98950
3602,1177,pärnu,OUT,-8,2025-02-23,ORD-30923
3603,1162,tallinn,OUT,-2,2024-08-05,ORD-39118
3604,1170,pärnu,IN,6,2024-11-04,PO-56619
3605,1211,tallinn,OUT,-38,2024-09-24,ORD-64560
3606,1269,ladu,TRANSFER,-10,2025-02-25,TRANSFER-3401
3607,1265,pärnu,IN,197,2024-07-15,PO-74279
3608,1206,ladu,IN,15,2024-04-28,PO-56570
3609,1048,tallinn,OUT,-36,2024-08-31,ORD-51397
3610,1226,pärnu,OUT,-7,2024-10-19,ORD-99886
3611,1046,tartu,TRANSFER,2,2024-03-15,TRANSFER-4320
3612,1167,tallinn,TRANSFER,26,2025-02-19,TRANSFER-1756
3613,1224,ladu,IN,142,2024-02-19,PO-51224
3614,1131,pärnu,OUT,-35,2024-07-01,ORD-72564
3615,1184,tartu,OUT,-6,2024-08-17,ORD-56212
3616,1234,tallinn,ADJUSTMENT,3,2024-10-19,ADJ-3606
3617,1220,pärnu,IN,70,2024-03-05,PO-63898
3618,1051,pärnu,IN,23,2024-02-09,PO-22315
3619,1137,pärnu,OUT,-25,2024-12-29,ORD-35066
3620,1331,tallinn,OUT,-20,2024-05-11,ORD-88258
3621,1170,tartu,ADJUSTMENT,26,2024-06-06,ADJ-4955
3622,1166,tartu,OUT,-11,2024-09-11,ORD-52687
3623,1193,tallinn,IN,147,2024-01-08,PO-19014
3624,1107,tallinn,IN,108,2024-11-24,PO-35923
3625,1223,tartu,IN,55,2024-07-12,PO-10537
3626,1300,pärnu,TRANSFER,48,2024-07-12,TRANSFER-5762
3627,1195,tallinn,OUT,-2,2024-10-10,ORD-39847
3628,1057,ladu,IN,182,2024-02-03,PO-72535
3629,1216,pärnu,IN,188,2024-10-26,PO-23676
3630,1215,tallinn,OUT,-14,2024-10-16,ORD-96802
3631,1223,tallinn,IN,61,2024-07-12,PO-62142
3632,1161,ladu,IN,90,2024-12-06,PO-54690
3633,1084,ladu,IN,188,2024-08-26,PO-63886
3634,1343,pärnu,ADJUSTMENT,20,2024-07-27,ADJ-6267
3635,1156,tartu,IN,118,2024-03-23,PO-65599
3636,1033,ladu,OUT,-13,2024-10-16,ORD-62909
3637,1011,ladu,OUT,-17,2024-05-17,ORD-11973
3638,1195,ladu,IN,106,2024-11-28,PO-47302
3639,1278,tartu,IN,172,2024-02-16,PO-38165
3640,1306,tartu,IN,142,2024-10-01,PO-74462
3641,1267,ladu,OUT,-22,2024-05-15,ORD-61203
3642,1181,tartu,IN,152,2024-07-30,PO-53076
3643,1229,ladu,TRANSFER,96,2024-03-07,TRANSFER-7419
3644,1254,tallinn,OUT,-48,2024-06-15,ORD-77146
3645,1325,tartu,TRANSFER,16,2024-04-29,TRANSFER-2357
3646,1179,tartu,IN,41,2024-09-05,PO-38652
3647,1188,pärnu,OUT,-17,2024-05-16,ORD-81380
3648,1252,ladu,TRANSFER,77,2024-12-13,TRANSFER-5940
3649,1074,tallinn,ADJUSTMENT,14,2024-06-14,ADJ-2004
3650,1124,tartu,TRANSFER,-38,2024-10-18,TRANSFER-2688
3651,1254,tartu,OUT,-46,2024-11-29,ORD-90071
3652,1201,tallinn,IN,34,2024-08-05,PO-32029
3653,1125,ladu,TRANSFER,75,2024-09-14,TRANSFER-2680
3654,1194,pärnu,TRANSFER,34,2024-09-20,TRANSFER-3311
3655,1006,ladu,TRANSFER,30,2024-09-18,TRANSFER-7830
3656,1232,ladu,TRANSFER,-81,2025-02-12,TRANSFER-4173
3657,1269,pärnu,OUT,-47,2024-11-29,ORD-17517
3658,1032,pärnu,OUT,-25,2024-01-30,ORD-69555
3659,1157,tallinn,IN,35,2024-12-14,PO-34212
3660,1338,tartu,ADJUSTMENT,-12,2024-01-29,ADJ-1021
3661,1130,pärnu,TRANSFER,99,2024-06-22,TRANSFER-2913
3662,1011,pärnu,OUT,-24,2024-06-05,ORD-85700
3663,1125,ladu,IN,97,2024-12-25,PO-10815
3664,1300,ladu,ADJUSTMENT,-22,2024-11-14,ADJ-7147
3665,1177,tallinn,OUT,-18,2024-06-18,ORD-17319
3666,1047,tartu,TRANSFER,23,2024-05-31,TRANSFER-8611
3667,1176,pärnu,IN,62,2024-10-17,PO-40030
3668,1070,tartu,TRANSFER,-79,2024-01-19,TRANSFER-5124
3669,1001,tallinn,OUT,-27,2025-01-26,ORD-87832
3670,1292,tartu,OUT,-23,2024-07-03,ORD-85435
3671,1051,pärnu,TRANSFER,-25,2024-01-03,TRANSFER-1239
3672,1162,tallinn,ADJUSTMENT,25,2024-01-30,ADJ-2228
3673,1295,tartu,ADJUSTMENT,20,2024-12-13,ADJ-4438
3674,1097,pärnu,IN,133,2024-05-01,PO-29992
3675,1273,tartu,ADJUSTMENT,-5,2024-05-22,ADJ-6028
3676,1050,tartu,IN,83,2024-06-25,PO-82844
3677,1272,tallinn,OUT,-12,2024-07-19,ORD-96755
3678,1332,ladu,OUT,-1,2024-12-22,ORD-34121
3679,1092,ladu,IN,146,2024-07-29,PO-92675
3680,1120,pärnu,OUT,-13,2024-09-06,ORD-16046
3681,1034,tartu,OUT,-29,2025-02-12,ORD-67550
3682,1011,ladu,IN,162,2024-12-01,PO-31462
3683,1214,tallinn,TRANSFER,3,2024-01-28,TRANSFER-4348
3684,1329,pärnu,OUT,-23,2024-07-12,ORD-15848
3685,1026,pärnu,OUT,-7,2024-05-05,ORD-85847
3686,1141,pärnu,OUT,-21,2024-05-15,ORD-70373
3687,1165,tartu,IN,54,2024-02-09,PO-95284
3688,1182,tartu,IN,114,2025-01-08,PO-58070
3689,1262,pärnu,OUT,-45,2024-08-11,ORD-71169
3690,1050,tallinn,OUT,-49,2024-04-29,ORD-80303
3691,1143,tallinn,OUT,-24,2024-09-04,ORD-31375
3692,1150,ladu,OUT,-25,2024-02-05,ORD-69605
3693,1289,pärnu,IN,42,2024-01-12,PO-16023
3694,1325,tartu,TRANSFER,31,2024-08-12,TRANSFER-4383
3695,1212,tallinn,OUT,-35,2024-09-01,ORD-23225
3696,1102,tartu,OUT,-13,2024-03-20,ORD-78296
3697,1033,ladu,TRANSFER,-5,2024-12-13,TRANSFER-8357
3698,1321,tallinn,TRANSFER,56,2025-02-09,TRANSFER-1006
3699,1090,tallinn,IN,193,2024-02-11,PO-51912
3700,1323,pärnu,OUT,-36,2024-02-05,ORD-85557
3701,1192,pärnu,OUT,-25,2024-12-13,ORD-10320
3702,1096,pärnu,ADJUSTMENT,11,2024-02-08,ADJ-3325
3703,1243,tartu,OUT,-26,2024-05-22,ORD-13563
3704,1309,tallinn,OUT,-19,2024-03-04,ORD-58701
3705,1140,pärnu,ADJUSTMENT,7,2024-12-04,ADJ-4026
3706,1325,tartu,TRANSFER,49,2024-02-04,TRANSFER-6318
3707,1065,tallinn,OUT,-48,2024-08-17,ORD-77357
3708,1183,pärnu,OUT,-21,2024-10-13,ORD-57325
3709,1203,ladu,IN,75,2024-04-19,PO-30798
3710,1130,tallinn,TRANSFER,72,2024-08-27,TRANSFER-9412
3711,1286,tallinn,OUT,-2,2024-06-29,ORD-21636
3712,1053,tallinn,OUT,-15,2024-09-16,ORD-41591
3713,1005,ladu,OUT,-32,2024-08-12,ORD-95284
3714,1336,pärnu,IN,109,2024-06-30,PO-72804
3715,1285,tartu,OUT,-1,2024-03-05,ORD-29311
3716,1153,pärnu,IN,39,2024-02-22,PO-25884
3717,1271,pärnu,OUT,-26,2025-01-11,ORD-20899
3718,1300,tallinn,IN,34,2024-01-05,PO-64607
3719,1166,pärnu,OUT,-12,2025-02-13,ORD-26620
3720,1299,ladu,OUT,-19,2024-11-02,ORD-54697
3721,1170,tartu,OUT,-22,2024-07-21,ORD-93265
3722,1090,pärnu,OUT,-27,2024-02-27,ORD-33441
3723,1102,tartu,IN,31,2024-12-05,PO-30074
3724,1310,tallinn,ADJUSTMENT,-21,2025-02-28,ADJ-6700
3725,1010,tartu,IN,84,2024-11-26,PO-26921
3726,1213,tallinn,OUT,-13,2025-01-07,ORD-79780
3727,1246,tallinn,IN,121,2024-01-31,PO-40004
3728,1208,pärnu,OUT,-2,2024-04-24,ORD-39284
3729,1253,ladu,OUT,-14,2024-09-13,ORD-87800
3730,1248,tartu,IN,89,2024-06-26,PO-62244
3731,1255,ladu,OUT,-26,2024-03-24,ORD-99926
3732,1023,pärnu,OUT,-42,2024-06-23,ORD-14096
3733,1094,ladu,IN,102,2025-01-10,PO-32679
3734,1244,pärnu,IN,107,2024-02-17,PO-79698
3735,1301,pärnu,ADJUSTMENT,6,2024-03-07,ADJ-3892
3736,1200,pärnu,IN,89,2024-04-06,PO-15232
3737,1080,ladu,OUT,-34,2024-09-07,ORD-56817
3738,1115,pärnu,OUT,-34,2024-05-09,ORD-91845
3739,1043,ladu,TRANSFER,77,2024-06-15,TRANSFER-4101
3740,1080,pärnu,ADJUSTMENT,21,2024-03-26,ADJ-1060
3741,1001,tartu,TRANSFER,-16,2024-08-12,TRANSFER-1832
3742,1349,pärnu,IN,38,2024-12-22,PO-99031
3743,1148,tallinn,ADJUSTMENT,24,2024-10-11,ADJ-4370
3744,1160,tallinn,OUT,-31,2024-09-20,ORD-78101
3745,1301,tallinn,IN,155,2024-11-29,PO-57763
3746,1045,pärnu,IN,53,2024-10-27,PO-29561
3747,1136,tartu,IN,68,2024-08-12,PO-87908
3748,1348,tallinn,OUT,-26,2025-01-20,ORD-57398
3749,1104,tartu,ADJUSTMENT,27,2025-01-29,ADJ-6907
3750,1275,ladu,OUT,-46,2024-03-11,ORD-45714
3751,1275,pärnu,IN,176,2024-06-23,PO-88212
3752,1180,ladu,ADJUSTMENT,27,2024-09-29,ADJ-8838
3753,1293,tallinn,IN,185,2024-09-04,PO-81508
3754,1074,tallinn,OUT,-35,2024-01-26,ORD-49058
3755,1283,tartu,OUT,-24,2024-03-05,ORD-63426
3756,1151,tartu,TRANSFER,-77,2024-11-27,TRANSFER-5669
3757,1321,pärnu,OUT,-21,2024-09-04,ORD-33234
3758,1060,ladu,OUT,-7,2025-01-22,ORD-52335
3759,1324,tartu,IN,67,2024-10-26,PO-89107
3760,1274,ladu,IN,130,2024-02-20,PO-47748
3761,1315,ladu,TRANSFER,-1,2024-06-14,TRANSFER-9573
3762,1025,pärnu,OUT,-28,2025-02-18,ORD-84121
3763,1174,pärnu,ADJUSTMENT,9,2025-02-04,ADJ-8685
3764,1289,pärnu,IN,106,2024-10-11,PO-19335
3765,1034,tallinn,TRANSFER,8,2024-01-13,TRANSFER-9621
3766,1065,tallinn,OUT,-46,2024-04-07,ORD-18543
3767,1022,tartu,OUT,-48,2024-01-27,ORD-36966
3768,1267,tartu,TRANSFER,-87,2024-12-29,TRANSFER-6901
3769,1043,ladu,IN,86,2024-11-04,PO-86218
3770,1238,tallinn,OUT,-26,2024-02-15,ORD-10229
3771,1286,ladu,OUT,-12,2024-02-14,ORD-41286
3772,1262,tartu,OUT,-36,2024-11-04,ORD-81418
3773,1121,tallinn,OUT,-20,2024-02-01,ORD-63011
3774,1193,tartu,IN,176,2024-04-24,PO-60281
3775,1194,tallinn,IN,156,2024-01-15,PO-16087
3776,1062,tartu,OUT,-40,2024-05-01,ORD-56949
3777,1024,tallinn,IN,71,2024-06-02,PO-28187
3778,1342,tallinn,IN,29,2024-05-06,PO-35405
3779,1289,pärnu,IN,38,2024-01-27,PO-53466
3780,1332,pärnu,IN,51,2024-07-22,PO-20325
3781,1065,ladu,OUT,-42,2024-09-29,ORD-77422
3782,1291,ladu,ADJUSTMENT,-17,2024-11-07,ADJ-7700
3783,1114,tartu,OUT,-41,2025-02-11,ORD-25338
3784,1116,ladu,OUT,-35,2024-03-09,ORD-85040
3785,1344,ladu,OUT,-1,2024-08-26,ORD-89598
3786,1295,tartu,OUT,-9,2024-03-14,ORD-75981
3787,1219,pärnu,OUT,-3,2024-09-11,ORD-83029
3788,1165,tartu,TRANSFER,41,2024-12-16,TRANSFER-9442
3789,1290,tartu,IN,170,2024-10-29,PO-56109
3790,1286,pärnu,ADJUSTMENT,-14,2024-09-02,ADJ-5911
3791,1233,tartu,IN,16,2024-03-15,PO-88997
3792,1050,pärnu,OUT,-38,2024-09-25,ORD-47663
3793,1121,pärnu,OUT,-34,2024-06-14,ORD-15083
3794,1269,tartu,OUT,-35,2025-02-20,ORD-57582
3795,1077,pärnu,IN,147,2024-02-06,PO-15708
3796,1171,tartu,IN,14,2024-09-07,PO-54443
3797,1343,pärnu,ADJUSTMENT,-15,2024-03-07,ADJ-5305
3798,1185,tartu,OUT,-2,2024-02-26,ORD-43444
3799,1125,tartu,TRANSFER,-55,2024-05-14,TRANSFER-9196
3800,1250,tartu,IN,103,2024-02-10,PO-92799
3801,1222,tartu,OUT,-20,2024-03-01,ORD-33193
3802,1102,tallinn,IN,49,2024-09-02,PO-41005
3803,1002,tallinn,IN,159,2024-03-25,PO-91305
3804,1317,tallinn,ADJUSTMENT,-26,2024-06-16,ADJ-8172
3805,1315,pärnu,OUT,-6,2024-09-19,ORD-15705
3806,1189,pärnu,IN,120,2024-09-26,PO-95035
3807,1070,tallinn,IN,146,2024-01-26,PO-45977
3808,1208,pärnu,OUT,-30,2024-09-11,ORD-79089
3809,1009,pärnu,IN,165,2025-02-22,PO-67889
3810,1332,tartu,IN,98,2024-12-20,PO-13680
3811,1055,pärnu,OUT,-31,2024-09-24,ORD-35718
3812,1324,tartu,OUT,-15,2024-07-19,ORD-14987
3813,1200,pärnu,OUT,-37,2024-03-12,ORD-35880
3814,1147,tallinn,IN,186,2024-01-14,PO-61840
3815,1222,tallinn,IN,27,2024-06-19,PO-56921
3816,1302,tallinn,OUT,-49,2025-01-03,ORD-66934
3817,1174,pärnu,TRANSFER,-6,2025-02-09,TRANSFER-6327
3818,1255,pärnu,IN,34,2024-10-13,PO-89823
3819,1270,pärnu,ADJUSTMENT,-10,2024-11-14,ADJ-9640
3820,1312,ladu,OUT,-18,2024-08-31,ORD-38922
3821,1234,ladu,OUT,-36,2024-09-11,ORD-54137
3822,1007,tartu,IN,13,2025-02-28,PO-53868
3823,1350,ladu,OUT,-3,2024-01-15,ORD-57880
3824,1249,tallinn,OUT,-26,2024-02-02,ORD-78862
3825,1219,ladu,IN,153,2024-12-09,PO-60153
3826,1223,pärnu,IN,181,2024-04-27,PO-38761
3827,1039,ladu,OUT,-48,2024-06-18,ORD-89716
3828,1212,ladu,ADJUSTMENT,-15,2024-04-17,ADJ-4759
3829,1317,pärnu,IN,46,2024-07-29,PO-73906
3830,1099,tallinn,TRANSFER,30,2025-01-14,TRANSFER-8887
3831,1165,tallinn,IN,158,2024-05-13,PO-62993
3832,1105,tartu,OUT,-13,2024-07-04,ORD-50815
3833,1079,tartu,ADJUSTMENT,26,2024-08-07,ADJ-3705
3834,1073,pärnu,OUT,-48,2024-03-24,ORD-38788
3835,1019,pärnu,IN,34,2024-01-01,PO-98929
3836,1347,tartu,TRANSFER,-100,2024-03-11,TRANSFER-7612
3837,1294,pärnu,TRANSFER,-39,2024-02-12,TRANSFER-1692
3838,1317,tallinn,OUT,-16,2025-02-13,ORD-34059
3839,1290,tartu,TRANSFER,-85,2024-03-30,TRANSFER-5218
3840,1159,tartu,OUT,-50,2024-01-25,ORD-49851
3841,1296,pärnu,OUT,-38,2024-08-09,ORD-29117
3842,1068,tallinn,IN,50,2024-11-24,PO-23427
3843,1294,tallinn,IN,22,2024-06-23,PO-34615
3844,1335,tartu,OUT,-39,2024-04-19,ORD-73198
3845,1201,ladu,OUT,-40,2024-05-06,ORD-72140
3846,1256,ladu,IN,69,2024-04-02,PO-74939
3847,1330,pärnu,IN,120,2024-08-09,PO-92443
3848,1279,pärnu,IN,96,2025-01-05,PO-55835
3849,1090,tallinn,OUT,-32,2024-08-17,ORD-28560
3850,1306,pärnu,IN,46,2024-10-11,PO-38272
3851,1316,pärnu,IN,116,2024-07-14,PO-91363
3852,1231,pärnu,OUT,-20,2024-11-01,ORD-90558
3853,1283,ladu,ADJUSTMENT,29,2024-10-04,ADJ-6826
3854,1325,tallinn,OUT,-25,2024-10-29,ORD-69149
3855,1033,tartu,ADJUSTMENT,1,2025-02-21,ADJ-1102
3856,1168,tallinn,IN,127,2024-01-28,PO-32787
3857,1209,ladu,IN,83,2024-12-19,PO-52122
3858,1200,ladu,IN,51,2024-11-25,PO-53750
3859,1259,pärnu,OUT,-43,2024-09-20,ORD-15532
3860,1064,tartu,TRANSFER,8,2024-11-30,TRANSFER-1882
3861,1011,pärnu,TRANSFER,52,2024-05-06,TRANSFER-6727
3862,1051,tartu,OUT,-28,2024-06-30,ORD-61005
3863,1096,tallinn,TRANSFER,82,2024-10-08,TRANSFER-4436
3864,1059,ladu,OUT,-26,2024-07-23,ORD-55652
3865,1228,pärnu,OUT,-50,2024-05-01,ORD-12888
3866,1060,ladu,OUT,-50,2024-06-24,ORD-91496
3867,1338,tartu,ADJUSTMENT,-9,2024-11-04,ADJ-5459
3868,1295,tartu,OUT,-38,2024-05-06,ORD-89246
3869,1153,tallinn,TRANSFER,80,2024-12-21,TRANSFER-8925
3870,1207,pärnu,ADJUSTMENT,-30,2024-03-25,ADJ-6507
3871,1052,pärnu,OUT,-43,2024-03-13,ORD-90905
3872,1311,pärnu,IN,191,2024-07-20,PO-18916
3873,1245,pärnu,OUT,-35,2024-03-16,ORD-39079
3874,1046,tallinn,IN,41,2024-03-04,PO-85725
3875,1139,tartu,OUT,-31,2024-06-29,ORD-25311
3876,1092,tartu,OUT,-44,2024-11-03,ORD-77012
3877,1027,ladu,OUT,-41,2024-08-05,ORD-82257
3878,1170,tartu,IN,177,2024-01-14,PO-20807
3879,1014,ladu,ADJUSTMENT,2,2024-06-14,ADJ-5112
3880,1091,pärnu,IN,184,2025-01-01,PO-13004
3881,1084,tallinn,IN,155,2025-02-23,PO-30140
3882,1335,ladu,OUT,-19,2024-09-09,ORD-17309
3883,1125,ladu,TRANSFER,-66,2024-05-26,TRANSFER-7451
3884,1191,tallinn,OUT,-11,2024-02-27,ORD-74048
3885,1328,pärnu,OUT,-23,2024-05-10,ORD-82987
3886,1265,pärnu,ADJUSTMENT,25,2024-09-25,ADJ-8864
3887,1148,tartu,ADJUSTMENT,19,2025-02-18,ADJ-9792
3888,1295,tallinn,TRANSFER,72,2024-06-22,TRANSFER-8217
3889,1030,ladu,OUT,-44,2024-05-15,ORD-30415
3890,1225,pärnu,OUT,-35,2024-04-18,ORD-80489
3891,1138,ladu,OUT,-10,2024-05-26,ORD-31381
3892,1238,ladu,IN,152,2024-05-15,PO-93496
3893,1265,ladu,OUT,-49,2024-11-17,ORD-75496
3894,1194,tartu,IN,59,2024-05-02,PO-30674
3895,1313,tallinn,ADJUSTMENT,-21,2024-09-28,ADJ-4475
3896,1194,tartu,IN,110,2024-11-16,PO-42042
3897,1317,tartu,TRANSFER,23,2024-07-23,TRANSFER-2688
3898,1180,ladu,TRANSFER,-34,2024-06-11,TRANSFER-2625
3899,1113,tartu,OUT,-46,2024-07-22,ORD-14990
3900,1263,pärnu,IN,108,2024-06-05,PO-53762
3901,1037,tallinn,IN,142,2024-04-04,PO-74311
3902,1134,tartu,IN,104,2024-03-07,PO-30629
3903,1034,tartu,OUT,-49,2024-02-29,ORD-11747
3904,1201,tartu,OUT,-40,2024-06-18,ORD-77630
3905,1016,tallinn,ADJUSTMENT,1,2024-07-30,ADJ-2031
3906,1031,ladu,TRANSFER,-20,2024-05-26,TRANSFER-3550
3907,1081,tallinn,OUT,-17,2024-11-01,ORD-72326
3908,1126,tartu,IN,51,2024-11-08,PO-35053
3909,1023,pärnu,TRANSFER,-78,2024-06-22,TRANSFER-6982
3910,1336,pärnu,OUT,-12,2025-01-01,ORD-14876
3911,1245,tartu,OUT,-31,2024-06-17,ORD-66335
3912,1124,tartu,OUT,-44,2024-06-17,ORD-56826
3913,1219,tartu,OUT,-48,2024-03-21,ORD-45123
3914,1004,ladu,IN,172,2024-07-28,PO-36946
3915,1338,pärnu,OUT,-35,2024-02-05,ORD-91158
3916,1309,ladu,TRANSFER,-43,2025-02-13,TRANSFER-5419
3917,1236,ladu,ADJUSTMENT,-25,2024-12-30,ADJ-9738
3918,1063,tallinn,TRANSFER,40,2024-03-14,TRANSFER-3166
3919,1225,ladu,IN,169,2024-10-20,PO-58892
3920,1018,tartu,OUT,-20,2024-11-28,ORD-77102
3921,1286,tallinn,TRANSFER,80,2024-05-31,TRANSFER-5705
3922,1077,pärnu,OUT,-8,2024-01-12,ORD-92542
3923,1034,tallinn,OUT,-18,2024-12-19,ORD-11585
3924,1071,ladu,IN,113,2024-03-12,PO-97104
3925,1038,tartu,OUT,-12,2025-02-13,ORD-31055
3926,1076,ladu,ADJUSTMENT,7,2025-02-10,ADJ-6631
3927,1343,ladu,IN,192,2024-08-30,PO-86209
3928,1155,ladu,TRANSFER,-60,2025-02-22,TRANSFER-1289
3929,1154,tartu,TRANSFER,-2,2024-07-29,TRANSFER-4715
3930,1092,tartu,IN,78,2024-10-16,PO-83290
3931,1020,tartu,IN,102,2024-02-06,PO-62294
3932,1214,ladu,IN,101,2024-10-03,PO-97271
3933,1324,ladu,IN,52,2025-01-26,PO-92315
3934,1120,pärnu,TRANSFER,8,2024-03-30,TRANSFER-2312
3935,1185,tartu,IN,45,2024-07-23,PO-70258
3936,1031,ladu,OUT,-6,2024-04-02,ORD-35845
3937,1262,tartu,OUT,-6,2024-05-22,ORD-29871
3938,1331,ladu,OUT,-44,2024-03-25,ORD-44050
3939,1334,tallinn,IN,13,2024-08-03,PO-14813
3940,1186,pärnu,IN,51,2024-06-07,PO-49321
3941,1109,tartu,OUT,-50,2024-03-10,ORD-43733
3942,1032,tartu,OUT,-49,2024-01-02,ORD-13185
3943,1016,tallinn,TRANSFER,76,2024-11-15,TRANSFER-4032
3944,1029,ladu,OUT,-38,2024-11-11,ORD-89478
3945,1063,ladu,IN,140,2025-02-15,PO-70034
3946,1151,tartu,IN,170,2024-10-20,PO-73873
3947,1319,pärnu,OUT,-50,2024-09-19,ORD-28868
3948,1244,ladu,TRANSFER,-91,2024-10-20,TRANSFER-1690
3949,1313,pärnu,IN,71,2025-02-17,PO-94913
3950,1301,tartu,OUT,-49,2024-09-23,ORD-80222
3951,1146,tartu,OUT,-10,2025-02-23,ORD-57918
3952,1182,ladu,OUT,-34,2024-09-12,ORD-32765
3953,1257,tallinn,IN,83,2024-01-11,PO-90800
3954,1167,pärnu,ADJUSTMENT,11,2024-01-09,ADJ-3598
3955,1299,tallinn,OUT,-19,2024-06-26,ORD-46295
3956,1017,pärnu,IN,16,2024-02-25,PO-68111
3957,1080,tartu,OUT,-39,2024-08-09,ORD-91821
3958,1327,tallinn,TRANSFER,32,2024-05-12,TRANSFER-8455
3959,1294,ladu,IN,194,2024-01-10,PO-15381
3960,1200,ladu,IN,186,2024-03-31,PO-92938
3961,1068,pärnu,OUT,-50,2024-06-07,ORD-30472
3962,1084,tallinn,IN,186,2024-09-01,PO-30052
3963,1194,pärnu,IN,150,2024-02-22,PO-75537
3964,1171,pärnu,IN,139,2024-07-29,PO-56678
3965,1108,ladu,TRANSFER,-39,2024-12-04,TRANSFER-8297
3966,1137,ladu,IN,19,2024-11-18,PO-86861
3967,1174,pärnu,OUT,-9,2024-07-16,ORD-52106
3968,1047,tartu,ADJUSTMENT,-24,2024-11-28,ADJ-9151
3969,1118,ladu,TRANSFER,-1,2024-02-12,TRANSFER-2451
3970,1235,ladu,IN,128,2024-11-21,PO-82106
3971,1039,tartu,IN,102,2024-05-29,PO-14351
3972,1264,pärnu,OUT,-3,2024-03-02,ORD-66689
3973,1239,ladu,TRANSFER,79,2024-09-11,TRANSFER-6517
3974,1279,tartu,TRANSFER,-90,2024-09-25,TRANSFER-8196
3975,1187,ladu,OUT,-9,2024-08-17,ORD-28683
3976,1212,pärnu,TRANSFER,-58,2024-01-26,TRANSFER-1958
3977,1160,tallinn,IN,122,2024-11-04,PO-50556
3978,1019,ladu,IN,83,2024-10-31,PO-30040
3979,1267,tallinn,OUT,-1,2024-12-03,ORD-65211
3980,1134,ladu,OUT,-45,2024-12-24,ORD-34481
3981,1180,pärnu,OUT,-22,2024-04-17,ORD-61617
3982,1332,pärnu,OUT,-47,2025-01-01,ORD-33553
3983,1298,tallinn,IN,189,2024-06-24,PO-49426
3984,1227,tartu,ADJUSTMENT,5,2024-12-03,ADJ-8855
3985,1346,ladu,OUT,-28,2025-02-18,ORD-60152
3986,1088,ladu,ADJUSTMENT,-20,2024-07-01,ADJ-2642
3987,1282,pärnu,TRANSFER,45,2024-10-30,TRANSFER-7028
3988,1205,ladu,OUT,-46,2025-02-08,ORD-40761
3989,1215,pärnu,ADJUSTMENT,26,2024-03-31,ADJ-4346
3990,1268,pärnu,ADJUSTMENT,-12,2024-07-31,ADJ-2800
3991,1264,ladu,OUT,-19,2024-06-13,ORD-85041
3992,1242,ladu,OUT,-43,2024-03-09,ORD-50575
3993,1214,tartu,IN,81,2024-01-18,PO-40342
3994,1337,ladu,IN,86,2025-01-24,PO-12363
3995,1309,ladu,OUT,-39,2024-12-04,ORD-17141
3996,1091,tallinn,TRANSFER,99,2024-11-13,TRANSFER-5964
3997,1149,tartu,IN,111,2024-05-24,PO-24164
3998,1151,tartu,ADJUSTMENT,22,2025-02-22,ADJ-6442
3999,1230,tallinn,OUT,-48,2024-05-04,ORD-86259
4000,1156,tallinn,IN,58,2024-02-27,PO-46564
4001,1054,tartu,OUT,-20,2024-02-26,ORD-83596
4002,1244,tallinn,OUT,-36,2024-11-05,ORD-31847
4003,1175,tartu,OUT,-16,2025-02-27,ORD-92570
4004,1202,pärnu,TRANSFER,-34,2024-06-04,TRANSFER-3511
4005,1295,tartu,ADJUSTMENT,-12,2024-03-04,ADJ-4278
4006,1250,ladu,IN,73,2024-04-11,PO-24968
4007,1088,tartu,OUT,-12,2024-12-04,ORD-24454
4008,1194,pärnu,OUT,-16,2024-12-01,ORD-64679
4009,1239,ladu,OUT,-19,2024-09-30,ORD-39063
4010,1301,pärnu,OUT,-39,2024-08-01,ORD-88669
4011,1109,tallinn,IN,34,2025-01-15,PO-42104
4012,1090,tallinn,OUT,-46,2025-02-09,ORD-99956
4013,1286,tartu,IN,30,2024-09-21,PO-50988
4014,1024,tartu,ADJUSTMENT,30,2024-10-10,ADJ-6095
4015,1130,pärnu,TRANSFER,65,2024-07-24,TRANSFER-7060
4016,1181,ladu,IN,169,2024-05-28,PO-83436
4017,1027,ladu,IN,94,2025-01-11,PO-28075
4018,1087,pärnu,OUT,-34,2024-08-10,ORD-87541
4019,1078,tallinn,IN,200,2024-11-23,PO-60343
4020,1288,tallinn,IN,12,2024-06-10,PO-30577
4021,1165,ladu,IN,13,2024-06-12,PO-96567
4022,1122,pärnu,OUT,-49,2024-02-06,ORD-87143
4023,1281,tartu,OUT,-14,2024-11-11,ORD-76271
4024,1113,tallinn,TRANSFER,-24,2024-05-13,TRANSFER-1107
4025,1250,ladu,OUT,-43,2025-02-02,ORD-95341
4026,1282,tallinn,TRANSFER,-63,2024-03-03,TRANSFER-6894
4027,1232,pärnu,TRANSFER,12,2024-12-01,TRANSFER-7713
4028,1043,tallinn,ADJUSTMENT,-8,2024-12-02,ADJ-3235
4029,1091,pärnu,IN,185,2024-06-20,PO-20590
4030,1296,ladu,IN,128,2024-02-16,PO-11917
4031,1167,tallinn,IN,162,2024-10-07,PO-21840
4032,1259,ladu,IN,41,2025-01-20,PO-26447
4033,1025,tallinn,OUT,-35,2024-12-10,ORD-67800
4034,1211,pärnu,OUT,-36,2024-04-27,ORD-91506
4035,1158,pärnu,TRANSFER,-91,2024-09-04,TRANSFER-6570
4036,1348,ladu,IN,160,2024-06-29,PO-73665
4037,1003,tartu,OUT,-28,2024-08-24,ORD-40502
4038,1241,pärnu,OUT,-3,2025-02-09,ORD-37480
4039,1132,tartu,OUT,-46,2024-03-19,ORD-89026
4040,1164,tartu,OUT,-28,2024-10-14,ORD-40934
4041,1175,tartu,OUT,-49,2024-10-07,ORD-42887
4042,1270,tartu,IN,180,2025-01-15,PO-77610
4043,1074,ladu,OUT,-39,2025-01-11,ORD-52799
4044,1141,tartu,OUT,-41,2024-04-12,ORD-56900
4045,1320,pärnu,TRANSFER,58,2025-02-13,TRANSFER-9317
4046,1063,pärnu,IN,166,2024-10-15,PO-17481
4047,1118,pärnu,ADJUSTMENT,-19,2024-09-10,ADJ-2379
4048,1172,pärnu,OUT,-18,2024-04-24,ORD-45428
4049,1030,ladu,IN,28,2024-04-06,PO-98927
4050,1302,pärnu,OUT,-9,2024-08-21,ORD-51224
4051,1147,pärnu,IN,199,2024-12-25,PO-40670
4052,1196,tartu,OUT,-50,2024-10-17,ORD-18292
4053,1266,tallinn,OUT,-16,2024-09-25,ORD-23162
4054,1189,tallinn,TRANSFER,44,2024-08-20,TRANSFER-9097
4055,1230,tartu,IN,20,2024-05-03,PO-55589
4056,1310,tallinn,IN,156,2024-08-22,PO-50619
4057,1093,pärnu,IN,70,2024-08-12,PO-79001
4058,1070,tartu,OUT,-5,2024-09-04,ORD-78158
4059,1126,tallinn,OUT,-14,2024-02-06,ORD-83854
4060,1057,ladu,OUT,-5,2024-06-16,ORD-42346
4061,1288,tartu,IN,138,2024-11-10,PO-24098
4062,1259,pärnu,IN,89,2024-04-18,PO-69872
4063,1060,tartu,OUT,-25,2024-01-03,ORD-53533
4064,1140,tartu,OUT,-15,2024-09-25,ORD-65343
4065,1164,pärnu,TRANSFER,-5,2025-02-21,TRANSFER-6169
4066,1341,pärnu,OUT,-11,2025-02-02,ORD-25715
4067,1141,pärnu,IN,144,2024-02-16,PO-62681
4068,1345,ladu,TRANSFER,73,2024-11-21,TRANSFER-4988
4069,1207,tartu,IN,28,2024-02-28,PO-35894
4070,1152,ladu,OUT,-33,2025-02-02,ORD-66850
4071,1260,pärnu,TRANSFER,1,2025-02-12,TRANSFER-6323
4072,1150,tallinn,OUT,-39,2024-08-31,ORD-79054
4073,1104,tallinn,OUT,-14,2024-01-05,ORD-12498
4074,1238,pärnu,IN,175,2025-01-26,PO-48641
4075,1300,pärnu,OUT,-5,2025-01-31,ORD-11746
4076,1192,tartu,IN,172,2025-02-05,PO-88234
4077,1083,tallinn,TRANSFER,-97,2025-01-07,TRANSFER-8799
4078,1225,tallinn,IN,132,2024-05-01,PO-93516
4079,1099,ladu,TRANSFER,-39,2024-04-26,TRANSFER-2530
4080,1074,pärnu,OUT,-17,2024-02-07,ORD-59457
4081,1147,pärnu,OUT,-48,2024-05-27,ORD-57671
4082,1350,tartu,IN,88,2025-01-14,PO-14912
4083,1001,tallinn,IN,147,2024-09-09,PO-21313
4084,1090,tartu,IN,67,2024-10-27,PO-47467
4085,1046,tartu,IN,22,2025-02-10,PO-89373
4086,1134,pärnu,TRANSFER,-31,2024-01-27,TRANSFER-6437
4087,1028,ladu,OUT,-24,2024-06-30,ORD-25150
4088,1158,tallinn,TRANSFER,28,2024-09-08,TRANSFER-2044
4089,1189,tallinn,OUT,-19,2025-02-16,ORD-76059
4090,1107,tallinn,TRANSFER,70,2024-06-13,TRANSFER-4215
4091,1183,tallinn,TRANSFER,-16,2024-06-30,TRANSFER-3841
4092,1043,tartu,ADJUSTMENT,6,2024-12-23,ADJ-8894
4093,1004,pärnu,IN,44,2024-12-04,PO-70944
4094,1332,tallinn,OUT,-49,2024-01-27,ORD-19767
4095,1087,tartu,OUT,-25,2024-06-22,ORD-10902
4096,1223,tartu,OUT,-47,2024-05-26,ORD-35127
4097,1297,tartu,IN,199,2024-11-19,PO-48283
4098,1052,tartu,TRANSFER,39,2024-02-02,TRANSFER-7592
4099,1149,tallinn,OUT,-11,2024-06-13,ORD-22428
4100,1166,tartu,OUT,-33,2024-05-12,ORD-66409
4101,1341,tartu,OUT,-37,2024-06-19,ORD-18103
4102,1117,tallinn,IN,85,2024-02-23,PO-18744
4103,1013,tallinn,OUT,-23,2024-12-28,ORD-34447
4104,1259,tallinn,IN,9,2024-04-14,PO-93663
4105,1089,tallinn,IN,176,2024-09-04,PO-75037
4106,1210,ladu,OUT,-32,2025-01-07,ORD-22306
4107,1090,tartu,OUT,-22,2024-11-04,ORD-15902
4108,1103,pärnu,TRANSFER,97,2024-08-22,TRANSFER-6803
4109,1085,tallinn,IN,185,2024-12-13,PO-34403
4110,1025,ladu,IN,87,2025-01-20,PO-34600
4111,1126,ladu,TRANSFER,-55,2024-02-27,TRANSFER-2129
4112,1179,pärnu,IN,184,2024-02-20,PO-93499
4113,1189,tallinn,ADJUSTMENT,27,2024-07-07,ADJ-6312
4114,1072,tallinn,ADJUSTMENT,13,2025-02-10,ADJ-4661
4115,1229,tallinn,OUT,-5,2024-02-09,ORD-57955
4116,1190,ladu,IN,29,2024-04-30,PO-94450
4117,1021,tallinn,OUT,-39,2024-05-21,ORD-40242
4118,1124,tallinn,OUT,-47,2024-06-03,ORD-35243
4119,1199,tartu,IN,57,2024-05-19,PO-38191
4120,1281,tallinn,OUT,-9,2025-01-06,ORD-46926
4121,1091,tallinn,OUT,-47,2025-01-08,ORD-38521
4122,1235,tartu,ADJUSTMENT,-25,2024-07-07,ADJ-6105
4123,1173,pärnu,TRANSFER,-44,2024-11-17,TRANSFER-9821
4124,1210,tartu,OUT,-50,2024-11-29,ORD-89171
4125,1317,tartu,IN,151,2024-09-04,PO-87318
4126,1275,pärnu,IN,51,2024-08-17,PO-36776
4127,1005,tallinn,IN,188,2024-11-10,PO-42511
4128,1349,pärnu,OUT,-20,2025-02-20,ORD-95840
4129,1282,tallinn,OUT,-31,2024-06-30,ORD-81329
4130,1030,pärnu,OUT,-2,2024-03-20,ORD-16589
4131,1146,ladu,OUT,-2,2025-01-05,ORD-49913
4132,1159,pärnu,OUT,-36,2024-08-28,ORD-61648
4133,1124,pärnu,OUT,-18,2024-08-21,ORD-50609
4134,1104,tallinn,OUT,-1,2024-09-21,ORD-36367
4135,1168,pärnu,OUT,-23,2025-02-18,ORD-66437
4136,1088,tartu,ADJUSTMENT,1,2024-06-23,ADJ-7196
4137,1310,tallinn,ADJUSTMENT,26,2024-11-03,ADJ-6495
4138,1178,tartu,IN,80,2024-01-15,PO-67122
4139,1095,tartu,OUT,-1,2024-05-20,ORD-92183
4140,1301,pärnu,IN,52,2024-09-30,PO-66504
4141,1095,pärnu,OUT,-35,2024-10-02,ORD-42970
4142,1280,tallinn,OUT,-24,2024-10-14,ORD-24732
4143,1153,tartu,IN,189,2024-07-13,PO-88663
4144,1091,tallinn,IN,118,2024-02-18,PO-66443
4145,1250,tallinn,TRANSFER,-34,2024-09-29,TRANSFER-3927
4146,1132,pärnu,OUT,-11,2024-03-07,ORD-68970
4147,1104,ladu,OUT,-26,2024-01-06,ORD-48551
4148,1114,pärnu,ADJUSTMENT,-1,2024-12-08,ADJ-1152
4149,1141,tallinn,ADJUSTMENT,13,2024-04-26,ADJ-4660
4150,1110,ladu,IN,21,2024-01-26,PO-28005
4151,1028,ladu,IN,180,2024-05-22,PO-47986
4152,1297,tartu,OUT,-20,2024-02-08,ORD-93058
4153,1076,tallinn,OUT,-36,2024-12-13,ORD-71255
4154,1117,ladu,OUT,-24,2024-07-14,ORD-27631
4155,1257,tallinn,OUT,-24,2024-01-28,ORD-98408
4156,1277,pärnu,IN,189,2024-02-19,PO-83131
4157,1173,ladu,IN,129,2024-06-03,PO-40983
4158,1242,ladu,IN,44,2024-12-31,PO-28807
4159,1271,ladu,ADJUSTMENT,14,2024-11-08,ADJ-4109
4160,1041,tartu,OUT,-23,2025-02-26,ORD-89371
4161,1098,tartu,IN,150,2024-07-18,PO-26207
4162,1061,tallinn,OUT,-47,2024-12-03,ORD-86454
4163,1244,tartu,IN,168,2024-08-23,PO-49464
4164,1099,ladu,IN,104,2024-10-29,PO-98344
4165,1204,tartu,ADJUSTMENT,30,2024-08-13,ADJ-9047
4166,1202,pärnu,IN,56,2024-08-27,PO-61008
4167,1049,tallinn,OUT,-6,2024-08-17,ORD-57143
4168,1188,pärnu,OUT,-26,2024-06-24,ORD-16084
4169,1340,tallinn,OUT,-29,2024-11-08,ORD-75814
4170,1013,pärnu,OUT,-19,2024-10-30,ORD-22770
4171,1162,tallinn,TRANSFER,82,2024-12-16,TRANSFER-4019
4172,1095,tallinn,IN,94,2024-10-24,PO-56781
4173,1148,tartu,IN,102,2024-05-30,PO-51939
4174,1288,ladu,OUT,-10,2024-06-13,ORD-53855
4175,1008,tallinn,IN,200,2024-07-08,PO-60327
4176,1272,pärnu,OUT,-24,2024-04-01,ORD-43068
4177,1329,tallinn,OUT,-49,2024-11-14,ORD-24997
4178,1278,pärnu,ADJUSTMENT,19,2025-01-28,ADJ-7831
4179,1040,tallinn,OUT,-6,2024-01-19,ORD-40608
4180,1097,pärnu,OUT,-7,2024-07-09,ORD-15673
4181,1212,tallinn,IN,44,2024-09-18,PO-21815
4182,1294,tallinn,OUT,-6,2024-04-13,ORD-90458
4183,1092,ladu,IN,67,2024-04-27,PO-22812
4184,1164,tallinn,IN,198,2024-04-05,PO-40440
4185,1335,ladu,OUT,-16,2024-06-07,ORD-61195
4186,1124,tallinn,TRANSFER,-2,2024-06-17,TRANSFER-9110
4187,1004,tallinn,OUT,-1,2024-06-28,ORD-72516
4188,1204,tartu,IN,160,2024-11-19,PO-51732
4189,1140,tartu,OUT,-20,2024-10-05,ORD-27511
4190,1052,tartu,OUT,-13,2024-01-21,ORD-50108
4191,1096,tallinn,OUT,-39,2024-08-02,ORD-59250
4192,1125,ladu,OUT,-33,2024-06-17,ORD-26284
4193,1214,tallinn,OUT,-35,2025-01-28,ORD-90460
4194,1221,tartu,IN,149,2024-04-11,PO-53148
4195,1133,pärnu,ADJUSTMENT,-19,2025-02-03,ADJ-7146
4196,1281,pärnu,TRANSFER,-84,2024-06-17,TRANSFER-8591
4197,1150,tallinn,OUT,-27,2025-01-03,ORD-11614
4198,1149,pärnu,IN,192,2024-05-24,PO-24367
4199,1264,tallinn,IN,130,2024-05-19,PO-93547
4200,1087,tartu,IN,30,2024-07-31,PO-72445
4201,1068,tartu,OUT,-39,2024-09-16,ORD-46741
4202,1233,tartu,IN,121,2024-05-07,PO-84550
4203,1244,tartu,OUT,-16,2024-07-18,ORD-17868
4204,1325,tallinn,TRANSFER,10,2024-08-23,TRANSFER-1441
4205,1174,tartu,IN,194,2024-08-10,PO-90962
4206,1225,ladu,ADJUSTMENT,-26,2024-10-24,ADJ-9355
4207,1252,pärnu,OUT,-27,2024-08-10,ORD-54842
4208,1142,tallinn,ADJUSTMENT,7,2024-12-25,ADJ-7929
4209,1307,pärnu,IN,34,2024-10-04,PO-17404
4210,1094,tartu,IN,31,2024-09-01,PO-84241
4211,1322,pärnu,IN,185,2024-04-29,PO-11655
4212,1261,ladu,IN,159,2024-08-24,PO-29760
4213,1173,tartu,IN,93,2024-01-14,PO-36154
4214,1013,ladu,OUT,-26,2024-02-07,ORD-12881
4215,1055,ladu,OUT,-33,2024-07-06,ORD-87320
4216,1031,tallinn,OUT,-37,2024-03-18,ORD-96428
4217,1115,tallinn,OUT,-4,2024-12-01,ORD-70328
4218,1154,ladu,IN,69,2024-08-17,PO-22005
4219,1030,ladu,ADJUSTMENT,28,2025-01-12,ADJ-3440
4220,1008,pärnu,IN,169,2024-01-05,PO-48216
4221,1316,tallinn,IN,179,2024-08-27,PO-37394
4222,1029,ladu,TRANSFER,-100,2024-07-10,TRANSFER-4854
4223,1093,ladu,IN,14,2024-05-26,PO-44282
4224,1078,ladu,OUT,-43,2024-04-09,ORD-92714
4225,1028,ladu,OUT,-39,2024-10-11,ORD-53385
4226,1239,tartu,IN,194,2024-05-20,PO-29115
4227,1159,ladu,TRANSFER,-81,2024-10-27,TRANSFER-3206
4228,1278,tartu,OUT,-8,2024-06-04,ORD-47513
4229,1061,tartu,IN,197,2024-07-16,PO-70988
4230,1145,tallinn,IN,38,2024-10-23,PO-76727
4231,1231,tartu,OUT,-4,2024-12-24,ORD-19667
4232,1108,ladu,IN,82,2024-05-02,PO-72582
4233,1288,ladu,IN,34,2024-09-27,PO-14897
4234,1144,pärnu,OUT,-18,2025-01-21,ORD-63673
4235,1164,tartu,IN,197,2024-08-08,PO-49978
4236,1331,tartu,IN,24,2024-04-23,PO-74180
4237,1118,tallinn,OUT,-17,2024-06-02,ORD-26360
4238,1342,tallinn,TRANSFER,-14,2024-11-16,TRANSFER-9497
4239,1245,tartu,IN,190,2024-12-03,PO-64844
4240,1181,pärnu,TRANSFER,12,2024-09-04,TRANSFER-5173
4241,1327,pärnu,TRANSFER,87,2024-10-07,TRANSFER-4308
4242,1235,ladu,IN,59,2024-11-30,PO-73262
4243,1152,tartu,TRANSFER,-37,2024-01-08,TRANSFER-9854
4244,1121,tartu,OUT,-41,2024-06-02,ORD-57835
4245,1061,ladu,ADJUSTMENT,-17,2024-03-18,ADJ-1307
4246,1227,tartu,IN,99,2024-07-24,PO-27907
4247,1072,pärnu,TRANSFER,73,2024-03-04,TRANSFER-9520
4248,1079,ladu,IN,8,2024-09-06,PO-69890
4249,1114,tallinn,OUT,-12,2024-06-28,ORD-87762
4250,1097,pärnu,IN,177,2024-07-13,PO-92275
4251,1335,tartu,OUT,-42,2024-04-04,ORD-52382
4252,1111,tallinn,OUT,-4,2024-01-16,ORD-23910
4253,1038,tallinn,OUT,-47,2024-06-14,ORD-28039
4254,1240,ladu,OUT,-5,2024-03-12,ORD-69915
4255,1077,tartu,ADJUSTMENT,8,2024-10-21,ADJ-6880
4256,1225,tallinn,OUT,-19,2024-05-29,ORD-49670
4257,1163,tallinn,OUT,-50,2024-02-03,ORD-17280
4258,1007,pärnu,IN,163,2024-05-04,PO-11166
4259,1140,pärnu,IN,119,2025-02-05,PO-91593
4260,1259,pärnu,IN,32,2025-01-24,PO-97941
4261,1237,pärnu,OUT,-8,2024-01-26,ORD-69344
4262,1013,tartu,OUT,-3,2024-03-31,ORD-68708
4263,1273,tartu,TRANSFER,14,2024-11-20,TRANSFER-4788
4264,1029,tallinn,IN,188,2024-12-13,PO-10345
4265,1109,ladu,IN,63,2024-02-02,PO-33898
4266,1285,tallinn,OUT,-1,2024-04-22,ORD-60847
4267,1336,tartu,OUT,-15,2024-08-28,ORD-76377
4268,1079,tartu,OUT,-14,2024-08-13,ORD-87225
4269,1198,tallinn,OUT,-38,2024-05-22,ORD-89153
4270,1185,tallinn,OUT,-20,2025-01-24,ORD-62765
4271,1096,tartu,IN,47,2024-01-27,PO-37871
4272,1199,ladu,TRANSFER,56,2024-03-02,TRANSFER-1394
4273,1189,pärnu,OUT,-7,2024-03-22,ORD-58458
4274,1246,tallinn,OUT,-12,2024-01-19,ORD-46719
4275,1231,tartu,OUT,-35,2024-09-07,ORD-85628
4276,1102,ladu,IN,18,2024-08-13,PO-78444
4277,1129,tartu,OUT,-9,2024-05-07,ORD-39980
4278,1214,ladu,TRANSFER,-6,2024-11-13,TRANSFER-8323
4279,1347,tartu,OUT,-31,2025-01-18,ORD-95987
4280,1059,pärnu,TRANSFER,-77,2024-08-16,TRANSFER-4153
4281,1175,tartu,IN,127,2024-01-01,PO-27660
4282,1111,tallinn,IN,191,2024-09-09,PO-87945
4283,1048,ladu,IN,122,2024-04-25,PO-43619
4284,1010,ladu,IN,198,2024-04-13,PO-65250
4285,1147,tallinn,TRANSFER,-33,2024-01-21,TRANSFER-7530
4286,1196,tartu,OUT,-50,2024-06-26,ORD-62882
4287,1227,pärnu,OUT,-48,2024-01-03,ORD-88901
4288,1086,ladu,OUT,-5,2024-09-22,ORD-69529
4289,1154,pärnu,TRANSFER,-5,2024-12-12,TRANSFER-1147
4290,1236,ladu,OUT,-47,2024-08-07,ORD-33262
4291,1348,ladu,IN,140,2024-06-28,PO-47302
4292,1202,tallinn,ADJUSTMENT,19,2024-04-27,ADJ-8791
4293,1237,ladu,OUT,-11,2024-07-22,ORD-59260
4294,1280,tartu,OUT,-40,2025-01-24,ORD-94189
4295,1335,tartu,IN,143,2024-02-23,PO-33825
4296,1033,pärnu,IN,190,2024-09-28,PO-91690
4297,1350,ladu,IN,126,2024-02-04,PO-63940
4298,1101,tallinn,OUT,-1,2024-02-09,ORD-44369
4299,1252,tallinn,OUT,-31,2025-02-23,ORD-75091
4300,1072,pärnu,TRANSFER,78,2024-01-05,TRANSFER-8942
4301,1151,tartu,IN,116,2025-02-21,PO-69014
4302,1157,ladu,IN,76,2024-06-19,PO-55208
4303,1151,pärnu,OUT,-26,2025-01-19,ORD-81339
4304,1290,tartu,IN,123,2025-01-20,PO-95555
4305,1130,tartu,IN,30,2024-08-22,PO-76676
4306,1299,tartu,IN,153,2024-12-27,PO-24763
4307,1029,tartu,IN,70,2024-12-28,PO-70504
4308,1277,tartu,ADJUSTMENT,4,2024-05-18,ADJ-4872
4309,1010,ladu,OUT,-5,2024-03-30,ORD-90076
4310,1289,pärnu,TRANSFER,-57,2024-11-02,TRANSFER-8015
4311,1330,tartu,ADJUSTMENT,-18,2024-12-13,ADJ-8810
4312,1267,ladu,TRANSFER,-72,2024-04-29,TRANSFER-6150
4313,1056,tallinn,OUT,-36,2024-03-29,ORD-53347
4314,1181,tallinn,IN,125,2024-03-09,PO-86647
4315,1221,ladu,OUT,-41,2024-05-14,ORD-83134
4316,1258,pärnu,OUT,-28,2024-09-12,ORD-38609
4317,1127,ladu,IN,144,2024-02-05,PO-23787
4318,1272,pärnu,TRANSFER,23,2024-03-16,TRANSFER-1042
4319,1319,ladu,OUT,-19,2024-12-24,ORD-25918
4320,1089,pärnu,ADJUSTMENT,6,2024-10-06,ADJ-7633
4321,1281,pärnu,OUT,-6,2024-01-21,ORD-82170
4322,1280,ladu,TRANSFER,-51,2024-06-24,TRANSFER-3875
4323,1205,tartu,TRANSFER,82,2024-12-22,TRANSFER-3756
4324,1258,tallinn,ADJUSTMENT,-26,2024-01-15,ADJ-1551
4325,1197,ladu,ADJUSTMENT,1,2024-05-18,ADJ-3952
4326,1167,tallinn,OUT,-26,2024-02-06,ORD-19623
4327,1005,tallinn,OUT,-19,2024-05-19,ORD-47604
4328,1037,tartu,OUT,-48,2024-09-12,ORD-38767
4329,1095,tallinn,OUT,-11,2024-08-14,ORD-93612
4330,1065,tallinn,TRANSFER,-80,2024-10-19,TRANSFER-5534
4331,1260,tartu,OUT,-10,2024-09-22,ORD-49078
4332,1195,pärnu,IN,184,2024-09-14,PO-61304
4333,1235,tallinn,OUT,-32,2024-10-24,ORD-18753
4334,1075,tallinn,ADJUSTMENT,-23,2024-09-21,ADJ-9347
4335,1261,tallinn,IN,99,2025-01-19,PO-74415
4336,1187,tallinn,IN,157,2024-02-11,PO-67295
4337,1043,pärnu,IN,149,2024-10-24,PO-28975
4338,1313,pärnu,IN,121,2024-03-12,PO-10794
4339,1186,ladu,IN,154,2025-01-07,PO-23617
4340,1105,tallinn,ADJUSTMENT,9,2024-05-01,ADJ-4962
4341,1196,tallinn,OUT,-46,2024-07-23,ORD-53805
4342,1075,ladu,ADJUSTMENT,30,2024-03-20,ADJ-3348
4343,1087,tallinn,OUT,-20,2025-02-21,ORD-22624
4344,1188,tallinn,OUT,-15,2024-04-15,ORD-27116
4345,1336,ladu,OUT,-14,2024-08-02,ORD-95333
4346,1009,tartu,ADJUSTMENT,5,2024-08-06,ADJ-1272
4347,1123,tartu,OUT,-27,2024-07-06,ORD-14447
4348,1146,tartu,OUT,-20,2024-03-12,ORD-34864
4349,1020,pärnu,IN,153,2024-01-24,PO-82546
4350,1082,pärnu,IN,194,2024-04-13,PO-90219
4351,1337,ladu,TRANSFER,86,2024-04-21,TRANSFER-5610
4352,1113,pärnu,OUT,-40,2024-07-24,ORD-26090
4353,1116,tartu,TRANSFER,8,2024-04-30,TRANSFER-6704
4354,1008,pärnu,IN,182,2025-01-28,PO-17632
4355,1328,ladu,IN,132,2024-12-01,PO-14880
4356,1108,tallinn,OUT,-38,2024-06-11,ORD-36050
4357,1265,tartu,TRANSFER,-41,2024-09-28,TRANSFER-1567
4358,1067,ladu,IN,27,2024-02-13,PO-30090
4359,1040,pärnu,IN,175,2024-12-11,PO-19564
4360,1255,pärnu,OUT,-48,2024-03-12,ORD-85436
4361,1089,tallinn,IN,96,2025-01-16,PO-55687
4362,1322,pärnu,ADJUSTMENT,-13,2024-09-28,ADJ-4894
4363,1123,tartu,ADJUSTMENT,26,2024-05-29,ADJ-1204
4364,1214,pärnu,OUT,-11,2025-02-27,ORD-79962
4365,1335,tartu,ADJUSTMENT,14,2024-02-13,ADJ-8010
4366,1207,ladu,IN,176,2024-03-24,PO-63901
4367,1150,tartu,OUT,-8,2024-12-31,ORD-11772
4368,1081,tallinn,OUT,-38,2024-08-15,ORD-53576
4369,1280,tallinn,IN,106,2025-01-27,PO-26058
4370,1252,tartu,TRANSFER,84,2024-07-30,TRANSFER-9444
4371,1045,pärnu,OUT,-5,2024-01-16,ORD-32587
4372,1124,ladu,IN,78,2024-12-30,PO-72778
4373,1282,ladu,OUT,-17,2024-05-20,ORD-75742
4374,1243,pärnu,OUT,-27,2024-05-04,ORD-36187
4375,1005,tallinn,OUT,-19,2025-02-11,ORD-45165
4376,1069,ladu,TRANSFER,-33,2024-07-27,TRANSFER-7568
4377,1300,pärnu,ADJUSTMENT,-23,2024-07-05,ADJ-9524
4378,1187,ladu,IN,119,2024-07-26,PO-26511
4379,1089,tartu,TRANSFER,55,2024-07-14,TRANSFER-1085
4380,1132,ladu,IN,23,2024-08-15,PO-58667
4381,1280,ladu,OUT,-42,2024-04-01,ORD-57686
4382,1167,tallinn,OUT,-30,2024-12-30,ORD-20326
4383,1233,tallinn,IN,155,2024-09-10,PO-91401
4384,1237,ladu,OUT,-44,2024-07-18,ORD-45376
4385,1249,tartu,OUT,-5,2024-08-03,ORD-27943
4386,1287,ladu,OUT,-9,2024-06-28,ORD-14651
4387,1286,tartu,IN,194,2024-03-13,PO-83297
4388,1210,tartu,TRANSFER,91,2024-09-25,TRANSFER-5082
4389,1347,tallinn,OUT,-32,2024-08-21,ORD-39374
4390,1151,pärnu,ADJUSTMENT,2,2024-10-02,ADJ-9559
4391,1156,tartu,OUT,-13,2025-01-25,ORD-68426
4392,1022,ladu,OUT,-42,2025-02-07,ORD-32973
4393,1186,pärnu,IN,89,2025-01-30,PO-62117
4394,1053,tartu,ADJUSTMENT,26,2024-10-04,ADJ-1728
4395,1181,tartu,OUT,-31,2024-10-21,ORD-77246
4396,1117,tallinn,OUT,-14,2024-06-18,ORD-10804
4397,1236,ladu,OUT,-40,2024-11-20,ORD-96331
4398,1226,ladu,TRANSFER,45,2024-05-11,TRANSFER-4513
4399,1172,ladu,IN,148,2024-03-29,PO-10279
4400,1338,ladu,OUT,-41,2024-05-16,ORD-27111
4401,1326,pärnu,IN,91,2024-04-05,PO-43110
4402,1148,ladu,TRANSFER,33,2024-05-13,TRANSFER-9701
4403,1174,ladu,OUT,-4,2024-02-28,ORD-25715
4404,1278,pärnu,OUT,-7,2025-02-26,ORD-90261
4405,1099,ladu,IN,32,2024-09-24,PO-15102
4406,1125,tartu,OUT,-23,2024-03-05,ORD-70459
4407,1080,ladu,ADJUSTMENT,14,2024-05-24,ADJ-2776
4408,1248,tallinn,OUT,-23,2024-03-18,ORD-97661
4409,1174,pärnu,OUT,-42,2024-04-29,ORD-72179
4410,1003,tartu,IN,27,2024-10-08,PO-67060
4411,1305,tallinn,IN,125,2024-01-03,PO-57848
4412,1196,ladu,TRANSFER,-5,2024-02-13,TRANSFER-5349
4413,1137,tartu,IN,72,2025-01-22,PO-76527
4414,1077,tartu,OUT,-3,2024-07-14,ORD-94856
4415,1146,tallinn,OUT,-20,2024-11-29,ORD-14554
4416,1311,ladu,ADJUSTMENT,-12,2024-07-30,ADJ-3702
4417,1262,ladu,TRANSFER,-59,2024-06-14,TRANSFER-7382
4418,1213,pärnu,IN,163,2024-01-31,PO-29882
4419,1043,ladu,IN,161,2024-11-24,PO-25543
4420,1075,ladu,OUT,-18,2024-05-24,ORD-42956
4421,1116,tartu,TRANSFER,-82,2024-01-26,TRANSFER-9373
4422,1045,ladu,ADJUSTMENT,26,2024-09-15,ADJ-2813
4423,1171,ladu,IN,132,2024-08-29,PO-75619
4424,1064,pärnu,OUT,-5,2024-09-13,ORD-66534
4425,1152,ladu,OUT,-30,2025-02-05,ORD-58924
4426,1015,tallinn,IN,48,2024-01-16,PO-17460
4427,1185,pärnu,OUT,-21,2024-03-09,ORD-27109
4428,1346,pärnu,IN,58,2024-12-29,PO-98702
4429,1283,tallinn,OUT,-9,2025-02-14,ORD-97025
4430,1068,pärnu,TRANSFER,1,2025-01-12,TRANSFER-5987
4431,1083,pärnu,OUT,-34,2024-08-26,ORD-67399
4432,1035,tallinn,IN,185,2024-03-04,PO-31167
4433,1183,tartu,TRANSFER,83,2025-01-17,TRANSFER-8262
4434,1312,ladu,OUT,-8,2024-06-29,ORD-29646
4435,1058,ladu,ADJUSTMENT,25,2024-04-23,ADJ-6686
4436,1136,tallinn,TRANSFER,-78,2025-02-19,TRANSFER-1364
4437,1276,tartu,ADJUSTMENT,12,2024-01-12,ADJ-6489
4438,1105,tallinn,OUT,-41,2024-01-01,ORD-56783
4439,1297,tallinn,IN,146,2024-08-08,PO-56127
4440,1238,tartu,IN,161,2025-01-24,PO-96606
4441,1017,tallinn,IN,157,2024-04-12,PO-61319
4442,1147,ladu,IN,189,2024-02-17,PO-49195
4443,1257,pärnu,OUT,-48,2024-01-10,ORD-34185
4444,1294,pärnu,TRANSFER,-86,2024-10-17,TRANSFER-9946
4445,1125,tallinn,OUT,-23,2024-02-08,ORD-79139
4446,1118,pärnu,OUT,-19,2024-12-14,ORD-52146
4447,1328,tallinn,IN,146,2024-09-20,PO-65109
4448,1068,pärnu,OUT,-11,2024-07-01,ORD-88614
4449,1210,tartu,ADJUSTMENT,-21,2024-12-18,ADJ-7522
4450,1323,pärnu,OUT,-24,2024-01-25,ORD-37929
4451,1106,tallinn,TRANSFER,-99,2024-08-16,TRANSFER-4903
4452,1225,tartu,IN,188,2024-04-16,PO-59018
4453,1348,pärnu,IN,121,2024-03-05,PO-73153
4454,1289,pärnu,IN,165,2024-05-27,PO-14808
4455,1165,ladu,IN,130,2025-02-19,PO-38155
4456,1268,pärnu,OUT,-41,2024-03-10,ORD-46035
4457,1007,tallinn,ADJUSTMENT,12,2024-04-11,ADJ-2377
4458,1278,tallinn,OUT,-45,2024-07-15,ORD-45656
4459,1261,pärnu,ADJUSTMENT,18,2024-01-22,ADJ-2323
4460,1012,tartu,OUT,-42,2024-04-24,ORD-26333
4461,1183,tallinn,OUT,-32,2024-04-29,ORD-34549
4462,1113,tartu,OUT,-42,2024-03-18,ORD-97622
4463,1316,pärnu,TRANSFER,-68,2024-05-15,TRANSFER-7860
4464,1294,tallinn,ADJUSTMENT,22,2024-10-16,ADJ-2642
4465,1186,tallinn,TRANSFER,10,2024-02-04,TRANSFER-5364
4466,1242,ladu,IN,176,2025-01-29,PO-12727
4467,1078,ladu,TRANSFER,18,2024-12-28,TRANSFER-6441
4468,1343,tartu,IN,45,2024-02-25,PO-27584
4469,1145,tallinn,IN,152,2024-10-20,PO-25531
4470,1218,tallinn,TRANSFER,-95,2025-02-28,TRANSFER-1541
4471,1245,ladu,OUT,-16,2024-03-16,ORD-71500
4472,1008,ladu,IN,136,2024-04-03,PO-37598
4473,1076,tallinn,IN,17,2025-01-17,PO-31047
4474,1225,tallinn,IN,31,2024-03-22,PO-51147
4475,1068,tartu,IN,162,2024-09-04,PO-17406
4476,1184,tallinn,ADJUSTMENT,9,2025-02-10,ADJ-3064
4477,1003,tallinn,IN,189,2024-05-19,PO-97793
4478,1216,tallinn,ADJUSTMENT,-2,2025-01-27,ADJ-5384
4479,1011,tartu,TRANSFER,2,2024-11-15,TRANSFER-4285
4480,1016,tartu,IN,61,2025-02-16,PO-53618
4481,1212,pärnu,OUT,-47,2024-08-12,ORD-89955
4482,1052,ladu,OUT,-26,2025-01-03,ORD-34306
4483,1083,tartu,OUT,-10,2025-02-20,ORD-51226
4484,1005,tartu,IN,181,2025-02-02,PO-61822
4485,1279,tartu,ADJUSTMENT,8,2024-08-10,ADJ-5837
4486,1169,ladu,IN,184,2025-01-04,PO-40274
4487,1035,tartu,IN,46,2024-01-04,PO-67977
4488,1122,ladu,OUT,-50,2024-10-04,ORD-56803
4489,1083,pärnu,OUT,-27,2024-03-03,ORD-16950
4490,1271,pärnu,IN,139,2025-01-25,PO-65391
4491,1019,pärnu,IN,65,2025-02-08,PO-71311
4492,1019,tartu,IN,72,2024-07-23,PO-33641
4493,1180,tallinn,TRANSFER,-86,2024-06-07,TRANSFER-4617
4494,1154,tallinn,IN,42,2025-01-21,PO-45723
4495,1205,tallinn,OUT,-5,2025-02-07,ORD-89327
4496,1158,tartu,IN,66,2024-01-03,PO-65363
4497,1265,pärnu,IN,60,2024-12-09,PO-44233
4498,1055,ladu,TRANSFER,-45,2024-11-14,TRANSFER-3527
4499,1034,ladu,IN,105,2024-08-22,PO-28296
4500,1102,ladu,OUT,-13,2024-09-14,ORD-30770
4501,1075,tartu,IN,5,2024-10-17,PO-81764
4502,1052,pärnu,IN,148,2024-02-25,PO-13026
4503,1228,tallinn,OUT,-20,2024-12-06,ORD-13008
4504,1116,pärnu,OUT,-29,2024-05-22,ORD-79431
4505,1032,pärnu,IN,52,2024-02-16,PO-50379
4506,1321,tallinn,OUT,-40,2025-01-28,ORD-81507
4507,1070,tartu,OUT,-39,2024-04-04,ORD-74060
4508,1042,ladu,IN,160,2024-03-30,PO-36780
4509,1309,tallinn,OUT,-23,2024-12-04,ORD-98195
4510,1328,pärnu,IN,54,2024-02-05,PO-29018
4511,1054,tartu,TRANSFER,70,2024-12-23,TRANSFER-5076
4512,1070,tallinn,TRANSFER,-83,2024-04-24,TRANSFER-3666
4513,1071,tartu,OUT,-40,2024-06-15,ORD-95567
4514,1041,pärnu,OUT,-16,2024-10-28,ORD-84272
4515,1215,ladu,IN,14,2024-07-23,PO-55705
4516,1258,pärnu,TRANSFER,76,2024-09-16,TRANSFER-3392
4517,1197,pärnu,OUT,-25,2024-06-27,ORD-91622
4518,1346,ladu,ADJUSTMENT,-1,2024-05-22,ADJ-2912
4519,1259,pärnu,TRANSFER,-82,2025-01-25,TRANSFER-1285
4520,1257,tallinn,IN,29,2024-08-09,PO-74979
4521,1139,tallinn,OUT,-7,2024-03-19,ORD-21821
4522,1117,ladu,IN,66,2024-03-28,PO-95786
4523,1139,ladu,OUT,-8,2024-06-04,ORD-29129
4524,1135,tallinn,OUT,-21,2024-11-10,ORD-67965
4525,1295,tallinn,OUT,-29,2024-07-01,ORD-84178
4526,1230,tartu,IN,161,2024-11-12,PO-77820
4527,1328,tallinn,ADJUSTMENT,21,2024-08-24,ADJ-6856
4528,1225,tartu,IN,74,2025-02-14,PO-24341
4529,1085,pärnu,IN,156,2025-01-26,PO-83253
4530,1260,tartu,IN,190,2024-05-14,PO-43389
4531,1180,pärnu,OUT,-8,2024-01-04,ORD-20587
4532,1011,ladu,TRANSFER,43,2024-04-04,TRANSFER-6727
4533,1253,ladu,IN,103,2024-11-10,PO-51734
4534,1172,tallinn,OUT,-8,2024-07-09,ORD-61413
4535,1322,tallinn,OUT,-24,2024-10-29,ORD-70821
4536,1095,ladu,TRANSFER,-68,2024-04-04,TRANSFER-6502
4537,1076,tartu,TRANSFER,-91,2024-07-02,TRANSFER-9579
4538,1011,tartu,IN,191,2024-05-31,PO-87572
4539,1035,ladu,IN,112,2024-09-10,PO-39209
4540,1242,tallinn,TRANSFER,-26,2024-06-13,TRANSFER-7034
4541,1271,tartu,IN,22,2024-09-23,PO-49941
4542,1262,pärnu,TRANSFER,6,2024-03-03,TRANSFER-8552
4543,1061,ladu,OUT,-34,2025-01-28,ORD-57615
4544,1065,tallinn,ADJUSTMENT,-24,2025-01-27,ADJ-7220
4545,1137,tallinn,IN,184,2024-02-16,PO-64137
4546,1080,pärnu,OUT,-7,2025-01-03,ORD-13820
4547,1152,tallinn,ADJUSTMENT,29,2024-03-27,ADJ-1531
4548,1186,ladu,ADJUSTMENT,29,2025-02-16,ADJ-3374
4549,1322,pärnu,OUT,-45,2024-12-03,ORD-51614
4550,1317,tallinn,IN,107,2024-12-14,PO-33655
4551,1006,pärnu,IN,160,2024-03-25,PO-75087
4552,1149,tallinn,IN,136,2024-09-26,PO-21215
4553,1350,pärnu,IN,17,2024-04-18,PO-49487
4554,1191,tartu,OUT,-29,2025-01-16,ORD-39353
4555,1233,pärnu,IN,160,2025-01-03,PO-57807
4556,1260,tartu,IN,156,2024-09-08,PO-40027
4557,1058,pärnu,TRANSFER,16,2024-10-05,TRANSFER-6275
4558,1205,tartu,OUT,-38,2024-10-18,ORD-47202
4559,1306,pärnu,OUT,-9,2024-12-05,ORD-95411
4560,1199,tallinn,TRANSFER,53,2025-01-11,TRANSFER-8041
4561,1040,ladu,IN,61,2024-06-27,PO-58013
4562,1118,ladu,TRANSFER,39,2024-01-19,TRANSFER-2863
4563,1262,pärnu,ADJUSTMENT,21,2025-01-16,ADJ-5146
4564,1329,tallinn,TRANSFER,92,2024-07-16,TRANSFER-8391
4565,1036,tartu,ADJUSTMENT,-30,2024-05-02,ADJ-8957
4566,1337,ladu,IN,14,2024-08-04,PO-44946
4567,1069,pärnu,IN,85,2024-10-05,PO-49982
4568,1350,tartu,OUT,-8,2024-10-23,ORD-20337
4569,1277,tallinn,ADJUSTMENT,4,2024-11-01,ADJ-1910
4570,1189,pärnu,OUT,-31,2024-06-26,ORD-79561
4571,1047,tallinn,IN,105,2025-02-23,PO-96197
4572,1064,tallinn,IN,30,2024-10-13,PO-18929
4573,1177,tartu,IN,123,2024-09-10,PO-31771
4574,1095,ladu,IN,163,2024-08-08,PO-19337
4575,1276,tallinn,IN,137,2025-02-20,PO-40601
4576,1142,tallinn,ADJUSTMENT,-4,2024-01-06,ADJ-1030
4577,1123,ladu,IN,87,2024-05-03,PO-36215
4578,1121,tartu,OUT,-49,2024-01-03,ORD-45347
4579,1097,tartu,TRANSFER,14,2024-06-26,TRANSFER-5187
4580,1327,tallinn,OUT,-34,2024-06-27,ORD-99002
4581,1165,tartu,OUT,-29,2024-08-24,ORD-77595
4582,1037,pärnu,IN,28,2024-03-09,PO-79841
4583,1205,pärnu,OUT,-18,2024-05-25,ORD-93136
4584,1055,ladu,OUT,-8,2024-12-09,ORD-19861
4585,1005,pärnu,OUT,-26,2024-10-03,ORD-21391
4586,1145,pärnu,TRANSFER,-29,2024-11-18,TRANSFER-2854
4587,1283,ladu,OUT,-35,2024-03-18,ORD-15270
4588,1176,pärnu,IN,36,2024-09-17,PO-22712
4589,1310,tallinn,IN,116,2024-07-21,PO-61773
4590,1116,pärnu,TRANSFER,50,2024-05-19,TRANSFER-6981
4591,1018,tallinn,OUT,-8,2024-10-27,ORD-73051
4592,1091,tartu,IN,196,2024-06-15,PO-92895
4593,1018,ladu,IN,60,2024-02-17,PO-90629
4594,1141,tallinn,OUT,-27,2024-02-23,ORD-44126
4595,1134,tallinn,OUT,-28,2025-01-04,ORD-47506
4596,1312,pärnu,IN,6,2024-10-26,PO-53569
4597,1240,tallinn,IN,20,2024-05-30,PO-84012
4598,1313,tartu,TRANSFER,8,2024-01-22,TRANSFER-2754
4599,1054,tartu,OUT,-39,2024-11-01,ORD-52296
4600,1263,pärnu,TRANSFER,-77,2025-02-26,TRANSFER-6646
4601,1001,ladu,ADJUSTMENT,17,2024-08-16,ADJ-6492
4602,1249,tartu,OUT,-39,2024-05-04,ORD-21574
4603,1159,ladu,OUT,-41,2024-12-23,ORD-93647
4604,1332,ladu,IN,37,2024-12-02,PO-19818
4605,1085,ladu,OUT,-25,2024-09-24,ORD-73609
4606,1321,tartu,OUT,-24,2024-05-14,ORD-99833
4607,1327,tartu,OUT,-37,2024-05-26,ORD-22976
4608,1128,tartu,OUT,-20,2024-02-17,ORD-49127
4609,1233,ladu,TRANSFER,-84,2024-03-25,TRANSFER-7182
4610,1316,tartu,OUT,-20,2024-05-05,ORD-26078
4611,1029,pärnu,OUT,-8,2024-07-10,ORD-38559
4612,1054,ladu,ADJUSTMENT,-16,2024-07-12,ADJ-3638
4613,1079,tallinn,IN,118,2024-03-19,PO-68109
4614,1327,ladu,OUT,-24,2024-07-03,ORD-29477
4615,1165,tallinn,OUT,-26,2025-02-19,ORD-39234
4616,1271,tallinn,IN,35,2024-09-27,PO-95467
4617,1208,ladu,OUT,-12,2024-12-02,ORD-85454
4618,1268,pärnu,OUT,-22,2024-01-01,ORD-87765
4619,1324,ladu,IN,127,2024-09-26,PO-32281
4620,1279,ladu,TRANSFER,-49,2024-12-02,TRANSFER-1126
4621,1081,pärnu,OUT,-42,2025-02-08,ORD-94230
4622,1333,tallinn,IN,68,2024-05-27,PO-71463
4623,1265,pärnu,IN,30,2025-01-05,PO-59060
4624,1172,tallinn,IN,100,2024-07-27,PO-46748
4625,1027,tartu,ADJUSTMENT,-8,2024-06-18,ADJ-3981
4626,1335,tallinn,IN,195,2024-02-11,PO-51401
4627,1004,tallinn,OUT,-25,2024-11-27,ORD-69925
4628,1145,pärnu,OUT,-44,2025-01-28,ORD-96075
4629,1014,ladu,OUT,-49,2024-10-18,ORD-64465
4630,1047,tallinn,OUT,-3,2024-04-14,ORD-40163
4631,1033,ladu,OUT,-32,2024-06-03,ORD-58433
4632,1111,pärnu,OUT,-48,2024-02-27,ORD-45369
4633,1198,ladu,OUT,-10,2024-09-18,ORD-75855
4634,1127,pärnu,IN,74,2024-02-10,PO-44814
4635,1259,ladu,TRANSFER,6,2024-08-21,TRANSFER-8266
4636,1174,tallinn,IN,150,2025-02-05,PO-93712
4637,1271,ladu,IN,7,2024-01-06,PO-67658
4638,1272,ladu,TRANSFER,-7,2024-07-20,TRANSFER-5998
4639,1214,pärnu,TRANSFER,-79,2024-10-13,TRANSFER-6848
4640,1266,tallinn,IN,100,2024-09-18,PO-19463
4641,1196,ladu,OUT,-11,2025-02-10,ORD-69699
4642,1180,pärnu,OUT,-14,2024-08-10,ORD-89603
4643,1101,ladu,IN,114,2024-05-02,PO-61690
4644,1313,tartu,IN,191,2024-10-04,PO-61899
4645,1262,tartu,IN,85,2024-04-04,PO-18557
4646,1093,pärnu,OUT,-11,2024-06-17,ORD-52950
4647,1219,ladu,IN,86,2024-06-07,PO-11713
4648,1347,tartu,OUT,-40,2024-08-06,ORD-92965
4649,1278,ladu,OUT,-9,2025-02-08,ORD-97502
4650,1298,ladu,OUT,-31,2025-02-04,ORD-79103
4651,1107,ladu,OUT,-29,2024-12-08,ORD-52726
4652,1170,tallinn,OUT,-45,2024-03-22,ORD-40886
4653,1171,pärnu,OUT,-37,2024-12-13,ORD-35076
4654,1282,tallinn,OUT,-10,2024-03-10,ORD-36943
4655,1317,tallinn,OUT,-15,2024-08-23,ORD-77766
4656,1011,tartu,OUT,-38,2025-01-01,ORD-36023
4657,1002,tallinn,TRANSFER,-20,2024-03-18,TRANSFER-5913
4658,1098,pärnu,IN,16,2024-05-23,PO-80976
4659,1259,ladu,OUT,-45,2024-04-11,ORD-77966
4660,1276,ladu,TRANSFER,-15,2024-11-16,TRANSFER-6644
4661,1142,ladu,IN,23,2024-04-21,PO-27940
4662,1327,tallinn,TRANSFER,-12,2024-09-26,TRANSFER-3465
4663,1180,tallinn,IN,198,2024-04-20,PO-52314
4664,1179,tallinn,ADJUSTMENT,-26,2024-09-06,ADJ-1848
4665,1296,tartu,IN,198,2024-12-25,PO-64586
4666,1045,pärnu,TRANSFER,33,2024-01-11,TRANSFER-3548
4667,1252,tartu,IN,66,2024-10-05,PO-13295
4668,1079,pärnu,OUT,-16,2024-07-10,ORD-17460
4669,1323,ladu,OUT,-37,2024-11-07,ORD-55988
4670,1237,tartu,OUT,-11,2024-02-19,ORD-38908
4671,1187,ladu,OUT,-32,2024-09-21,ORD-85015
4672,1224,tartu,ADJUSTMENT,27,2025-02-13,ADJ-9180
4673,1249,ladu,OUT,-29,2024-02-05,ORD-17318
4674,1179,pärnu,ADJUSTMENT,-10,2024-08-23,ADJ-9857
4675,1286,pärnu,OUT,-49,2024-08-20,ORD-49505
4676,1238,tallinn,OUT,-23,2024-11-05,ORD-51365
4677,1154,tartu,OUT,-1,2024-06-29,ORD-52666
4678,1221,tallinn,IN,178,2024-09-04,PO-23344
4679,1330,ladu,IN,167,2024-02-28,PO-27460
4680,1050,pärnu,IN,80,2024-11-07,PO-24974
4681,1321,pärnu,OUT,-49,2024-11-05,ORD-87800
4682,1037,pärnu,IN,62,2024-02-01,PO-90311
4683,1239,tartu,IN,60,2024-12-31,PO-80413
4684,1221,ladu,OUT,-19,2024-01-16,ORD-40846
4685,1251,ladu,OUT,-23,2024-03-18,ORD-40898
4686,1085,tallinn,IN,82,2025-02-15,PO-97078
4687,1038,pärnu,IN,24,2024-09-02,PO-89920
4688,1228,ladu,TRANSFER,-36,2024-10-09,TRANSFER-8238
4689,1054,pärnu,IN,21,2024-07-19,PO-40677
4690,1033,ladu,OUT,-20,2024-08-31,ORD-61790
4691,1127,pärnu,OUT,-12,2024-02-03,ORD-69245
4692,1189,tallinn,TRANSFER,55,2024-10-08,TRANSFER-2625
4693,1086,ladu,IN,182,2024-04-06,PO-95656
4694,1060,tallinn,IN,39,2024-09-01,PO-89933
4695,1333,tallinn,IN,23,2024-04-25,PO-94585
4696,1030,ladu,TRANSFER,55,2024-02-22,TRANSFER-7889
4697,1327,tallinn,OUT,-20,2025-02-21,ORD-50971
4698,1324,pärnu,IN,57,2024-09-02,PO-12021
4699,1277,ladu,TRANSFER,27,2024-12-21,TRANSFER-1923
4700,1087,pärnu,IN,73,2024-09-23,PO-91437
4701,1024,tallinn,OUT,-46,2025-01-13,ORD-61191
4702,1149,tallinn,OUT,-17,2024-08-17,ORD-44488
4703,1103,pärnu,TRANSFER,68,2024-08-12,TRANSFER-9965
4704,1042,tallinn,TRANSFER,-92,2024-03-05,TRANSFER-3339
4705,1084,pärnu,TRANSFER,-72,2025-01-25,TRANSFER-9103
4706,1086,pärnu,OUT,-1,2025-01-13,ORD-89428
4707,1320,tartu,TRANSFER,6,2025-01-08,TRANSFER-1821
4708,1218,tartu,IN,92,2024-07-04,PO-48741
4709,1329,ladu,IN,172,2024-03-17,PO-77096
4710,1176,ladu,IN,186,2024-08-01,PO-17756
4711,1159,pärnu,IN,51,2024-02-12,PO-49845
4712,1201,tallinn,IN,179,2024-01-26,PO-14590
4713,1126,tallinn,OUT,-28,2024-09-20,ORD-93714
4714,1074,ladu,OUT,-31,2024-04-24,ORD-89337
4715,1028,pärnu,IN,143,2025-02-21,PO-47361
4716,1052,ladu,OUT,-39,2025-02-02,ORD-17744
4717,1320,pärnu,OUT,-21,2025-02-15,ORD-10272
4718,1007,tartu,ADJUSTMENT,11,2024-09-27,ADJ-2596
4719,1247,pärnu,IN,34,2024-09-26,PO-46014
4720,1294,ladu,TRANSFER,-42,2024-04-03,TRANSFER-9968
4721,1006,tallinn,IN,104,2024-01-14,PO-73613
4722,1182,pärnu,TRANSFER,-76,2024-07-31,TRANSFER-7198
4723,1194,ladu,TRANSFER,-12,2024-05-06,TRANSFER-5912
4724,1168,tartu,ADJUSTMENT,23,2024-04-21,ADJ-2322
4725,1249,pärnu,ADJUSTMENT,-1,2025-02-27,ADJ-4479
4726,1332,tallinn,IN,127,2024-11-16,PO-78521
4727,1295,ladu,IN,108,2024-10-16,PO-18953
4728,1299,tartu,OUT,-17,2025-01-24,ORD-27292
4729,1304,ladu,OUT,-42,2024-12-03,ORD-88412
4730,1282,tartu,TRANSFER,72,2024-10-25,TRANSFER-2551
4731,1228,ladu,OUT,-47,2024-01-01,ORD-33132
4732,1085,tallinn,OUT,-17,2024-05-31,ORD-11772
4733,1099,tartu,IN,60,2024-05-13,PO-25973
4734,1226,tartu,OUT,-43,2024-11-07,ORD-87515
4735,1129,tallinn,TRANSFER,-3,2024-04-03,TRANSFER-4910
4736,1110,pärnu,TRANSFER,78,2024-04-12,TRANSFER-3031
4737,1145,ladu,IN,48,2025-01-17,PO-53025
4738,1297,tallinn,IN,71,2024-06-06,PO-53767
4739,1346,tartu,OUT,-32,2024-05-21,ORD-33667
4740,1171,pärnu,ADJUSTMENT,-8,2024-09-28,ADJ-4565
4741,1143,tartu,OUT,-6,2024-11-17,ORD-42158
4742,1262,tallinn,IN,33,2024-06-16,PO-77491
4743,1048,tallinn,IN,68,2024-10-26,PO-37729
4744,1107,tallinn,IN,183,2024-04-11,PO-96906
4745,1001,ladu,IN,106,2024-08-04,PO-41092
4746,1211,tartu,TRANSFER,35,2024-06-22,TRANSFER-1694
4747,1032,ladu,OUT,-19,2024-11-22,ORD-34535
4748,1302,tartu,OUT,-4,2024-01-20,ORD-38989
4749,1298,tartu,OUT,-25,2024-01-10,ORD-86030
4750,1281,pärnu,IN,171,2024-01-04,PO-88086
4751,1047,tallinn,IN,18,2024-03-13,PO-48367
4752,1254,pärnu,IN,193,2024-12-13,PO-47801
4753,1158,pärnu,TRANSFER,-51,2024-02-28,TRANSFER-5623
4754,1270,ladu,OUT,-49,2024-01-23,ORD-29264
4755,1112,tallinn,OUT,-33,2024-07-20,ORD-16200
4756,1343,ladu,IN,105,2024-03-25,PO-45510
4757,1097,tallinn,IN,58,2024-04-27,PO-96396
4758,1093,tartu,TRANSFER,37,2024-01-09,TRANSFER-1586
4759,1055,tallinn,ADJUSTMENT,19,2024-07-05,ADJ-9262
4760,1229,tallinn,OUT,-3,2024-01-31,ORD-70602
4761,1112,pärnu,TRANSFER,26,2024-05-11,TRANSFER-1859
4762,1333,tallinn,IN,193,2024-02-08,PO-61464
4763,1032,pärnu,IN,46,2024-05-27,PO-17800
4764,1098,pärnu,IN,18,2024-02-15,PO-24313
4765,1191,tartu,ADJUSTMENT,-4,2024-08-07,ADJ-5751
4766,1082,tartu,TRANSFER,73,2024-04-14,TRANSFER-9599
4767,1275,pärnu,OUT,-15,2024-01-12,ORD-84904
4768,1013,tallinn,OUT,-48,2025-02-05,ORD-53563
4769,1232,tallinn,IN,86,2024-09-16,PO-15646
4770,1242,ladu,IN,57,2024-11-19,PO-22243
4771,1189,pärnu,OUT,-10,2024-04-23,ORD-53865
4772,1005,tartu,IN,54,2024-02-04,PO-77125
4773,1233,pärnu,TRANSFER,-28,2024-12-15,TRANSFER-7140
4774,1031,tallinn,OUT,-37,2024-10-02,ORD-95096
4775,1102,tartu,IN,160,2024-04-03,PO-25869
4776,1329,pärnu,ADJUSTMENT,14,2024-04-21,ADJ-4075
4777,1084,tallinn,IN,189,2024-05-11,PO-87781
4778,1146,pärnu,ADJUSTMENT,2,2024-08-15,ADJ-1491
4779,1125,tallinn,OUT,-30,2024-05-28,ORD-70576
4780,1110,tartu,IN,81,2024-06-24,PO-42367
4781,1071,pärnu,ADJUSTMENT,-25,2024-08-30,ADJ-8452
4782,1182,tallinn,OUT,-33,2024-09-25,ORD-92455
4783,1083,ladu,OUT,-14,2024-11-04,ORD-84528
4784,1012,tartu,IN,171,2025-02-09,PO-17472
4785,1085,tartu,TRANSFER,-45,2024-06-20,TRANSFER-1855
4786,1294,tartu,OUT,-21,2024-09-19,ORD-76232
4787,1018,ladu,ADJUSTMENT,-2,2024-03-06,ADJ-8928
4788,1348,tallinn,OUT,-10,2024-03-07,ORD-31295
4789,1043,tartu,OUT,-6,2024-09-30,ORD-31542
4790,1130,tallinn,OUT,-48,2024-01-29,ORD-34410
4791,1081,pärnu,IN,15,2024-09-14,PO-44106
4792,1174,pärnu,OUT,-21,2024-07-21,ORD-85190
4793,1069,tartu,OUT,-13,2024-04-08,ORD-15737
4794,1168,ladu,OUT,-20,2024-08-10,ORD-86430
4795,1261,tallinn,IN,127,2024-08-13,PO-73504
4796,1028,tallinn,OUT,-10,2024-10-06,ORD-83251
4797,1341,pärnu,OUT,-28,2024-09-29,ORD-24517
4798,1168,tartu,OUT,-26,2024-03-21,ORD-36769
4799,1283,pärnu,IN,179,2024-11-13,PO-94922
4800,1299,ladu,IN,163,2024-11-27,PO-13160
4801,1241,tallinn,ADJUSTMENT,-15,2024-07-02,ADJ-9877
4802,1321,tartu,TRANSFER,-9,2024-06-05,TRANSFER-2761
4803,1286,ladu,TRANSFER,-8,2024-03-04,TRANSFER-2710
4804,1306,tallinn,IN,48,2024-01-11,PO-83419
4805,1289,tartu,OUT,-15,2024-11-03,ORD-24813
4806,1166,pärnu,OUT,-16,2024-06-23,ORD-50669
4807,1245,pärnu,OUT,-22,2024-02-19,ORD-42708
4808,1136,tartu,TRANSFER,46,2024-11-12,TRANSFER-1415
4809,1053,tallinn,ADJUSTMENT,-5,2024-06-30,ADJ-7538
4810,1230,tallinn,TRANSFER,-35,2024-09-15,TRANSFER-9054
4811,1228,tartu,OUT,-7,2024-05-22,ORD-36734
4812,1313,tallinn,TRANSFER,-20,2024-02-13,TRANSFER-5178
4813,1210,tallinn,OUT,-35,2024-05-26,ORD-94449
4814,1145,tallinn,OUT,-4,2024-09-03,ORD-21005
4815,1297,tallinn,OUT,-30,2024-12-28,ORD-12939
4816,1110,tartu,IN,85,2024-08-11,PO-27139
4817,1336,ladu,OUT,-5,2024-09-08,ORD-41722
4818,1052,tartu,ADJUSTMENT,20,2024-11-08,ADJ-3151
4819,1311,tartu,TRANSFER,71,2024-07-28,TRANSFER-4207
4820,1296,ladu,IN,179,2024-03-20,PO-77283
4821,1267,ladu,IN,134,2024-09-24,PO-48963
4822,1263,pärnu,TRANSFER,91,2024-02-01,TRANSFER-5713
4823,1048,tartu,IN,130,2024-10-22,PO-65255
4824,1097,tartu,OUT,-12,2024-10-03,ORD-41950
4825,1339,pärnu,IN,9,2024-05-08,PO-85121
4826,1039,pärnu,TRANSFER,47,2024-06-26,TRANSFER-7671
4827,1033,pärnu,TRANSFER,2,2024-08-02,TRANSFER-3198
4828,1194,tartu,IN,38,2024-11-27,PO-42488
4829,1098,tartu,IN,141,2024-11-02,PO-13049
4830,1255,tallinn,OUT,-20,2024-06-30,ORD-22618
4831,1331,tallinn,IN,25,2024-01-19,PO-29171
4832,1183,tallinn,ADJUSTMENT,-25,2025-02-14,ADJ-1553
4833,1128,tallinn,IN,43,2024-05-27,PO-20519
4834,1166,tartu,IN,106,2024-06-22,PO-13285
4835,1143,tartu,OUT,-36,2024-02-02,ORD-25711
4836,1161,pärnu,IN,66,2024-12-23,PO-44534
4837,1341,ladu,OUT,-37,2024-02-29,ORD-73882
4838,1084,tallinn,TRANSFER,-76,2024-06-29,TRANSFER-8859
4839,1184,tartu,TRANSFER,-13,2024-10-01,TRANSFER-6950
4840,1195,tartu,IN,183,2025-01-06,PO-74813
4841,1206,tallinn,OUT,-3,2024-05-12,ORD-21898
4842,1222,tartu,OUT,-43,2025-01-26,ORD-32567
4843,1301,ladu,OUT,-3,2024-07-24,ORD-50662
4844,1174,ladu,IN,148,2024-01-17,PO-33782
4845,1290,tartu,IN,115,2024-06-16,PO-14752
4846,1013,pärnu,TRANSFER,18,2024-03-15,TRANSFER-7744
4847,1231,tallinn,IN,83,2024-07-31,PO-11964
4848,1207,tartu,OUT,-9,2024-12-28,ORD-55962
4849,1348,tallinn,ADJUSTMENT,-10,2024-02-17,ADJ-8369
4850,1117,tallinn,IN,164,2024-08-31,PO-51332
4851,1017,pärnu,TRANSFER,-86,2024-06-29,TRANSFER-2008
4852,1119,tartu,OUT,-44,2024-11-24,ORD-75053
4853,1033,tartu,IN,46,2024-04-15,PO-97006
4854,1137,tartu,TRANSFER,57,2024-03-19,TRANSFER-4730
4855,1180,pärnu,IN,23,2024-03-16,PO-14412
4856,1319,ladu,TRANSFER,86,2024-08-16,TRANSFER-7812
4857,1290,pärnu,TRANSFER,22,2025-02-22,TRANSFER-5645
4858,1237,tartu,ADJUSTMENT,9,2024-06-03,ADJ-6335
4859,1125,tallinn,OUT,-16,2024-06-29,ORD-10162
4860,1212,ladu,IN,186,2024-09-02,PO-23457
4861,1169,ladu,TRANSFER,53,2024-04-20,TRANSFER-9976
4862,1043,ladu,OUT,-7,2024-05-16,ORD-83760
4863,1127,ladu,IN,197,2024-07-31,PO-16762
4864,1007,tallinn,IN,84,2025-01-13,PO-56408
4865,1103,tartu,ADJUSTMENT,21,2024-07-03,ADJ-7757
4866,1308,tartu,IN,52,2024-02-03,PO-55440
4867,1227,tartu,OUT,-29,2024-11-28,ORD-87096
4868,1254,ladu,OUT,-45,2024-01-10,ORD-73486
4869,1199,tallinn,OUT,-40,2024-09-10,ORD-83108
4870,1009,tartu,IN,195,2024-06-26,PO-84358
4871,1323,pärnu,OUT,-19,2024-09-06,ORD-39057
4872,1020,pärnu,TRANSFER,87,2024-12-24,TRANSFER-2043
4873,1173,tartu,OUT,-45,2024-04-28,ORD-93812
4874,1219,ladu,OUT,-31,2024-02-21,ORD-41957
4875,1045,ladu,IN,130,2024-02-22,PO-97794
4876,1296,pärnu,OUT,-41,2024-10-05,ORD-57341
4877,1156,pärnu,OUT,-50,2024-12-28,ORD-25586
4878,1173,tartu,TRANSFER,-25,2024-06-19,TRANSFER-4248
4879,1171,ladu,OUT,-41,2024-02-16,ORD-60807
4880,1284,tallinn,OUT,-18,2024-11-12,ORD-27832
4881,1217,tallinn,TRANSFER,-11,2024-02-17,TRANSFER-1452
4882,1241,pärnu,IN,148,2024-03-25,PO-64860
4883,1250,tallinn,OUT,-37,2024-08-31,ORD-20949
4884,1185,pärnu,OUT,-45,2024-12-26,ORD-44591
4885,1347,ladu,OUT,-48,2024-01-03,ORD-47054
4886,1088,tartu,ADJUSTMENT,18,2024-08-10,ADJ-5902
4887,1193,ladu,OUT,-29,2024-10-22,ORD-24003
4888,1033,ladu,IN,199,2024-07-13,PO-56496
4889,1162,pärnu,ADJUSTMENT,10,2024-12-02,ADJ-2201
4890,1089,tallinn,IN,136,2024-03-26,PO-81486
4891,1284,ladu,OUT,-21,2024-04-22,ORD-12144
4892,1001,ladu,IN,39,2025-02-01,PO-38051
4893,1077,pärnu,ADJUSTMENT,-18,2024-09-06,ADJ-7692
4894,1345,pärnu,IN,48,2024-03-22,PO-51373
4895,1157,pärnu,OUT,-44,2024-04-19,ORD-46017
4896,1140,ladu,ADJUSTMENT,-19,2024-05-23,ADJ-3854
4897,1266,pärnu,ADJUSTMENT,-13,2024-09-13,ADJ-8875
4898,1042,ladu,OUT,-23,2024-06-06,ORD-80833
4899,1227,tallinn,IN,99,2024-02-10,PO-39234
4900,1089,ladu,OUT,-41,2024-04-24,ORD-77156
4901,1299,tallinn,ADJUSTMENT,19,2024-12-05,ADJ-5651
4902,1267,pärnu,OUT,-15,2024-03-18,ORD-46743
4903,1330,ladu,IN,179,2024-09-03,PO-81579
4904,1040,tallinn,OUT,-20,2024-04-07,ORD-49952
4905,1303,ladu,ADJUSTMENT,6,2024-03-22,ADJ-6320
4906,1109,ladu,OUT,-29,2025-02-24,ORD-74446
4907,1143,tartu,ADJUSTMENT,18,2025-01-02,ADJ-8492
4908,1270,tartu,OUT,-38,2024-10-16,ORD-51499
4909,1264,pärnu,OUT,-17,2024-11-28,ORD-17856
4910,1226,pärnu,OUT,-43,2024-05-12,ORD-57369
4911,1053,tartu,OUT,-12,2024-03-12,ORD-55193
4912,1027,pärnu,IN,166,2024-11-16,PO-58048
4913,1070,tallinn,TRANSFER,-65,2024-05-20,TRANSFER-9454
4914,1092,ladu,OUT,-13,2024-03-05,ORD-50637
4915,1328,tallinn,TRANSFER,-54,2024-01-14,TRANSFER-7129
4916,1149,ladu,OUT,-45,2024-07-21,ORD-42193
4917,1169,tallinn,OUT,-19,2024-12-30,ORD-21119
4918,1308,ladu,OUT,-6,2024-05-27,ORD-55560
4919,1257,pärnu,OUT,-6,2024-09-30,ORD-22933
4920,1170,pärnu,TRANSFER,-4,2024-09-08,TRANSFER-4933
4921,1001,pärnu,TRANSFER,19,2024-06-30,TRANSFER-9072
4922,1072,pärnu,OUT,-21,2024-03-30,ORD-25753
4923,1333,ladu,TRANSFER,-53,2024-12-29,TRANSFER-9259
4924,1150,ladu,OUT,-10,2024-01-14,ORD-78579
4925,1076,ladu,IN,13,2024-02-12,PO-27290
4926,1245,ladu,OUT,-47,2024-08-11,ORD-69084
4927,1325,tallinn,IN,160,2024-08-27,PO-64738
4928,1095,tallinn,OUT,-19,2024-10-25,ORD-26058
4929,1155,pärnu,OUT,-40,2024-08-19,ORD-16572
4930,1071,tartu,IN,69,2024-07-14,PO-34751
4931,1221,tallinn,TRANSFER,-10,2025-01-18,TRANSFER-7296
4932,1271,tallinn,TRANSFER,36,2024-07-02,TRANSFER-8539
4933,1254,tartu,IN,98,2024-09-23,PO-97165
4934,1219,ladu,ADJUSTMENT,-25,2024-03-01,ADJ-4532
4935,1310,tallinn,OUT,-26,2024-04-22,ORD-90439
4936,1124,tallinn,OUT,-29,2025-01-07,ORD-34459
4937,1136,tallinn,OUT,-3,2024-10-26,ORD-36575
4938,1228,ladu,OUT,-32,2024-12-31,ORD-43942
4939,1225,tartu,ADJUSTMENT,8,2024-12-30,ADJ-3396
4940,1331,tallinn,IN,25,2024-05-07,PO-69160
4941,1105,ladu,IN,92,2025-01-09,PO-63222
4942,1106,ladu,OUT,-25,2024-12-31,ORD-77631
4943,1330,pärnu,ADJUSTMENT,17,2024-11-07,ADJ-6549
4944,1043,ladu,TRANSFER,9,2024-09-18,TRANSFER-3775
4945,1208,tartu,OUT,-1,2024-03-05,ORD-17912
4946,1326,tallinn,ADJUSTMENT,2,2024-02-23,ADJ-5462
4947,1310,ladu,OUT,-50,2024-11-15,ORD-39447
4948,1047,pärnu,TRANSFER,57,2024-08-17,TRANSFER-4967
4949,1036,pärnu,OUT,-45,2024-10-09,ORD-87665
4950,1165,pärnu,IN,10,2025-02-03,PO-23526
4951,1277,tallinn,TRANSFER,26,2024-01-24,TRANSFER-9424
4952,1056,ladu,OUT,-17,2024-10-24,ORD-73301
4953,1061,tallinn,OUT,-25,2024-06-18,ORD-46745
4954,1141,tartu,OUT,-7,2024-09-28,ORD-94180
4955,1309,ladu,OUT,-5,2024-11-30,ORD-37954
4956,1076,ladu,IN,113,2024-10-24,PO-50840
4957,1320,tallinn,IN,172,2024-12-05,PO-18647
4958,1161,tallinn,OUT,-19,2024-03-10,ORD-66396
4959,1287,pärnu,IN,143,2024-05-17,PO-79612
4960,1281,tallinn,OUT,-8,2024-02-04,ORD-41626
4961,1187,ladu,OUT,-9,2024-06-13,ORD-14448
4962,1148,tallinn,IN,58,2024-11-05,PO-63906
4963,1299,ladu,OUT,-17,2024-06-26,ORD-25612
4964,1023,tallinn,TRANSFER,-11,2024-08-13,TRANSFER-2414
4965,1324,tallinn,OUT,-33,2024-11-16,ORD-28161
4966,1071,ladu,OUT,-9,2024-10-13,ORD-17448
4967,1181,pärnu,ADJUSTMENT,-25,2024-04-18,ADJ-2095
4968,1185,ladu,IN,149,2025-01-26,PO-95779
4969,1105,ladu,OUT,-42,2025-01-10,ORD-37217
4970,1069,ladu,ADJUSTMENT,12,2024-10-22,ADJ-9425
4971,1349,pärnu,IN,184,2025-02-05,PO-22100
4972,1148,tartu,IN,188,2024-12-26,PO-37655
4973,1262,tallinn,OUT,-32,2025-02-09,ORD-19960
4974,1110,pärnu,IN,155,2024-03-05,PO-86923
4975,1265,ladu,IN,75,2024-08-15,PO-81527
4976,1330,ladu,OUT,-13,2024-09-15,ORD-76856
4977,1220,tallinn,TRANSFER,-69,2024-01-30,TRANSFER-3729
4978,1197,pärnu,TRANSFER,49,2025-02-20,TRANSFER-2716
4979,1164,tallinn,OUT,-19,2024-10-08,ORD-60067
4980,1148,pärnu,TRANSFER,67,2024-02-13,TRANSFER-9271
4981,1195,tallinn,OUT,-39,2024-08-15,ORD-55109
4982,1299,ladu,TRANSFER,-18,2024-03-31,TRANSFER-3384
4983,1032,pärnu,OUT,-49,2024-03-02,ORD-78804
4984,1072,tallinn,TRANSFER,66,2024-09-17,TRANSFER-3638
4985,1108,tartu,OUT,-22,2025-01-26,ORD-47159
4986,1341,pärnu,OUT,-17,2024-05-17,ORD-54864
4987,1174,ladu,OUT,-19,2024-06-09,ORD-84918
4988,1002,tallinn,ADJUSTMENT,7,2024-02-26,ADJ-2078
4989,1003,tartu,OUT,-42,2024-10-15,ORD-30355
4990,1097,ladu,OUT,-35,2024-10-07,ORD-62246
4991,1238,ladu,IN,69,2024-10-13,PO-69970
4992,1277,tallinn,IN,18,2024-04-06,PO-68610
4993,1343,ladu,OUT,-28,2024-12-23,ORD-20349
4994,1184,pärnu,IN,107,2024-10-25,PO-80922
4995,1300,tallinn,IN,72,2024-05-28,PO-73298
4996,1339,pärnu,IN,128,2024-04-25,PO-33168
4997,1056,pärnu,IN,130,2024-08-23,PO-19291
4998,1267,pärnu,ADJUSTMENT,-25,2024-11-04,ADJ-4742
4999,1030,ladu,TRANSFER,-28,2024-08-30,TRANSFER-6126
5000,1176,tallinn,IN,73,2024-08-19,PO-97593
5001,1140,tartu,OUT,-23,2024-08-02,ORD-99566
5002,1270,tartu,TRANSFER,-43,2024-03-25,TRANSFER-8437
5003,1252,tartu,IN,117,2024-12-12,PO-23394
5004,1058,tallinn,OUT,-33,2024-07-31,ORD-89207
5005,1187,tallinn,IN,177,2024-07-08,PO-18038
5006,1273,tartu,OUT,-12,2024-01-09,ORD-11609
5007,1062,tartu,IN,171,2024-10-12,PO-27830
5008,1296,pärnu,IN,56,2024-06-26,PO-68485
5009,1041,ladu,IN,134,2024-03-10,PO-89135
5010,1304,pärnu,OUT,-36,2024-02-21,ORD-32329
5011,1051,tartu,OUT,-23,2024-08-26,ORD-33851
5012,1113,tartu,OUT,-9,2024-10-02,ORD-99761
5013,1287,tallinn,OUT,-30,2024-02-26,ORD-31691
5014,1299,tallinn,OUT,-9,2024-04-16,ORD-46765
5015,1239,pärnu,IN,39,2025-01-14,PO-83950
5016,1264,tallinn,IN,141,2024-07-01,PO-12923
5017,1236,tartu,TRANSFER,86,2024-01-23,TRANSFER-8457
5018,1075,tartu,OUT,-50,2024-05-24,ORD-31987
5019,1124,tartu,IN,69,2024-04-11,PO-17911
5020,1188,ladu,OUT,-9,2024-12-21,ORD-96694
5021,1227,pärnu,TRANSFER,51,2024-05-01,TRANSFER-4902
5022,1316,pärnu,OUT,-50,2024-05-26,ORD-84692
5023,1241,ladu,IN,160,2024-07-18,PO-63885
5024,1181,pärnu,ADJUSTMENT,5,2025-02-20,ADJ-1380
5025,1326,tartu,IN,25,2024-01-06,PO-88990
5026,1171,ladu,IN,24,2025-01-04,PO-85755
5027,1282,tallinn,OUT,-24,2024-05-31,ORD-20010
5028,1317,ladu,IN,108,2024-10-28,PO-23787
5029,1013,tartu,IN,114,2025-01-31,PO-80902
5030,1106,pärnu,OUT,-36,2024-01-24,ORD-98235
5031,1163,pärnu,IN,95,2024-01-07,PO-97901
5032,1316,pärnu,IN,21,2025-01-25,PO-27591
5033,1338,tartu,OUT,-17,2024-11-15,ORD-37825
5034,1241,ladu,IN,43,2025-02-13,PO-50386
5035,1119,tallinn,OUT,-31,2024-11-10,ORD-12437
5036,1028,tartu,ADJUSTMENT,-5,2024-03-13,ADJ-4131
5037,1139,ladu,OUT,-20,2025-02-24,ORD-56593
5038,1121,ladu,IN,46,2024-06-09,PO-63469
5039,1091,tallinn,ADJUSTMENT,-28,2024-07-26,ADJ-5063
5040,1284,tallinn,IN,97,2024-06-20,PO-10285
5041,1280,pärnu,IN,160,2024-07-10,PO-48913
5042,1013,ladu,IN,192,2025-01-11,PO-64477
5043,1213,ladu,IN,37,2024-03-14,PO-63004
5044,1291,ladu,ADJUSTMENT,-7,2024-03-18,ADJ-3966
5045,1319,ladu,OUT,-8,2024-03-17,ORD-52366
5046,1330,pärnu,IN,179,2024-03-22,PO-41603
5047,1094,tallinn,OUT,-24,2024-10-21,ORD-63377
5048,1130,tartu,IN,121,2025-01-27,PO-25565
5049,1305,pärnu,TRANSFER,-95,2024-12-25,TRANSFER-5048
5050,1303,tallinn,ADJUSTMENT,17,2024-07-06,ADJ-9684
5051,1343,ladu,OUT,-6,2024-12-26,ORD-34506
5052,1087,tartu,OUT,-32,2025-01-14,ORD-33277
5053,1103,tallinn,OUT,-23,2024-05-24,ORD-96129
5054,1285,pärnu,OUT,-29,2024-07-05,ORD-75667
5055,1309,ladu,IN,145,2024-11-29,PO-14182
5056,1261,pärnu,OUT,-19,2024-12-26,ORD-10534
5057,1334,tallinn,OUT,-38,2024-05-14,ORD-39492
5058,1182,tallinn,OUT,-7,2025-01-31,ORD-48876
5059,1258,pärnu,TRANSFER,67,2024-12-21,TRANSFER-2251
5060,1241,pärnu,IN,176,2024-10-09,PO-73978
5061,1015,pärnu,OUT,-13,2024-07-02,ORD-97196
5062,1196,pärnu,IN,174,2025-01-04,PO-58113
5063,1279,ladu,OUT,-44,2025-01-05,ORD-83469
5064,1277,tallinn,OUT,-28,2024-03-03,ORD-21537
5065,1116,tallinn,ADJUSTMENT,22,2024-05-14,ADJ-7089
5066,1220,tallinn,TRANSFER,39,2024-06-18,TRANSFER-6774
5067,1222,tartu,TRANSFER,78,2024-11-10,TRANSFER-9599
5068,1253,ladu,IN,61,2024-06-01,PO-13236
5069,1224,ladu,IN,74,2024-06-22,PO-34128
5070,1011,pärnu,OUT,-19,2025-01-01,ORD-40932
5071,1268,pärnu,OUT,-30,2024-11-27,ORD-47827
5072,1076,ladu,OUT,-32,2024-05-06,ORD-29620
5073,1269,tallinn,ADJUSTMENT,-7,2024-10-05,ADJ-1288
5074,1066,pärnu,TRANSFER,87,2024-07-24,TRANSFER-2604
5075,1080,pärnu,OUT,-4,2024-07-10,ORD-36589
5076,1134,tallinn,OUT,-21,2024-03-20,ORD-65040
5077,1193,tartu,OUT,-29,2024-01-02,ORD-46582
5078,1323,tartu,OUT,-19,2024-11-24,ORD-77204
5079,1081,tartu,IN,77,2024-09-06,PO-32456
5080,1030,tallinn,IN,70,2024-11-11,PO-12388
5081,1173,tallinn,ADJUSTMENT,8,2025-01-07,ADJ-4709
5082,1093,tartu,IN,108,2025-01-21,PO-84960
5083,1234,pärnu,OUT,-27,2024-10-04,ORD-73569
5084,1113,ladu,IN,34,2024-12-12,PO-71257
5085,1191,tartu,IN,57,2024-02-09,PO-57800
5086,1168,ladu,OUT,-10,2024-01-26,ORD-54058
5087,1218,tartu,IN,122,2024-05-14,PO-70782
5088,1025,tartu,IN,147,2024-12-22,PO-24896
5089,1131,tallinn,ADJUSTMENT,24,2024-04-19,ADJ-6806
5090,1312,tartu,TRANSFER,49,2024-09-12,TRANSFER-8482
5091,1132,pärnu,IN,11,2024-02-05,PO-89901
5092,1201,tallinn,TRANSFER,94,2024-05-03,TRANSFER-7784
5093,1152,tartu,TRANSFER,-97,2024-03-27,TRANSFER-3235
5094,1243,tartu,IN,101,2024-07-24,PO-41592
5095,1218,ladu,IN,37,2024-07-10,PO-77828
5096,1013,tallinn,OUT,-29,2024-07-22,ORD-53196
5097,1261,tartu,OUT,-1,2024-07-16,ORD-89216
5098,1259,tartu,TRANSFER,40,2024-03-08,TRANSFER-9338
5099,1120,ladu,OUT,-36,2024-03-21,ORD-68269
5100,1288,ladu,IN,53,2024-05-01,PO-70107
5101,1120,tartu,IN,153,2024-12-01,PO-77411
5102,1349,ladu,IN,106,2024-01-13,PO-27694
5103,1145,pärnu,IN,61,2024-11-06,PO-83713
5104,1271,ladu,IN,53,2024-04-30,PO-68685
5105,1048,tallinn,ADJUSTMENT,-26,2024-09-20,ADJ-5171
5106,1109,tallinn,IN,59,2024-11-03,PO-32775
5107,1234,ladu,IN,73,2024-05-12,PO-49175
5108,1315,tallinn,IN,105,2024-08-10,PO-89859
5109,1213,ladu,OUT,-2,2025-01-02,ORD-68351
5110,1293,ladu,OUT,-33,2024-03-09,ORD-41513
5111,1314,tartu,OUT,-46,2024-08-16,ORD-36362
5112,1340,tallinn,IN,54,2024-04-08,PO-27506
5113,1206,tallinn,IN,65,2024-08-02,PO-47655
5114,1177,ladu,TRANSFER,-20,2024-05-13,TRANSFER-7184
5115,1023,pärnu,IN,124,2024-04-09,PO-79135
5116,1286,tartu,OUT,-47,2024-10-25,ORD-81281
5117,1198,pärnu,TRANSFER,-95,2024-09-14,TRANSFER-9041
5118,1155,tallinn,IN,53,2024-04-08,PO-12445
5119,1045,tallinn,OUT,-4,2024-10-13,ORD-60813
5120,1049,pärnu,ADJUSTMENT,10,2024-03-04,ADJ-1186
5121,1319,ladu,OUT,-2,2024-12-24,ORD-97657
5122,1316,tartu,IN,161,2025-02-27,PO-52664
5123,1120,pärnu,IN,64,2024-02-14,PO-50076
5124,1173,tallinn,IN,177,2024-01-18,PO-26410
5125,1331,tallinn,OUT,-45,2024-04-22,ORD-78528
5126,1029,tartu,IN,120,2024-07-27,PO-92150
5127,1023,ladu,TRANSFER,-73,2024-09-03,TRANSFER-5734
5128,1348,tartu,OUT,-21,2024-05-28,ORD-62922
5129,1153,tartu,IN,68,2024-11-30,PO-84275
5130,1265,tartu,IN,43,2024-10-05,PO-81476
5131,1127,tartu,IN,127,2024-04-25,PO-58067
5132,1127,ladu,OUT,-28,2024-12-18,ORD-37984
5133,1028,tartu,OUT,-6,2024-08-21,ORD-57103
5134,1060,tartu,IN,183,2024-01-24,PO-51724
5135,1096,pärnu,IN,109,2025-01-27,PO-56176
5136,1168,ladu,ADJUSTMENT,29,2024-11-25,ADJ-9245
5137,1249,tartu,IN,30,2024-09-12,PO-49702
5138,1229,tartu,OUT,-24,2024-03-18,ORD-35376
5139,1340,ladu,ADJUSTMENT,-12,2025-02-10,ADJ-9805
5140,1072,ladu,TRANSFER,-77,2024-05-18,TRANSFER-8958
5141,1248,ladu,OUT,-34,2024-09-22,ORD-29622
5142,1285,tallinn,OUT,-19,2024-01-27,ORD-43305
5143,1035,ladu,IN,108,2025-01-13,PO-71100
5144,1044,tallinn,OUT,-8,2025-01-04,ORD-67845
5145,1038,tallinn,ADJUSTMENT,-27,2025-02-01,ADJ-7147
5146,1328,tallinn,IN,168,2024-09-29,PO-28612
5147,1325,tartu,OUT,-4,2024-02-06,ORD-27665
5148,1173,ladu,OUT,-46,2024-11-25,ORD-29555
5149,1116,tallinn,ADJUSTMENT,-12,2024-05-23,ADJ-3438
5150,1159,pärnu,TRANSFER,-4,2024-03-17,TRANSFER-7445
5151,1193,tartu,OUT,-26,2025-01-18,ORD-31505
5152,1096,ladu,ADJUSTMENT,5,2024-11-11,ADJ-2450
5153,1285,ladu,IN,129,2024-09-07,PO-17202
5154,1105,tallinn,TRANSFER,-71,2024-01-05,TRANSFER-9984
5155,1338,ladu,OUT,-5,2024-10-14,ORD-11447
5156,1225,pärnu,OUT,-47,2024-09-05,ORD-45614
5157,1106,tallinn,OUT,-23,2024-09-30,ORD-99515
5158,1350,ladu,IN,144,2024-12-18,PO-85514
5159,1225,pärnu,OUT,-14,2024-11-02,ORD-45174
5160,1262,tallinn,OUT,-49,2025-02-03,ORD-44995
5161,1008,tallinn,OUT,-23,2024-05-01,ORD-10644
5162,1108,tallinn,OUT,-46,2024-06-19,ORD-61746
5163,1324,ladu,OUT,-7,2024-04-15,ORD-60421
5164,1012,pärnu,IN,194,2024-03-04,PO-68021
5165,1185,pärnu,IN,96,2024-11-22,PO-78451
5166,1175,tartu,ADJUSTMENT,-13,2024-11-12,ADJ-5846
5167,1248,ladu,OUT,-15,2025-01-18,ORD-71780
5168,1276,tallinn,OUT,-43,2024-01-25,ORD-27497
5169,1280,pärnu,IN,8,2025-02-05,PO-98972
5170,1280,pärnu,IN,172,2024-08-10,PO-16704
5171,1157,tartu,TRANSFER,32,2024-05-13,TRANSFER-1083
5172,1043,tallinn,ADJUSTMENT,-30,2025-01-25,ADJ-7367
5173,1295,tallinn,TRANSFER,-87,2024-01-17,TRANSFER-6229
5174,1213,tallinn,OUT,-32,2024-01-31,ORD-28517
5175,1283,tallinn,IN,183,2025-02-05,PO-32826
5176,1164,pärnu,ADJUSTMENT,-28,2024-02-23,ADJ-4960
5177,1018,tallinn,OUT,-2,2024-08-02,ORD-90047
5178,1309,tallinn,OUT,-34,2024-09-12,ORD-96021
5179,1012,tallinn,IN,195,2024-04-11,PO-44272
5180,1174,tartu,IN,178,2024-02-10,PO-35784
5181,1254,pärnu,TRANSFER,-47,2025-01-26,TRANSFER-4029
5182,1106,ladu,TRANSFER,-40,2024-02-03,TRANSFER-4494
5183,1135,ladu,IN,120,2024-07-09,PO-17400
5184,1251,tartu,IN,33,2024-02-15,PO-99220
5185,1042,tartu,OUT,-36,2024-06-20,ORD-76425
5186,1289,tallinn,IN,178,2024-01-25,PO-34297
5187,1264,pärnu,OUT,-49,2025-02-06,ORD-44097
5188,1022,tartu,OUT,-43,2024-03-09,ORD-96124
5189,1006,tallinn,IN,55,2024-12-04,PO-84172
5190,1215,pärnu,OUT,-46,2024-09-25,ORD-61227
5191,1041,tallinn,OUT,-49,2024-03-13,ORD-28370
5192,1255,tallinn,IN,135,2024-08-09,PO-24544
5193,1222,pärnu,IN,178,2024-11-02,PO-48261
5194,1138,pärnu,TRANSFER,21,2024-11-02,TRANSFER-8905
5195,1242,tallinn,TRANSFER,-83,2024-01-20,TRANSFER-4534
5196,1337,tartu,OUT,-46,2024-03-14,ORD-47630
5197,1066,pärnu,OUT,-48,2024-11-07,ORD-98262
5198,1275,tartu,OUT,-33,2024-01-10,ORD-29533
5199,1078,tartu,OUT,-15,2024-06-16,ORD-31649
5200,1296,tallinn,IN,99,2024-09-17,PO-70543
5201,1318,pärnu,OUT,-22,2024-06-25,ORD-87766
5202,1299,ladu,OUT,-31,2024-08-07,ORD-93135
5203,1066,tartu,OUT,-13,2024-07-19,ORD-82908
5204,1222,pärnu,IN,26,2024-12-09,PO-61605
5205,1305,tartu,OUT,-48,2024-06-18,ORD-20235
5206,1153,ladu,OUT,-30,2025-02-08,ORD-62517
5207,1169,tartu,OUT,-20,2024-09-28,ORD-60051
5208,1325,tartu,IN,35,2024-12-09,PO-51472
5209,1320,tartu,IN,122,2025-02-13,PO-37987
5210,1259,pärnu,OUT,-22,2024-01-27,ORD-47096
5211,1256,pärnu,IN,59,2025-01-14,PO-58011
5212,1137,tartu,OUT,-3,2024-12-18,ORD-79509
5213,1107,tartu,IN,146,2024-04-29,PO-22351
5214,1344,pärnu,IN,55,2024-06-03,PO-26090
5215,1326,tallinn,IN,58,2024-02-11,PO-78598
5216,1209,tartu,IN,136,2025-02-26,PO-62632
5217,1318,pärnu,TRANSFER,-66,2024-11-06,TRANSFER-7239
5218,1291,ladu,IN,130,2024-03-22,PO-31339
5219,1305,pärnu,TRANSFER,82,2024-08-02,TRANSFER-7368
5220,1060,tartu,ADJUSTMENT,23,2024-04-22,ADJ-2676
5221,1173,ladu,IN,32,2024-10-04,PO-67710
5222,1226,tartu,OUT,-41,2024-06-07,ORD-41560
5223,1033,pärnu,OUT,-49,2024-06-29,ORD-98081
5224,1196,tartu,TRANSFER,-77,2025-02-20,TRANSFER-8434
5225,1140,tartu,IN,74,2024-04-02,PO-92536
5226,1171,tallinn,OUT,-28,2024-11-07,ORD-37282
5227,1253,ladu,OUT,-28,2024-12-02,ORD-57899
5228,1119,tallinn,IN,86,2024-04-20,PO-77780
5229,1250,tartu,TRANSFER,90,2024-01-15,TRANSFER-7240
5230,1261,tallinn,OUT,-24,2024-01-23,ORD-19068
5231,1124,ladu,TRANSFER,-56,2024-12-25,TRANSFER-6772
5232,1281,tartu,OUT,-25,2025-01-31,ORD-56294
5233,1199,tallinn,ADJUSTMENT,16,2024-06-28,ADJ-4191
5234,1279,ladu,OUT,-28,2024-07-31,ORD-46336
5235,1151,pärnu,TRANSFER,48,2024-02-22,TRANSFER-4829
5236,1196,tartu,ADJUSTMENT,-18,2024-09-25,ADJ-4995
5237,1157,pärnu,OUT,-31,2024-07-31,ORD-96389
5238,1224,tallinn,OUT,-15,2024-10-18,ORD-21958
5239,1345,ladu,IN,75,2024-09-07,PO-26519
5240,1058,tallinn,IN,94,2024-01-09,PO-16194
5241,1014,tallinn,IN,170,2024-05-08,PO-75212
5242,1287,tallinn,ADJUSTMENT,-12,2024-07-03,ADJ-8250
5243,1303,ladu,OUT,-45,2024-09-20,ORD-64174
5244,1040,pärnu,TRANSFER,-39,2025-01-27,TRANSFER-8500
5245,1157,pärnu,IN,88,2024-04-19,PO-69556
5246,1182,ladu,TRANSFER,42,2024-12-26,TRANSFER-3202
5247,1275,ladu,IN,117,2024-09-28,PO-88617
5248,1317,ladu,TRANSFER,79,2025-02-07,TRANSFER-4139
5249,1268,ladu,IN,24,2024-01-11,PO-42211
5250,1233,tallinn,IN,168,2024-09-25,PO-22337
5251,1141,ladu,TRANSFER,-21,2024-04-04,TRANSFER-2176
5252,1013,ladu,OUT,-43,2024-01-04,ORD-96602
5253,1076,tartu,TRANSFER,-57,2024-06-02,TRANSFER-3818
5254,1254,tallinn,IN,143,2024-07-08,PO-89789
5255,1214,tallinn,IN,153,2024-09-21,PO-67510
5256,1068,ladu,IN,160,2024-07-20,PO-82603
5257,1020,pärnu,OUT,-35,2025-01-05,ORD-83384
5258,1254,tartu,TRANSFER,-23,2024-05-27,TRANSFER-5051
5259,1135,tartu,IN,129,2024-10-19,PO-26508
5260,1108,pärnu,OUT,-11,2024-03-11,ORD-32983
5261,1191,ladu,IN,103,2024-03-10,PO-17145
5262,1083,tartu,OUT,-37,2024-01-25,ORD-51932
5263,1125,ladu,TRANSFER,-41,2024-03-22,TRANSFER-3813
5264,1141,ladu,ADJUSTMENT,-5,2024-08-07,ADJ-9213
5265,1033,tallinn,IN,159,2024-07-05,PO-88758
5266,1027,ladu,ADJUSTMENT,-3,2024-06-05,ADJ-4083
5267,1249,tartu,IN,92,2024-05-31,PO-47793
5268,1021,ladu,ADJUSTMENT,3,2024-04-20,ADJ-1610
5269,1257,tallinn,IN,45,2024-03-29,PO-61621
5270,1250,pärnu,TRANSFER,-81,2024-02-23,TRANSFER-2871
5271,1325,ladu,OUT,-48,2025-01-18,ORD-11738
5272,1198,pärnu,OUT,-24,2024-09-08,ORD-91201
5273,1295,pärnu,OUT,-43,2024-09-06,ORD-74674
5274,1119,pärnu,IN,127,2024-10-17,PO-13803
5275,1288,tallinn,OUT,-19,2024-03-29,ORD-53114
5276,1123,tallinn,ADJUSTMENT,-24,2024-07-13,ADJ-8201
5277,1230,pärnu,IN,140,2024-02-10,PO-37683
5278,1062,ladu,ADJUSTMENT,7,2024-05-15,ADJ-3091
5279,1199,tallinn,IN,133,2024-04-05,PO-45962
5280,1339,pärnu,IN,190,2024-03-31,PO-11560
5281,1103,tallinn,IN,14,2024-06-27,PO-84963
5282,1246,pärnu,OUT,-35,2024-07-23,ORD-24501
5283,1154,tallinn,OUT,-40,2024-01-25,ORD-68731
5284,1073,ladu,OUT,-38,2024-08-22,ORD-88711
5285,1070,tallinn,OUT,-7,2024-06-07,ORD-59310
5286,1126,ladu,IN,91,2024-10-30,PO-24120
5287,1131,tartu,IN,92,2024-07-28,PO-33617
5288,1200,ladu,OUT,-27,2025-01-30,ORD-66074
5289,1119,ladu,OUT,-21,2024-09-10,ORD-74504
5290,1143,ladu,IN,115,2024-04-29,PO-29176
5291,1238,pärnu,TRANSFER,-7,2024-04-15,TRANSFER-7979
5292,1222,pärnu,IN,98,2025-01-07,PO-15549
5293,1172,pärnu,IN,23,2024-12-02,PO-42425
5294,1200,ladu,TRANSFER,80,2024-09-10,TRANSFER-2807
5295,1007,tallinn,OUT,-19,2024-09-23,ORD-33636
5296,1345,tartu,ADJUSTMENT,26,2025-02-01,ADJ-6459
5297,1314,pärnu,ADJUSTMENT,-16,2025-01-12,ADJ-3177
5298,1128,pärnu,IN,135,2024-06-09,PO-20032
5299,1039,ladu,IN,198,2024-07-13,PO-22067
5300,1155,pärnu,IN,107,2024-09-22,PO-16351
5301,1255,pärnu,ADJUSTMENT,3,2024-07-17,ADJ-9479
5302,1047,tartu,OUT,-17,2024-05-27,ORD-15666
5303,1282,tallinn,OUT,-47,2024-03-25,ORD-70206
5304,1297,pärnu,OUT,-2,2024-07-28,ORD-94874
5305,1286,tartu,IN,61,2024-07-04,PO-62855
5306,1125,tallinn,OUT,-44,2025-01-31,ORD-25850
5307,1109,ladu,IN,54,2024-04-02,PO-52260
5308,1112,ladu,OUT,-23,2025-02-04,ORD-13303
5309,1342,pärnu,TRANSFER,18,2024-07-27,TRANSFER-2026
5310,1122,tartu,TRANSFER,-87,2024-10-01,TRANSFER-2596
5311,1114,ladu,IN,98,2025-02-13,PO-51651
5312,1162,ladu,TRANSFER,-69,2024-04-21,TRANSFER-5367
5313,1178,pärnu,IN,96,2025-02-04,PO-20431
5314,1220,tallinn,IN,182,2024-09-08,PO-94078
5315,1291,tartu,OUT,-50,2024-08-29,ORD-20123
5316,1221,ladu,OUT,-8,2024-12-24,ORD-51190
5317,1320,ladu,OUT,-32,2024-02-24,ORD-35063
5318,1323,pärnu,OUT,-1,2024-11-21,ORD-57658
5319,1260,tartu,IN,63,2024-05-04,PO-85892
5320,1264,tallinn,OUT,-3,2024-08-06,ORD-77524
5321,1220,pärnu,IN,146,2024-07-14,PO-69164
5322,1160,tartu,IN,142,2024-09-23,PO-72513
5323,1200,tallinn,IN,168,2024-11-05,PO-28591
5324,1267,tartu,OUT,-8,2024-09-22,ORD-88466
5325,1026,pärnu,TRANSFER,5,2024-06-18,TRANSFER-7150
5326,1312,pärnu,OUT,-24,2024-07-23,ORD-44870
5327,1320,tallinn,OUT,-50,2024-12-13,ORD-81624
5328,1281,pärnu,OUT,-5,2024-06-30,ORD-81489
5329,1106,ladu,ADJUSTMENT,7,2024-06-18,ADJ-3989
5330,1064,tallinn,IN,21,2024-10-05,PO-62046
5331,1070,pärnu,TRANSFER,-100,2024-12-15,TRANSFER-4700
5332,1010,tallinn,OUT,-27,2024-02-07,ORD-71172
5333,1064,tallinn,TRANSFER,-51,2024-04-01,TRANSFER-6112
5334,1156,pärnu,OUT,-48,2024-03-14,ORD-73643
5335,1221,tallinn,OUT,-17,2024-04-25,ORD-25738
5336,1217,tallinn,OUT,-11,2025-01-20,ORD-28473
5337,1063,ladu,OUT,-39,2024-05-10,ORD-44016
5338,1349,ladu,ADJUSTMENT,28,2024-06-06,ADJ-8520
5339,1224,pärnu,OUT,-31,2024-04-30,ORD-96241
5340,1089,pärnu,OUT,-9,2024-06-26,ORD-68826
5341,1207,tartu,IN,62,2024-09-04,PO-90334
5342,1226,tartu,TRANSFER,-61,2024-01-25,TRANSFER-5034
5343,1303,tartu,OUT,-32,2024-11-23,ORD-43407
5344,1350,pärnu,TRANSFER,34,2024-12-02,TRANSFER-5371
5345,1095,ladu,OUT,-31,2024-07-11,ORD-65885
5346,1055,pärnu,OUT,-19,2025-01-05,ORD-96057
5347,1122,tartu,OUT,-49,2024-11-08,ORD-28435
5348,1256,pärnu,ADJUSTMENT,-18,2024-10-08,ADJ-1595
5349,1065,pärnu,IN,11,2024-02-02,PO-24427
5350,1335,ladu,OUT,-4,2024-06-03,ORD-13415
5351,1134,tartu,IN,156,2024-05-09,PO-80095
5352,1184,tallinn,ADJUSTMENT,-27,2024-02-02,ADJ-8871
5353,1182,tartu,OUT,-11,2024-06-15,ORD-84631
5354,1005,tallinn,OUT,-14,2024-05-27,ORD-98744
5355,1074,tallinn,TRANSFER,-60,2024-07-26,TRANSFER-7890
5356,1151,tallinn,OUT,-33,2024-11-08,ORD-38273
5357,1342,pärnu,OUT,-41,2024-02-03,ORD-93662
5358,1328,ladu,IN,22,2024-07-09,PO-49352
5359,1218,ladu,OUT,-17,2024-11-25,ORD-84110
5360,1007,pärnu,IN,57,2024-10-26,PO-93556
5361,1080,tallinn,IN,9,2024-01-24,PO-38559
5362,1060,pärnu,IN,12,2024-02-11,PO-97376
5363,1314,ladu,TRANSFER,-7,2024-04-25,TRANSFER-3071
5364,1286,tallinn,IN,78,2024-04-05,PO-10942
5365,1331,tallinn,OUT,-35,2024-06-23,ORD-39623
5366,1067,pärnu,OUT,-3,2024-02-20,ORD-18967
5367,1183,pärnu,IN,115,2024-08-03,PO-78706
5368,1216,ladu,IN,130,2024-04-22,PO-25279
5369,1165,pärnu,OUT,-46,2024-03-02,ORD-68709
5370,1210,tallinn,IN,151,2025-02-11,PO-62010
5371,1188,pärnu,OUT,-18,2024-03-18,ORD-51641
5372,1118,ladu,TRANSFER,91,2024-10-11,TRANSFER-9180
5373,1012,pärnu,OUT,-10,2025-01-28,ORD-77780
5374,1168,tallinn,OUT,-13,2024-09-26,ORD-20637
5375,1314,ladu,ADJUSTMENT,17,2024-02-13,ADJ-7970
5376,1107,tallinn,TRANSFER,-99,2024-09-07,TRANSFER-3067
5377,1152,pärnu,TRANSFER,84,2024-11-10,TRANSFER-6379
5378,1181,tallinn,IN,135,2024-10-04,PO-31915
5379,1323,tallinn,OUT,-15,2025-02-04,ORD-34593
5380,1287,ladu,OUT,-17,2024-05-31,ORD-11348
5381,1329,ladu,OUT,-48,2024-02-09,ORD-61838
5382,1049,tallinn,IN,98,2024-09-01,PO-40872
5383,1029,pärnu,IN,77,2025-01-05,PO-18320
5384,1278,tartu,OUT,-29,2024-01-29,ORD-64221
5385,1313,pärnu,TRANSFER,-51,2024-08-02,TRANSFER-9187
5386,1032,tartu,IN,20,2024-03-08,PO-28640
5387,1188,pärnu,TRANSFER,70,2024-12-26,TRANSFER-8119
5388,1126,ladu,OUT,-10,2024-11-12,ORD-67790
5389,1120,tartu,IN,95,2024-11-06,PO-91443
5390,1133,tartu,IN,5,2024-10-10,PO-17224
5391,1077,ladu,ADJUSTMENT,2,2024-03-12,ADJ-1717
5392,1100,pärnu,OUT,-4,2024-05-25,ORD-26964
5393,1191,pärnu,IN,46,2024-10-03,PO-33531
5394,1074,ladu,ADJUSTMENT,4,2024-10-21,ADJ-3703
5395,1348,pärnu,IN,93,2024-07-20,PO-64103
5396,1144,tartu,OUT,-35,2024-05-02,ORD-77138
5397,1031,tallinn,OUT,-41,2024-07-30,ORD-21479
5398,1073,tallinn,OUT,-25,2024-01-23,ORD-68112
5399,1117,pärnu,OUT,-4,2024-07-23,ORD-68956
5400,1195,tartu,IN,132,2024-05-14,PO-43301
5401,1221,ladu,ADJUSTMENT,-28,2024-10-13,ADJ-3003
5402,1224,pärnu,OUT,-13,2024-11-06,ORD-13410
5403,1217,tallinn,IN,64,2024-11-10,PO-32118
5404,1097,ladu,IN,63,2024-09-23,PO-52913
5405,1285,ladu,OUT,-30,2024-01-22,ORD-29094
5406,1033,tallinn,OUT,-13,2024-03-12,ORD-53356
5407,1210,pärnu,ADJUSTMENT,-30,2024-02-13,ADJ-7589
5408,1140,tartu,OUT,-26,2024-11-23,ORD-57611
5409,1142,tartu,IN,76,2024-10-25,PO-72119
5410,1006,pärnu,TRANSFER,-18,2024-08-28,TRANSFER-9328
5411,1024,pärnu,TRANSFER,-32,2024-07-06,TRANSFER-7378
5412,1049,tallinn,TRANSFER,88,2024-10-18,TRANSFER-4498
5413,1067,tartu,OUT,-4,2024-02-10,ORD-99529
5414,1251,tartu,IN,180,2025-01-06,PO-58017
5415,1038,tartu,IN,157,2024-03-02,PO-93711
5416,1155,tartu,IN,188,2025-01-08,PO-56853
5417,1118,tallinn,OUT,-30,2024-10-14,ORD-24951
5418,1125,tallinn,OUT,-14,2025-01-27,ORD-30004
5419,1233,tallinn,OUT,-34,2024-09-30,ORD-67712
5420,1031,pärnu,OUT,-5,2024-01-27,ORD-76348
5421,1329,tallinn,OUT,-23,2024-04-16,ORD-66564
5422,1102,pärnu,OUT,-15,2024-04-02,ORD-99168
5423,1037,tallinn,TRANSFER,-2,2024-02-16,TRANSFER-2073
5424,1015,tallinn,TRANSFER,-35,2024-04-30,TRANSFER-9338
5425,1085,pärnu,IN,184,2024-08-17,PO-85369
5426,1275,pärnu,OUT,-16,2024-12-21,ORD-20725
5427,1272,tallinn,TRANSFER,91,2024-08-06,TRANSFER-5779
5428,1187,tallinn,ADJUSTMENT,-19,2025-01-07,ADJ-6922
5429,1313,ladu,ADJUSTMENT,3,2024-12-01,ADJ-8027
5430,1199,ladu,OUT,-31,2024-11-11,ORD-99095
5431,1072,tartu,OUT,-17,2024-03-20,ORD-96199
5432,1338,tartu,IN,144,2025-02-02,PO-76222
5433,1014,pärnu,OUT,-33,2025-02-11,ORD-30462
5434,1266,tartu,IN,19,2024-08-23,PO-66038
5435,1162,tartu,ADJUSTMENT,9,2024-01-25,ADJ-2675
5436,1142,tallinn,IN,5,2024-01-23,PO-40848
5437,1038,pärnu,TRANSFER,-1,2024-12-24,TRANSFER-4419
5438,1255,ladu,OUT,-3,2025-01-31,ORD-60490
5439,1153,tallinn,TRANSFER,15,2024-02-08,TRANSFER-1604
5440,1101,ladu,TRANSFER,70,2024-01-10,TRANSFER-3689
5441,1126,ladu,ADJUSTMENT,4,2024-11-17,ADJ-7587
5442,1110,pärnu,IN,153,2024-01-20,PO-54477
5443,1145,tallinn,OUT,-9,2024-12-02,ORD-53484
5444,1118,ladu,IN,55,2024-07-13,PO-67987
5445,1136,tallinn,ADJUSTMENT,12,2024-01-18,ADJ-3561
5446,1022,pärnu,OUT,-25,2024-11-13,ORD-13565
5447,1310,tartu,OUT,-3,2024-02-27,ORD-13292
5448,1151,tartu,TRANSFER,93,2024-09-16,TRANSFER-2108
5449,1102,pärnu,OUT,-18,2024-07-05,ORD-86867
5450,1169,tallinn,ADJUSTMENT,27,2024-06-14,ADJ-9425
5451,1041,tallinn,OUT,-44,2025-01-09,ORD-53921
5452,1069,ladu,IN,51,2024-11-02,PO-67648
5453,1184,tartu,TRANSFER,9,2025-01-26,TRANSFER-7630
5454,1348,ladu,OUT,-49,2024-05-17,ORD-81332
5455,1081,tartu,OUT,-50,2024-08-27,ORD-27233
5456,1020,ladu,TRANSFER,-87,2024-03-30,TRANSFER-4840
5457,1239,tallinn,OUT,-11,2025-01-22,ORD-58474
5458,1039,ladu,IN,173,2024-04-03,PO-55703
5459,1241,tartu,TRANSFER,-44,2024-04-07,TRANSFER-2755
5460,1053,tallinn,OUT,-35,2024-07-12,ORD-80604
5461,1326,tallinn,ADJUSTMENT,10,2024-04-29,ADJ-6878
5462,1015,tartu,OUT,-44,2024-01-05,ORD-20124
5463,1146,tartu,ADJUSTMENT,-18,2024-12-18,ADJ-3825
5464,1240,ladu,TRANSFER,-90,2024-10-05,TRANSFER-1505
5465,1213,tallinn,IN,143,2024-10-20,PO-27809
5466,1212,tartu,IN,157,2024-07-05,PO-31860
5467,1240,pärnu,OUT,-46,2024-06-01,ORD-64972
5468,1062,tallinn,OUT,-34,2024-08-17,ORD-25405
5469,1208,tallinn,TRANSFER,36,2024-09-13,TRANSFER-1516
5470,1335,pärnu,OUT,-31,2024-04-11,ORD-66741
5471,1043,pärnu,TRANSFER,38,2024-08-10,TRANSFER-5054
5472,1240,tartu,IN,21,2024-09-20,PO-63965
5473,1043,ladu,OUT,-42,2024-07-09,ORD-87304
5474,1113,tartu,IN,45,2024-12-24,PO-77763
5475,1270,tallinn,TRANSFER,-2,2024-01-27,TRANSFER-1683
5476,1324,ladu,TRANSFER,-59,2024-03-08,TRANSFER-1292
5477,1284,tartu,IN,171,2024-10-18,PO-48298
5478,1133,tallinn,ADJUSTMENT,25,2025-01-06,ADJ-1602
5479,1042,ladu,IN,188,2024-11-03,PO-23549
5480,1158,ladu,TRANSFER,100,2024-07-02,TRANSFER-2155
5481,1117,tallinn,OUT,-42,2024-04-21,ORD-10107
5482,1167,ladu,OUT,-30,2024-01-11,ORD-23763
5483,1009,ladu,IN,128,2024-11-21,PO-81432
5484,1031,pärnu,OUT,-3,2024-10-20,ORD-96730
5485,1056,tartu,TRANSFER,43,2024-01-15,TRANSFER-5287
5486,1036,ladu,OUT,-26,2025-02-05,ORD-21744
5487,1252,ladu,IN,146,2025-02-15,PO-88517
5488,1188,tartu,ADJUSTMENT,11,2025-02-23,ADJ-4500
5489,1148,tartu,IN,169,2024-01-19,PO-91898
5490,1257,tartu,OUT,-17,2024-12-29,ORD-28985
5491,1264,tallinn,OUT,-28,2024-09-27,ORD-40224
5492,1218,tallinn,OUT,-48,2024-08-19,ORD-49072
5493,1160,ladu,ADJUSTMENT,-9,2024-06-08,ADJ-9557
5494,1128,ladu,OUT,-30,2025-01-09,ORD-29573
5495,1253,ladu,TRANSFER,-32,2025-02-22,TRANSFER-4431
5496,1134,tallinn,IN,156,2024-05-03,PO-29391
5497,1279,ladu,TRANSFER,46,2024-04-15,TRANSFER-6155
5498,1225,tallinn,OUT,-33,2024-10-06,ORD-86080
5499,1046,ladu,IN,105,2024-09-28,PO-16177
5500,1176,tartu,IN,142,2024-05-31,PO-52717
5501,1212,tartu,OUT,-43,2024-01-05,ORD-90272
5502,1250,tallinn,ADJUSTMENT,-1,2024-05-06,ADJ-5416
5503,1231,tartu,OUT,-17,2024-06-23,ORD-41747
5504,1091,pärnu,IN,160,2025-02-16,PO-21450
5505,1170,tallinn,IN,19,2024-08-15,PO-15708
5506,1320,tartu,IN,199,2024-12-04,PO-41030
5507,1072,pärnu,OUT,-33,2024-09-22,ORD-26934
5508,1220,tartu,IN,71,2024-11-07,PO-71724
5509,1242,ladu,IN,75,2024-01-27,PO-92532
5510,1138,ladu,TRANSFER,35,2024-12-04,TRANSFER-1809
5511,1124,ladu,ADJUSTMENT,10,2024-04-05,ADJ-8521
5512,1340,ladu,OUT,-33,2025-01-13,ORD-18006
5513,1166,pärnu,TRANSFER,-8,2024-02-10,TRANSFER-7206
5514,1147,ladu,OUT,-25,2025-02-06,ORD-82710
5515,1205,ladu,TRANSFER,-24,2024-10-10,TRANSFER-2508
5516,1131,ladu,OUT,-46,2025-01-22,ORD-15390
5517,1248,tallinn,TRANSFER,-44,2024-06-07,TRANSFER-5336
5518,1273,ladu,IN,65,2025-02-05,PO-94769
5519,1068,ladu,ADJUSTMENT,2,2024-11-18,ADJ-5742
5520,1073,tartu,IN,170,2024-08-13,PO-97044
5521,1081,pärnu,OUT,-11,2024-03-09,ORD-82960
5522,1039,pärnu,IN,111,2024-03-18,PO-50362
5523,1193,tallinn,OUT,-45,2024-08-13,ORD-58984
5524,1109,ladu,IN,6,2024-07-16,PO-19171
5525,1275,pärnu,IN,148,2024-09-04,PO-41897
5526,1120,tallinn,IN,13,2024-12-19,PO-15755
5527,1082,ladu,OUT,-45,2024-01-16,ORD-86026
5528,1177,pärnu,OUT,-32,2025-01-29,ORD-27518
5529,1160,tallinn,IN,92,2024-04-06,PO-52671
5530,1224,tallinn,OUT,-19,2024-10-16,ORD-51624
5531,1103,ladu,TRANSFER,-1,2024-03-26,TRANSFER-5108
5532,1049,tartu,OUT,-32,2024-12-24,ORD-22391
5533,1128,ladu,OUT,-30,2024-11-22,ORD-63863
5534,1061,pärnu,IN,68,2024-07-16,PO-96617
5535,1298,pärnu,OUT,-6,2024-07-26,ORD-41354
5536,1200,pärnu,TRANSFER,16,2024-12-19,TRANSFER-7227
5537,1039,tartu,ADJUSTMENT,-28,2024-12-15,ADJ-4768
5538,1114,tartu,IN,28,2024-07-18,PO-46966
5539,1338,ladu,IN,199,2024-03-09,PO-16146
5540,1326,tartu,TRANSFER,-53,2024-09-19,TRANSFER-5845
5541,1283,pärnu,TRANSFER,-47,2024-10-28,TRANSFER-9842
5542,1063,tartu,IN,108,2024-06-27,PO-56132
5543,1224,pärnu,ADJUSTMENT,24,2024-01-08,ADJ-3522
5544,1062,ladu,OUT,-14,2024-03-28,ORD-34319
5545,1026,ladu,OUT,-45,2025-01-03,ORD-39998
5546,1318,pärnu,OUT,-40,2024-08-15,ORD-90602
5547,1030,tallinn,OUT,-21,2024-05-25,ORD-12536
5548,1233,pärnu,OUT,-18,2024-10-12,ORD-91861
5549,1275,ladu,TRANSFER,-1,2024-04-04,TRANSFER-9621
5550,1260,pärnu,ADJUSTMENT,7,2024-02-17,ADJ-6640
5551,1004,pärnu,OUT,-4,2024-03-16,ORD-28349
5552,1174,tartu,IN,171,2025-01-15,PO-30811
5553,1105,tallinn,IN,200,2024-07-24,PO-27128
5554,1314,pärnu,OUT,-14,2024-02-26,ORD-80789
5555,1278,tallinn,TRANSFER,-15,2024-06-26,TRANSFER-9261
5556,1164,tallinn,IN,163,2024-01-08,PO-70508
5557,1152,tallinn,IN,192,2024-11-27,PO-28439
5558,1180,pärnu,IN,44,2025-01-11,PO-26599
5559,1122,pärnu,OUT,-15,2025-01-30,ORD-15161
5560,1027,pärnu,IN,48,2025-02-13,PO-62960
5561,1085,tallinn,IN,81,2024-03-20,PO-16206
5562,1204,tallinn,ADJUSTMENT,10,2024-05-11,ADJ-8311
5563,1035,tartu,IN,197,2024-10-16,PO-91712
5564,1305,tallinn,IN,194,2024-12-04,PO-26992
5565,1294,pärnu,IN,42,2025-02-19,PO-27427
5566,1331,ladu,TRANSFER,94,2024-03-31,TRANSFER-4672
5567,1308,pärnu,IN,110,2025-02-21,PO-34936
5568,1099,tartu,OUT,-8,2025-02-11,ORD-29657
5569,1301,tartu,IN,119,2024-12-10,PO-65028
5570,1178,tartu,IN,27,2025-02-22,PO-26438
5571,1280,pärnu,OUT,-29,2025-02-10,ORD-19572
5572,1272,ladu,TRANSFER,-89,2024-02-27,TRANSFER-7466
5573,1218,tallinn,TRANSFER,-99,2024-09-18,TRANSFER-5947
5574,1007,tartu,IN,187,2025-01-29,PO-14415
5575,1324,tartu,IN,195,2024-05-03,PO-33180
5576,1156,tartu,IN,179,2024-04-10,PO-92541
5577,1242,pärnu,ADJUSTMENT,19,2024-02-17,ADJ-5278
5578,1067,pärnu,OUT,-43,2024-02-24,ORD-84298
5579,1194,ladu,IN,136,2024-09-25,PO-31522
5580,1230,tartu,TRANSFER,73,2024-02-02,TRANSFER-4745
5581,1160,ladu,OUT,-11,2024-05-21,ORD-61027
5582,1220,pärnu,OUT,-14,2024-09-18,ORD-34937
5583,1020,tartu,OUT,-19,2024-05-19,ORD-91936
5584,1090,tartu,IN,123,2024-01-29,PO-56271
5585,1130,pärnu,TRANSFER,-24,2024-11-09,TRANSFER-6427
5586,1204,tallinn,OUT,-1,2024-11-15,ORD-71335
5587,1044,pärnu,IN,153,2024-03-12,PO-75201
5588,1009,tartu,IN,37,2024-09-21,PO-28047
5589,1111,tallinn,IN,122,2025-01-26,PO-98794
5590,1184,tallinn,IN,91,2024-05-20,PO-30283
5591,1099,tartu,IN,78,2024-01-03,PO-55511
5592,1213,tartu,IN,129,2024-11-04,PO-82536
5593,1313,tallinn,OUT,-24,2024-08-18,ORD-46467
5594,1217,pärnu,OUT,-18,2024-03-19,ORD-13396
5595,1340,ladu,OUT,-12,2024-01-22,ORD-61325
5596,1244,tartu,IN,9,2025-02-22,PO-26599
5597,1087,pärnu,IN,140,2024-03-06,PO-26110
5598,1109,tartu,OUT,-36,2024-05-25,ORD-53034
5599,1150,pärnu,OUT,-25,2024-10-14,ORD-15008
5600,1258,tartu,IN,41,2024-11-30,PO-68844
5601,1194,pärnu,ADJUSTMENT,-15,2024-08-16,ADJ-1940
5602,1262,pärnu,ADJUSTMENT,20,2024-01-25,ADJ-5749
5603,1234,pärnu,IN,61,2025-01-29,PO-63093
5604,1064,ladu,IN,102,2025-02-08,PO-40125
5605,1226,ladu,ADJUSTMENT,2,2024-10-08,ADJ-3341
5606,1070,tartu,IN,33,2024-08-31,PO-47120
5607,1217,pärnu,OUT,-4,2024-07-23,ORD-79155
5608,1231,tartu,IN,159,2024-04-14,PO-44211
5609,1230,ladu,OUT,-2,2025-01-30,ORD-12004
5610,1139,tartu,IN,48,2024-10-09,PO-94546
5611,1264,tallinn,ADJUSTMENT,1,2024-01-18,ADJ-7594
5612,1021,tallinn,IN,160,2024-09-04,PO-21467
5613,1055,pärnu,OUT,-3,2024-10-06,ORD-28790
5614,1025,ladu,TRANSFER,-73,2025-01-22,TRANSFER-4521
5615,1324,tartu,IN,34,2024-11-14,PO-74292
5616,1144,pärnu,OUT,-27,2024-09-12,ORD-19366
5617,1232,ladu,OUT,-4,2024-09-06,ORD-15942
5618,1264,tartu,IN,104,2024-07-25,PO-71587
5619,1350,ladu,OUT,-14,2025-02-10,ORD-39114
5620,1198,ladu,TRANSFER,43,2025-02-22,TRANSFER-1436
5621,1307,tallinn,OUT,-22,2024-11-04,ORD-23329
5622,1184,tartu,TRANSFER,58,2024-05-10,TRANSFER-1472
5623,1120,tartu,OUT,-21,2024-08-15,ORD-61799
5624,1192,pärnu,IN,32,2024-04-01,PO-90185
5625,1134,tallinn,OUT,-7,2024-08-23,ORD-54989
5626,1098,tartu,ADJUSTMENT,8,2024-05-19,ADJ-9947
5627,1164,tallinn,OUT,-50,2024-05-30,ORD-57366
5628,1144,ladu,OUT,-45,2024-02-11,ORD-82930
5629,1276,tallinn,ADJUSTMENT,27,2024-03-22,ADJ-6407
5630,1297,tallinn,ADJUSTMENT,-6,2024-02-05,ADJ-7194
5631,1335,tartu,ADJUSTMENT,-5,2024-11-11,ADJ-5680
5632,1161,pärnu,OUT,-10,2024-11-02,ORD-75832
5633,1216,pärnu,IN,118,2024-03-23,PO-96289
5634,1312,tartu,OUT,-44,2024-02-20,ORD-39131
5635,1340,tallinn,TRANSFER,-11,2024-10-06,TRANSFER-6102
5636,1002,ladu,ADJUSTMENT,14,2024-09-15,ADJ-9911
5637,1162,ladu,ADJUSTMENT,-28,2024-03-26,ADJ-1328
5638,1212,pärnu,IN,168,2024-05-02,PO-89488
5639,1293,tartu,OUT,-50,2024-10-28,ORD-23595
5640,1167,pärnu,TRANSFER,33,2024-04-23,TRANSFER-8941
5641,1339,tartu,TRANSFER,26,2024-10-01,TRANSFER-4219
5642,1005,ladu,IN,168,2024-06-11,PO-60294
5643,1149,tallinn,IN,86,2024-04-08,PO-85096
5644,1272,pärnu,IN,54,2024-08-14,PO-35209
5645,1139,tallinn,IN,159,2025-01-19,PO-76788
5646,1267,tallinn,IN,42,2025-01-11,PO-47090
5647,1049,ladu,OUT,-40,2025-01-13,ORD-85856
5648,1141,pärnu,IN,86,2024-11-28,PO-82429
5649,1213,tallinn,IN,58,2024-03-31,PO-60093
5650,1066,tallinn,IN,189,2024-03-21,PO-99013
5651,1308,ladu,IN,98,2024-02-22,PO-89699
5652,1010,tallinn,TRANSFER,-96,2024-11-11,TRANSFER-5119
5653,1274,tallinn,TRANSFER,-77,2024-12-22,TRANSFER-4880
5654,1114,pärnu,OUT,-5,2024-10-10,ORD-57377
5655,1300,tartu,OUT,-30,2024-07-12,ORD-97902
5656,1222,pärnu,IN,200,2024-05-01,PO-24727
5657,1212,tallinn,OUT,-8,2024-03-18,ORD-32879
5658,1216,ladu,IN,143,2024-04-01,PO-20680
5659,1025,ladu,IN,80,2024-04-21,PO-41629
5660,1315,tallinn,ADJUSTMENT,22,2024-10-09,ADJ-7537
5661,1096,pärnu,OUT,-49,2024-11-16,ORD-76147
5662,1346,tartu,TRANSFER,-74,2024-11-01,TRANSFER-2539
5663,1289,pärnu,OUT,-6,2025-01-02,ORD-23752
5664,1229,pärnu,IN,11,2024-07-24,PO-70955
5665,1096,ladu,IN,177,2024-08-20,PO-44404
5666,1127,ladu,IN,171,2024-09-29,PO-29713
5667,1334,pärnu,ADJUSTMENT,19,2024-04-11,ADJ-9400
5668,1065,tartu,IN,18,2024-09-17,PO-72070
5669,1030,pärnu,IN,133,2024-03-28,PO-87898
5670,1063,ladu,IN,49,2024-08-04,PO-50267
5671,1280,tartu,ADJUSTMENT,4,2024-10-02,ADJ-6019
5672,1297,tallinn,IN,13,2024-08-10,PO-51704
5673,1325,ladu,IN,6,2024-11-24,PO-25981
5674,1248,tallinn,ADJUSTMENT,-9,2024-02-27,ADJ-4867
5675,1322,ladu,IN,165,2024-09-21,PO-48508
5676,1177,tallinn,ADJUSTMENT,-9,2024-05-17,ADJ-6224
5677,1178,ladu,TRANSFER,-46,2024-05-21,TRANSFER-4457
5678,1018,tallinn,IN,180,2024-11-14,PO-32192
5679,1068,tallinn,IN,57,2024-07-02,PO-36663
5680,1208,tartu,IN,11,2025-02-10,PO-89753
5681,1332,tallinn,IN,101,2024-01-09,PO-92586
5682,1042,ladu,IN,20,2024-11-25,PO-71109
5683,1020,tallinn,OUT,-14,2024-04-21,ORD-39425
5684,1333,tartu,IN,181,2024-11-09,PO-74402
5685,1100,tallinn,TRANSFER,76,2024-09-04,TRANSFER-1064
5686,1182,ladu,OUT,-38,2024-02-07,ORD-29565
5687,1327,pärnu,TRANSFER,1,2024-06-11,TRANSFER-6615
5688,1301,tallinn,IN,9,2024-11-26,PO-87719
5689,1131,tartu,IN,124,2024-12-13,PO-56547
5690,1282,ladu,IN,96,2024-04-20,PO-56433
5691,1259,tallinn,OUT,-31,2024-03-08,ORD-37641
5692,1237,tallinn,IN,198,2024-06-20,PO-90833
5693,1288,tartu,OUT,-30,2024-06-01,ORD-66955
5694,1118,ladu,OUT,-33,2024-06-09,ORD-55910
5695,1108,tallinn,TRANSFER,-28,2024-01-27,TRANSFER-8793
5696,1101,pärnu,OUT,-32,2024-11-09,ORD-34547
5697,1077,pärnu,OUT,-30,2024-05-11,ORD-31201
5698,1328,pärnu,TRANSFER,88,2024-07-12,TRANSFER-2677
5699,1060,ladu,ADJUSTMENT,-7,2024-12-25,ADJ-2463
5700,1050,ladu,OUT,-22,2024-03-27,ORD-12604
5701,1343,tartu,ADJUSTMENT,15,2025-02-24,ADJ-1246
5702,1291,ladu,TRANSFER,95,2024-03-09,TRANSFER-6338
5703,1090,pärnu,OUT,-43,2024-06-05,ORD-17892
5704,1281,pärnu,ADJUSTMENT,21,2024-05-06,ADJ-5214
5705,1011,tartu,IN,32,2024-11-29,PO-37213
5706,1076,tallinn,IN,137,2024-04-17,PO-55651
5707,1137,pärnu,OUT,-42,2024-07-10,ORD-28012
5708,1055,tallinn,IN,155,2024-07-29,PO-79067
5709,1126,ladu,OUT,-43,2024-06-07,ORD-66850
5710,1024,tartu,IN,149,2024-07-28,PO-61964
5711,1307,pärnu,IN,61,2024-05-18,PO-77751
5712,1154,ladu,OUT,-39,2024-06-22,ORD-91542
5713,1066,ladu,IN,104,2024-04-05,PO-29565
5714,1001,ladu,IN,14,2024-06-18,PO-73293
5715,1222,tartu,IN,68,2024-08-23,PO-38376
5716,1120,tartu,OUT,-16,2024-07-01,ORD-59378
5717,1256,tallinn,ADJUSTMENT,15,2024-07-02,ADJ-5264
5718,1286,pärnu,OUT,-2,2024-01-13,ORD-31731
5719,1027,tartu,IN,11,2025-02-10,PO-87359
5720,1119,tartu,IN,199,2025-02-15,PO-51209
5721,1114,ladu,OUT,-33,2024-09-15,ORD-20541
5722,1052,ladu,IN,76,2024-01-02,PO-30880
5723,1032,pärnu,OUT,-3,2024-02-16,ORD-46378
5724,1001,pärnu,TRANSFER,32,2024-12-05,TRANSFER-2689
5725,1242,tallinn,IN,16,2024-11-27,PO-66701
5726,1321,ladu,IN,57,2025-02-07,PO-77447
5727,1203,pärnu,OUT,-48,2024-10-02,ORD-82510
5728,1222,tartu,IN,8,2024-03-07,PO-62873
5729,1196,tartu,ADJUSTMENT,23,2025-02-14,ADJ-7738
5730,1153,tartu,TRANSFER,52,2024-07-16,TRANSFER-6582
5731,1241,tartu,TRANSFER,-96,2024-11-18,TRANSFER-7587
5732,1072,tallinn,IN,12,2024-01-24,PO-16379
5733,1196,ladu,OUT,-26,2024-05-10,ORD-81117
5734,1258,pärnu,OUT,-6,2025-02-28,ORD-40163
5735,1047,tartu,OUT,-25,2024-07-26,ORD-92506
5736,1065,tartu,IN,133,2024-02-09,PO-38199
5737,1300,tartu,TRANSFER,36,2024-12-04,TRANSFER-6659
5738,1255,tartu,TRANSFER,-94,2024-01-20,TRANSFER-9043
5739,1224,ladu,ADJUSTMENT,-16,2024-08-28,ADJ-1878
5740,1153,pärnu,OUT,-49,2024-11-30,ORD-48715
5741,1337,tallinn,OUT,-22,2024-03-31,ORD-23314
5742,1327,tallinn,IN,144,2024-05-18,PO-90475
5743,1108,tallinn,OUT,-35,2024-04-09,ORD-42483
5744,1284,ladu,OUT,-23,2024-11-02,ORD-20270
5745,1130,pärnu,IN,147,2024-02-11,PO-97630
5746,1156,pärnu,IN,99,2024-04-26,PO-39604
5747,1317,tallinn,TRANSFER,-17,2025-01-19,TRANSFER-8653
5748,1283,tallinn,OUT,-15,2024-07-05,ORD-69443
5749,1084,pärnu,IN,73,2024-07-14,PO-80034
5750,1318,tallinn,IN,42,2024-09-28,PO-40367
5751,1028,tallinn,TRANSFER,100,2025-01-13,TRANSFER-4035
5752,1340,tartu,OUT,-32,2025-01-28,ORD-16369
5753,1344,tartu,TRANSFER,-40,2024-12-27,TRANSFER-6127
5754,1085,tallinn,TRANSFER,-86,2024-02-17,TRANSFER-1107
5755,1141,tallinn,OUT,-11,2024-03-02,ORD-88829
5756,1109,ladu,OUT,-8,2024-03-09,ORD-20722
5757,1303,ladu,IN,30,2024-12-17,PO-18546
5758,1117,tallinn,IN,48,2024-12-23,PO-65427
5759,1282,pärnu,OUT,-20,2025-01-25,ORD-37292
5760,1158,tallinn,OUT,-17,2024-05-15,ORD-89203
5761,1077,pärnu,ADJUSTMENT,-3,2024-04-04,ADJ-2620
5762,1269,tallinn,OUT,-7,2024-01-23,ORD-28381
5763,1274,tallinn,IN,10,2024-11-14,PO-44517
5764,1072,ladu,ADJUSTMENT,-15,2024-03-03,ADJ-9156
5765,1059,pärnu,TRANSFER,100,2024-09-24,TRANSFER-3080
5766,1297,pärnu,IN,136,2024-10-12,PO-27382
5767,1163,tallinn,OUT,-47,2024-09-19,ORD-71024
5768,1335,pärnu,OUT,-16,2024-12-05,ORD-79415
5769,1137,tartu,ADJUSTMENT,27,2024-01-09,ADJ-3264
5770,1212,pärnu,OUT,-3,2024-10-04,ORD-85042
5771,1144,pärnu,IN,81,2024-06-22,PO-64078
5772,1096,ladu,OUT,-9,2024-07-04,ORD-62368
5773,1083,tallinn,OUT,-13,2025-02-05,ORD-63147
5774,1171,tartu,TRANSFER,85,2024-10-22,TRANSFER-5605
5775,1153,pärnu,IN,99,2024-06-22,PO-20648
5776,1162,pärnu,TRANSFER,32,2024-01-09,TRANSFER-4579
5777,1184,pärnu,IN,156,2024-01-26,PO-82942
5778,1001,tallinn,OUT,-21,2024-08-07,ORD-78483
5779,1134,tartu,TRANSFER,21,2024-01-06,TRANSFER-3209
5780,1253,ladu,TRANSFER,93,2024-07-22,TRANSFER-8862
5781,1003,tallinn,TRANSFER,36,2024-07-20,TRANSFER-8075
5782,1204,ladu,OUT,-24,2024-02-02,ORD-47593
5783,1322,pärnu,OUT,-36,2024-07-27,ORD-76226
5784,1309,ladu,ADJUSTMENT,19,2024-10-29,ADJ-9490
5785,1206,tallinn,OUT,-29,2024-09-18,ORD-46738
5786,1175,ladu,TRANSFER,91,2024-01-12,TRANSFER-6639
5787,1337,tartu,OUT,-4,2025-01-16,ORD-80210
5788,1058,pärnu,TRANSFER,29,2024-06-08,TRANSFER-7135
5789,1216,ladu,TRANSFER,-22,2025-02-15,TRANSFER-8463
5790,1260,pärnu,IN,99,2025-02-15,PO-81907
5791,1009,pärnu,OUT,-33,2024-12-26,ORD-52415
5792,1232,tartu,IN,155,2024-04-26,PO-52556
5793,1294,pärnu,TRANSFER,70,2024-01-12,TRANSFER-9940
5794,1135,tallinn,IN,98,2024-12-01,PO-22481
5795,1047,tallinn,OUT,-34,2024-10-31,ORD-22187
5796,1035,tallinn,OUT,-4,2024-12-31,ORD-32419
5797,1005,ladu,TRANSFER,51,2024-05-23,TRANSFER-6731
5798,1101,pärnu,IN,125,2025-01-16,PO-21579
5799,1346,tallinn,ADJUSTMENT,4,2024-02-28,ADJ-7296
5800,1243,ladu,OUT,-35,2024-12-10,ORD-78410
5801,1347,tartu,ADJUSTMENT,-28,2024-04-17,ADJ-2858
5802,1221,pärnu,TRANSFER,96,2025-01-07,TRANSFER-8899
5803,1104,ladu,OUT,-9,2024-12-09,ORD-11859
5804,1319,tallinn,OUT,-28,2024-01-26,ORD-62821
5805,1193,ladu,OUT,-28,2024-11-02,ORD-54070
5806,1028,tallinn,IN,52,2024-09-16,PO-35371
5807,1163,tartu,IN,64,2024-09-13,PO-46105
5808,1208,pärnu,IN,172,2024-05-21,PO-98242
5809,1171,tallinn,ADJUSTMENT,-19,2024-05-05,ADJ-3902
5810,1229,pärnu,OUT,-29,2024-02-21,ORD-67473
5811,1028,tartu,IN,25,2025-02-14,PO-39285
5812,1184,pärnu,OUT,-30,2024-02-20,ORD-86107
5813,1219,pärnu,IN,13,2025-02-13,PO-75091
5814,1078,tartu,OUT,-19,2024-03-15,ORD-99054
5815,1188,ladu,OUT,-45,2024-02-11,ORD-23486
5816,1328,ladu,OUT,-43,2024-11-20,ORD-94495
5817,1250,pärnu,IN,143,2024-09-06,PO-60137
5818,1347,pärnu,ADJUSTMENT,-1,2024-06-18,ADJ-8405
5819,1104,pärnu,IN,191,2024-02-20,PO-94935
5820,1012,tartu,OUT,-46,2025-02-19,ORD-46670
5821,1232,pärnu,TRANSFER,20,2025-01-13,TRANSFER-5046
5822,1056,tartu,ADJUSTMENT,-24,2024-08-14,ADJ-2885
5823,1024,tallinn,TRANSFER,84,2024-09-19,TRANSFER-1754
5824,1121,pärnu,IN,144,2024-04-19,PO-36688
5825,1326,pärnu,OUT,-30,2024-03-03,ORD-20285
5826,1333,tartu,OUT,-7,2024-10-15,ORD-32977
5827,1308,tallinn,OUT,-20,2024-10-14,ORD-77426
5828,1127,ladu,ADJUSTMENT,14,2024-05-02,ADJ-2886
5829,1277,tartu,IN,29,2024-07-07,PO-83838
5830,1118,tartu,ADJUSTMENT,2,2024-05-31,ADJ-8428
5831,1197,tartu,OUT,-6,2024-06-18,ORD-87038
5832,1294,pärnu,OUT,-8,2024-07-19,ORD-54680
5833,1042,tallinn,ADJUSTMENT,21,2024-03-26,ADJ-2415
5834,1248,tartu,TRANSFER,-84,2025-02-05,TRANSFER-4408
5835,1151,ladu,OUT,-7,2024-02-27,ORD-66062
5836,1272,tartu,TRANSFER,-48,2024-11-30,TRANSFER-7762
5837,1166,pärnu,IN,179,2024-11-20,PO-97328
5838,1010,ladu,OUT,-25,2025-02-25,ORD-70219
5839,1303,tallinn,IN,84,2024-12-13,PO-63646
5840,1308,pärnu,IN,23,2024-08-25,PO-53217
5841,1079,tallinn,OUT,-28,2025-02-23,ORD-53903
5842,1255,pärnu,OUT,-13,2025-01-05,ORD-60615
5843,1242,pärnu,IN,95,2024-06-30,PO-77145
5844,1253,ladu,IN,105,2024-08-19,PO-89748
5845,1261,tartu,IN,90,2024-12-17,PO-73575
5846,1287,ladu,TRANSFER,-81,2024-12-16,TRANSFER-1998
5847,1120,tartu,TRANSFER,2,2024-07-07,TRANSFER-6609
5848,1344,tartu,IN,36,2024-06-19,PO-73447
5849,1297,pärnu,TRANSFER,-53,2024-11-09,TRANSFER-5700
5850,1083,pärnu,ADJUSTMENT,-27,2024-02-24,ADJ-3402
5851,1275,tartu,OUT,-20,2024-12-29,ORD-23726
5852,1059,tallinn,IN,34,2024-03-08,PO-38124
5853,1151,tallinn,TRANSFER,-64,2024-03-06,TRANSFER-1165
5854,1026,pärnu,IN,53,2024-11-29,PO-93453
5855,1313,tartu,IN,75,2024-07-03,PO-98961
5856,1336,tartu,TRANSFER,25,2024-08-06,TRANSFER-3351
5857,1154,tallinn,OUT,-34,2025-02-16,ORD-52507
5858,1142,tallinn,IN,184,2024-11-17,PO-98873
5859,1040,pärnu,TRANSFER,-46,2024-09-07,TRANSFER-5846
5860,1052,tallinn,OUT,-20,2024-04-28,ORD-60798
5861,1049,tartu,IN,164,2024-08-13,PO-65808
5862,1038,ladu,IN,68,2024-12-11,PO-64568
5863,1223,tallinn,IN,68,2024-01-31,PO-99222
5864,1027,ladu,IN,135,2024-11-01,PO-41392
5865,1270,tallinn,IN,18,2024-09-27,PO-61083
5866,1153,tartu,ADJUSTMENT,13,2024-11-25,ADJ-5674
5867,1136,ladu,OUT,-40,2024-04-01,ORD-79284
5868,1306,pärnu,OUT,-16,2024-03-29,ORD-98236
5869,1277,tallinn,IN,182,2024-11-26,PO-21674
5870,1318,tallinn,IN,97,2024-12-09,PO-41872
5871,1003,tallinn,TRANSFER,88,2024-08-07,TRANSFER-4930
5872,1108,tallinn,OUT,-7,2024-04-29,ORD-62255
5873,1054,tartu,OUT,-22,2024-12-26,ORD-38523
5874,1096,pärnu,ADJUSTMENT,9,2024-04-22,ADJ-2785
5875,1344,pärnu,OUT,-16,2025-02-22,ORD-47394
5876,1253,ladu,IN,150,2025-02-05,PO-59029
5877,1101,ladu,ADJUSTMENT,-14,2024-02-19,ADJ-3392
5878,1005,tallinn,IN,45,2025-02-28,PO-40348
5879,1156,tartu,IN,14,2024-04-06,PO-29952
5880,1111,ladu,IN,99,2024-06-08,PO-39967
5881,1096,tartu,OUT,-16,2024-03-27,ORD-47004
5882,1054,tallinn,IN,135,2024-11-05,PO-80197
5883,1332,tartu,TRANSFER,-28,2025-02-19,TRANSFER-6993
5884,1302,pärnu,IN,20,2024-12-04,PO-42341
5885,1346,ladu,OUT,-31,2024-06-03,ORD-96478
5886,1111,tartu,OUT,-43,2024-03-21,ORD-22941
5887,1153,pärnu,OUT,-15,2024-02-12,ORD-98697
5888,1294,ladu,IN,151,2024-02-07,PO-60630
5889,1179,tallinn,TRANSFER,-12,2024-06-06,TRANSFER-8479
5890,1121,tallinn,IN,10,2024-07-05,PO-31203
5891,1324,tartu,OUT,-19,2024-01-18,ORD-36174
5892,1300,tallinn,TRANSFER,-32,2025-01-29,TRANSFER-8718
5893,1004,tallinn,TRANSFER,58,2024-08-11,TRANSFER-2504
5894,1345,tartu,IN,111,2024-10-13,PO-55026
5895,1057,pärnu,TRANSFER,-29,2024-09-29,TRANSFER-4031
5896,1150,tartu,OUT,-43,2024-01-04,ORD-25906
5897,1012,ladu,IN,193,2024-06-12,PO-19276
5898,1136,ladu,OUT,-12,2024-02-22,ORD-40549
5899,1292,tallinn,TRANSFER,27,2024-01-06,TRANSFER-4199
5900,1232,tartu,IN,126,2024-09-26,PO-20010
5901,1269,tartu,IN,100,2024-12-14,PO-39651
5902,1094,tallinn,OUT,-10,2024-11-12,ORD-21603
5903,1238,ladu,IN,37,2024-08-03,PO-73461
5904,1305,tartu,OUT,-33,2024-06-18,ORD-36507
5905,1008,tallinn,ADJUSTMENT,16,2024-12-17,ADJ-2152
5906,1260,ladu,IN,92,2024-01-16,PO-48386
5907,1105,tallinn,OUT,-48,2025-01-11,ORD-78407
5908,1108,pärnu,OUT,-8,2024-12-21,ORD-56897
5909,1243,pärnu,OUT,-44,2024-03-03,ORD-47578
5910,1316,tartu,IN,57,2024-10-24,PO-59792
5911,1322,pärnu,OUT,-10,2024-01-05,ORD-53489
5912,1282,pärnu,TRANSFER,-8,2024-07-25,TRANSFER-5993
5913,1268,ladu,TRANSFER,-53,2024-04-30,TRANSFER-7072
5914,1121,ladu,IN,23,2024-04-10,PO-80996
5915,1304,ladu,TRANSFER,-31,2024-09-05,TRANSFER-4823
5916,1122,tartu,OUT,-46,2024-02-03,ORD-76629
5917,1039,pärnu,TRANSFER,-79,2024-05-29,TRANSFER-2059
5918,1132,tartu,OUT,-28,2024-03-09,ORD-10045
5919,1100,ladu,IN,160,2024-01-27,PO-35058
5920,1128,pärnu,OUT,-6,2024-03-19,ORD-45217
5921,1051,ladu,ADJUSTMENT,30,2024-03-01,ADJ-7170
5922,1137,tartu,OUT,-13,2024-07-12,ORD-95206
5923,1227,tallinn,IN,126,2024-02-27,PO-63396
5924,1304,ladu,ADJUSTMENT,-18,2024-04-10,ADJ-6219
5925,1208,pärnu,OUT,-36,2024-10-07,ORD-21580
5926,1281,tallinn,IN,100,2024-02-04,PO-15900
5927,1277,ladu,OUT,-29,2024-07-05,ORD-35396
5928,1031,tartu,ADJUSTMENT,12,2024-11-01,ADJ-4645
5929,1091,tallinn,IN,38,2025-01-23,PO-10253
5930,1083,tallinn,TRANSFER,-90,2024-02-27,TRANSFER-7072
5931,1255,tallinn,IN,181,2024-08-11,PO-58943
5932,1239,pärnu,ADJUSTMENT,25,2024-04-02,ADJ-2217
5933,1156,tallinn,OUT,-22,2024-02-28,ORD-10351
5934,1152,tallinn,OUT,-40,2024-04-20,ORD-26222
5935,1266,pärnu,IN,17,2024-11-04,PO-57783
5936,1172,pärnu,IN,189,2024-11-10,PO-32366
5937,1074,pärnu,IN,99,2025-02-28,PO-98815
5938,1128,ladu,IN,81,2024-01-06,PO-11519
5939,1242,ladu,IN,94,2024-07-17,PO-27060
5940,1067,tallinn,OUT,-8,2024-08-06,ORD-94995
5941,1077,tartu,IN,52,2024-12-01,PO-53216
5942,1233,pärnu,OUT,-18,2024-10-27,ORD-39311
5943,1092,ladu,OUT,-30,2025-02-22,ORD-10602
5944,1138,pärnu,TRANSFER,-33,2024-11-16,TRANSFER-5900
5945,1311,tallinn,OUT,-45,2024-11-11,ORD-34714
5946,1138,ladu,OUT,-46,2024-01-11,ORD-79901
5947,1156,tartu,OUT,-39,2024-09-25,ORD-25941
5948,1029,ladu,TRANSFER,49,2024-10-16,TRANSFER-8900
5949,1113,ladu,IN,61,2025-02-03,PO-27278
5950,1092,ladu,TRANSFER,-17,2025-02-07,TRANSFER-9732
5951,1341,tartu,TRANSFER,-31,2024-10-18,TRANSFER-4698
5952,1135,ladu,OUT,-45,2024-02-21,ORD-66684
5953,1307,tallinn,OUT,-36,2024-06-19,ORD-25156
5954,1337,tallinn,OUT,-46,2024-06-28,ORD-88892
5955,1007,ladu,OUT,-20,2024-03-06,ORD-38426
5956,1029,tartu,TRANSFER,-36,2024-09-20,TRANSFER-7058
5957,1123,pärnu,IN,128,2024-01-24,PO-20582
5958,1132,tartu,OUT,-27,2024-07-03,ORD-13239
5959,1215,tartu,OUT,-48,2025-02-12,ORD-30375
5960,1208,tallinn,OUT,-4,2024-02-26,ORD-86049
5961,1034,ladu,IN,73,2024-12-13,PO-67023
5962,1325,tallinn,TRANSFER,98,2024-03-29,TRANSFER-7646
5963,1238,tallinn,TRANSFER,-53,2024-09-04,TRANSFER-6437
5964,1310,tallinn,OUT,-43,2024-06-09,ORD-37582
5965,1067,tallinn,OUT,-46,2024-06-19,ORD-62184
5966,1068,tallinn,OUT,-17,2024-03-09,ORD-48558
5967,1195,pärnu,IN,193,2024-05-21,PO-49478
5968,1250,ladu,TRANSFER,98,2024-06-14,TRANSFER-7930
5969,1179,pärnu,IN,137,2024-09-20,PO-65407
5970,1305,ladu,TRANSFER,74,2024-06-04,TRANSFER-2093
5971,1163,tallinn,OUT,-5,2024-04-17,ORD-71082
5972,1087,tartu,OUT,-33,2024-01-24,ORD-26413
5973,1290,tartu,IN,167,2024-04-28,PO-78410
5974,1077,ladu,OUT,-10,2024-09-08,ORD-67630
5975,1339,tallinn,IN,84,2024-12-11,PO-13129
5976,1113,pärnu,OUT,-6,2024-01-08,ORD-68161
5977,1162,pärnu,OUT,-46,2024-10-15,ORD-64366
5978,1274,pärnu,ADJUSTMENT,15,2024-07-14,ADJ-6656
5979,1100,pärnu,IN,176,2024-03-20,PO-95526
5980,1018,tartu,OUT,-50,2024-07-30,ORD-59617
5981,1257,tallinn,OUT,-45,2024-10-29,ORD-36904
5982,1140,tartu,IN,32,2024-08-28,PO-99081
5983,1067,pärnu,IN,21,2024-09-20,PO-47255
5984,1338,tartu,OUT,-20,2024-02-22,ORD-25996
5985,1144,tartu,OUT,-32,2025-02-25,ORD-37416
5986,1029,pärnu,OUT,-14,2024-03-26,ORD-16213
5987,1127,tallinn,OUT,-18,2024-07-08,ORD-90538
5988,1038,tallinn,TRANSFER,78,2024-07-10,TRANSFER-5490
5989,1312,tartu,IN,85,2025-01-12,PO-41334
5990,1192,tartu,TRANSFER,93,2024-11-21,TRANSFER-1875
5991,1204,pärnu,OUT,-26,2025-02-07,ORD-45051
5992,1207,ladu,IN,73,2024-12-04,PO-72606
5993,1054,tallinn,OUT,-8,2024-12-03,ORD-79907
5994,1045,pärnu,IN,71,2024-11-03,PO-70998
5995,1078,tartu,TRANSFER,-65,2024-12-01,TRANSFER-3277
5996,1029,tallinn,OUT,-24,2024-02-23,ORD-49532
5997,1192,tallinn,IN,151,2024-09-05,PO-65186
5998,1105,tallinn,IN,95,2024-06-01,PO-67781
5999,1193,tallinn,OUT,-12,2025-02-23,ORD-22877
6000,1072,pärnu,IN,5,2025-01-17,PO-15521
6001,1059,tallinn,TRANSFER,-58,2024-05-23,TRANSFER-9896
6002,1113,pärnu,IN,24,2024-02-11,PO-19443
6003,1288,pärnu,IN,170,2024-10-02,PO-96910
6004,1243,tartu,OUT,-2,2024-08-28,ORD-50646
6005,1322,tartu,OUT,-34,2024-03-19,ORD-93920
6006,1194,pärnu,OUT,-26,2024-10-07,ORD-95305
6007,1016,pärnu,IN,65,2024-10-31,PO-15956
6008,1062,tartu,TRANSFER,-35,2024-05-18,TRANSFER-8926
6009,1136,pärnu,TRANSFER,54,2024-02-26,TRANSFER-4442
6010,1126,ladu,OUT,-28,2024-11-29,ORD-64835
6011,1326,pärnu,OUT,-19,2024-10-07,ORD-49272
6012,1194,tartu,ADJUSTMENT,21,2024-04-09,ADJ-3785
6013,1161,tartu,OUT,-43,2025-01-15,ORD-54206
6014,1315,ladu,IN,181,2024-10-11,PO-61868
6015,1166,tartu,OUT,-24,2024-06-30,ORD-65991
6016,1036,ladu,OUT,-23,2024-08-25,ORD-91339
6017,1191,ladu,IN,106,2024-07-04,PO-90485
6018,1064,pärnu,IN,97,2024-04-03,PO-67657
6019,1291,tartu,OUT,-27,2024-07-21,ORD-43609
6020,1149,tallinn,OUT,-48,2024-07-09,ORD-86564
6021,1312,ladu,ADJUSTMENT,-7,2024-03-28,ADJ-5268
6022,1220,tartu,TRANSFER,-64,2024-01-20,TRANSFER-4849
6023,1179,pärnu,ADJUSTMENT,12,2024-10-26,ADJ-8889
6024,1115,ladu,IN,74,2024-04-02,PO-58639
6025,1120,pärnu,OUT,-26,2024-08-20,ORD-71062
6026,1203,tallinn,IN,161,2024-03-09,PO-87121
6027,1064,ladu,TRANSFER,-73,2024-08-17,TRANSFER-2201
6028,1179,pärnu,OUT,-12,2024-01-30,ORD-23993
6029,1080,pärnu,IN,102,2024-05-27,PO-37812
6030,1030,tallinn,OUT,-16,2024-06-14,ORD-12339
6031,1096,ladu,TRANSFER,71,2024-09-18,TRANSFER-7204
6032,1001,tallinn,IN,120,2024-05-06,PO-92146
6033,1245,ladu,OUT,-24,2024-10-12,ORD-76758
6034,1085,pärnu,ADJUSTMENT,-9,2024-04-29,ADJ-9031
6035,1039,pärnu,OUT,-31,2025-02-26,ORD-21931
6036,1090,tartu,TRANSFER,-49,2024-02-11,TRANSFER-7602
6037,1050,pärnu,IN,108,2024-06-07,PO-24918
6038,1111,ladu,ADJUSTMENT,-21,2025-01-28,ADJ-2137
6039,1279,tallinn,IN,146,2024-09-04,PO-26310
6040,1255,pärnu,ADJUSTMENT,17,2024-08-15,ADJ-6405
6041,1346,pärnu,ADJUSTMENT,-3,2025-02-11,ADJ-4952
6042,1117,ladu,ADJUSTMENT,18,2024-04-04,ADJ-3511
6043,1180,tallinn,OUT,-7,2024-06-08,ORD-60338
6044,1221,ladu,OUT,-22,2024-06-10,ORD-39963
6045,1276,tallinn,OUT,-47,2025-02-05,ORD-77651
6046,1288,pärnu,OUT,-34,2024-11-06,ORD-91484
6047,1324,pärnu,IN,130,2024-10-04,PO-26502
6048,1305,ladu,OUT,-46,2024-05-08,ORD-53910
6049,1069,ladu,TRANSFER,-39,2024-09-25,TRANSFER-4066
6050,1208,ladu,IN,81,2024-10-28,PO-51142
6051,1121,tartu,OUT,-36,2024-03-07,ORD-98128
6052,1198,tartu,ADJUSTMENT,-10,2024-05-22,ADJ-5514
6053,1108,tartu,TRANSFER,38,2024-09-26,TRANSFER-9862
6054,1095,pärnu,OUT,-19,2024-08-14,ORD-93712
6055,1313,ladu,IN,28,2024-06-03,PO-47913
6056,1333,tallinn,IN,29,2025-02-06,PO-66927
6057,1245,pärnu,TRANSFER,84,2025-02-06,TRANSFER-1161
6058,1180,ladu,OUT,-1,2024-05-02,ORD-41558
6059,1066,tartu,TRANSFER,53,2024-06-09,TRANSFER-7062
6060,1307,ladu,ADJUSTMENT,27,2025-01-29,ADJ-9746
6061,1213,tallinn,TRANSFER,97,2024-10-24,TRANSFER-9544
6062,1179,tallinn,OUT,-36,2024-04-06,ORD-40080
6063,1139,tallinn,IN,10,2024-04-29,PO-96577
6064,1191,tartu,OUT,-28,2024-05-15,ORD-66040
6065,1110,tartu,TRANSFER,94,2024-08-29,TRANSFER-3938
6066,1198,ladu,ADJUSTMENT,21,2024-09-12,ADJ-5005
6067,1076,tallinn,OUT,-6,2024-06-28,ORD-27516
6068,1014,tartu,OUT,-35,2024-12-19,ORD-99167
6069,1106,pärnu,OUT,-25,2025-02-28,ORD-94186
6070,1205,pärnu,IN,184,2024-10-19,PO-77658
6071,1350,pärnu,ADJUSTMENT,15,2024-05-25,ADJ-9513
6072,1347,pärnu,IN,100,2024-05-08,PO-11753
6073,1091,tartu,IN,143,2024-09-10,PO-20011
6074,1154,tartu,TRANSFER,-44,2024-04-18,TRANSFER-5148
6075,1107,ladu,IN,194,2024-12-06,PO-73055
6076,1095,tartu,OUT,-26,2024-10-24,ORD-40825
6077,1228,pärnu,IN,155,2024-02-20,PO-24071
6078,1076,ladu,TRANSFER,95,2024-01-08,TRANSFER-7472
6079,1285,pärnu,TRANSFER,-97,2024-12-25,TRANSFER-9336
6080,1273,pärnu,ADJUSTMENT,-15,2024-05-09,ADJ-6110
6081,1105,ladu,ADJUSTMENT,12,2024-01-12,ADJ-2218
6082,1185,tallinn,OUT,-46,2024-03-31,ORD-44067
6083,1229,pärnu,OUT,-41,2024-04-15,ORD-47988
6084,1326,pärnu,TRANSFER,-91,2024-11-30,TRANSFER-9338
6085,1091,tallinn,OUT,-32,2024-06-11,ORD-17679
6086,1141,tartu,TRANSFER,-34,2024-02-12,TRANSFER-5730
6087,1069,ladu,IN,88,2025-01-31,PO-82958
6088,1101,tartu,TRANSFER,83,2024-01-12,TRANSFER-4488
6089,1043,tartu,OUT,-21,2024-04-26,ORD-60757
6090,1256,ladu,TRANSFER,-59,2024-02-27,TRANSFER-7950
6091,1065,pärnu,ADJUSTMENT,-7,2024-09-02,ADJ-3047
6092,1313,pärnu,IN,27,2024-12-16,PO-23828
6093,1247,tallinn,OUT,-5,2024-06-13,ORD-24240
6094,1176,ladu,ADJUSTMENT,-14,2024-10-20,ADJ-2906
6095,1057,pärnu,OUT,-40,2024-08-08,ORD-26176
6096,1019,ladu,IN,66,2024-08-31,PO-70948
6097,1048,tallinn,IN,192,2025-01-18,PO-91918
6098,1103,pärnu,IN,13,2024-02-06,PO-70311
6099,1156,tartu,TRANSFER,90,2024-08-04,TRANSFER-1868
6100,1336,ladu,IN,172,2024-11-13,PO-46565
6101,1206,tartu,OUT,-2,2024-10-24,ORD-20732
6102,1181,tallinn,ADJUSTMENT,3,2024-04-08,ADJ-7098
6103,1117,ladu,IN,79,2024-04-10,PO-76593
6104,1125,tartu,ADJUSTMENT,7,2024-07-25,ADJ-9203
6105,1323,pärnu,OUT,-13,2024-06-05,ORD-54553
6106,1072,tallinn,ADJUSTMENT,30,2024-10-22,ADJ-5519
6107,1076,pärnu,IN,193,2024-04-12,PO-50334
6108,1005,tartu,IN,76,2024-12-15,PO-31423
6109,1242,ladu,IN,160,2024-03-25,PO-66756
6110,1135,pärnu,OUT,-45,2024-06-06,ORD-90449
6111,1275,tallinn,OUT,-9,2024-01-26,ORD-84368
6112,1043,tallinn,OUT,-34,2025-02-26,ORD-18594
6113,1050,pärnu,IN,161,2024-08-23,PO-43538
6114,1053,tartu,ADJUSTMENT,-15,2024-03-31,ADJ-4148
6115,1323,tallinn,TRANSFER,-42,2024-07-03,TRANSFER-4393
6116,1088,pärnu,ADJUSTMENT,-4,2025-02-16,ADJ-8221
6117,1249,pärnu,ADJUSTMENT,-24,2024-12-07,ADJ-7761
6118,1177,tartu,OUT,-46,2024-11-07,ORD-79144
6119,1328,pärnu,IN,70,2024-03-11,PO-52569
6120,1203,tartu,IN,45,2024-10-05,PO-53789
6121,1343,ladu,IN,153,2024-07-30,PO-48849
6122,1250,tallinn,IN,21,2024-09-07,PO-74845
6123,1008,ladu,OUT,-12,2024-01-25,ORD-46861
6124,1190,tallinn,IN,85,2024-11-26,PO-88926
6125,1281,tallinn,OUT,-48,2024-09-18,ORD-84310
6126,1106,tallinn,TRANSFER,-39,2025-02-16,TRANSFER-8562
6127,1051,tallinn,OUT,-38,2024-02-14,ORD-79833
6128,1309,pärnu,IN,58,2024-11-13,PO-35969
6129,1114,pärnu,ADJUSTMENT,1,2024-04-02,ADJ-6173
6130,1126,tartu,OUT,-47,2024-11-06,ORD-90055
6131,1159,pärnu,IN,98,2025-01-13,PO-18143
6132,1037,tartu,OUT,-46,2024-11-29,ORD-23958
6133,1060,tartu,IN,73,2024-01-15,PO-25458
6134,1252,pärnu,OUT,-21,2024-07-25,ORD-52225
6135,1050,tallinn,OUT,-19,2024-08-20,ORD-41438
6136,1123,tartu,OUT,-48,2024-04-10,ORD-38221
6137,1154,tallinn,ADJUSTMENT,23,2024-10-21,ADJ-7641
6138,1067,pärnu,TRANSFER,57,2024-07-29,TRANSFER-7204
6139,1002,ladu,OUT,-47,2024-02-13,ORD-15887
6140,1030,tartu,OUT,-41,2025-01-31,ORD-77466
6141,1236,tartu,IN,103,2025-02-01,PO-14643
6142,1080,tallinn,OUT,-39,2025-02-26,ORD-39233
6143,1332,tartu,TRANSFER,22,2024-02-16,TRANSFER-2831
6144,1205,ladu,IN,8,2024-07-22,PO-13389
6145,1064,ladu,TRANSFER,-73,2024-06-07,TRANSFER-7770
6146,1328,ladu,OUT,-48,2024-06-08,ORD-35677
6147,1157,ladu,IN,43,2024-12-21,PO-48779
6148,1304,tallinn,OUT,-37,2024-09-21,ORD-22139
6149,1337,ladu,IN,28,2024-04-12,PO-12639
6150,1329,ladu,OUT,-14,2024-04-26,ORD-43547
6151,1121,pärnu,OUT,-28,2024-02-10,ORD-81983
6152,1064,pärnu,IN,71,2024-05-29,PO-72473
6153,1084,tallinn,ADJUSTMENT,6,2024-07-17,ADJ-2774
6154,1022,tartu,OUT,-35,2024-07-20,ORD-32012
6155,1230,pärnu,OUT,-30,2025-01-20,ORD-94818
6156,1190,tallinn,IN,184,2024-12-22,PO-85550
6157,1297,pärnu,TRANSFER,54,2024-06-24,TRANSFER-3935
6158,1277,tallinn,IN,90,2024-05-02,PO-54872
6159,1347,tallinn,IN,171,2024-02-07,PO-71634
6160,1248,tallinn,IN,30,2024-08-26,PO-80080
6161,1053,tartu,OUT,-37,2024-12-03,ORD-97467
6162,1330,tallinn,ADJUSTMENT,-15,2024-09-17,ADJ-9433
6163,1231,pärnu,OUT,-11,2024-01-09,ORD-37190
6164,1033,ladu,OUT,-37,2024-10-14,ORD-17895
6165,1093,tartu,ADJUSTMENT,25,2025-01-28,ADJ-4723
6166,1275,ladu,OUT,-19,2024-01-24,ORD-16527
6167,1017,pärnu,IN,185,2024-01-15,PO-34503
6168,1040,tartu,IN,40,2024-01-06,PO-54631
6169,1236,tartu,IN,43,2024-02-16,PO-32244
6170,1280,ladu,IN,38,2025-01-17,PO-21514
6171,1311,pärnu,TRANSFER,40,2024-06-21,TRANSFER-3142
6172,1232,tartu,OUT,-10,2024-09-03,ORD-47156
6173,1248,tartu,IN,113,2025-01-13,PO-29688
6174,1023,tartu,OUT,-13,2024-09-10,ORD-90866
6175,1195,pärnu,OUT,-1,2024-04-05,ORD-87737
6176,1295,pärnu,OUT,-30,2024-10-28,ORD-16435
6177,1324,pärnu,IN,43,2024-09-07,PO-12323
6178,1099,ladu,OUT,-10,2025-01-13,ORD-20841
6179,1316,pärnu,TRANSFER,67,2025-02-01,TRANSFER-4004
6180,1074,pärnu,TRANSFER,-16,2024-01-24,TRANSFER-2275
6181,1186,tartu,TRANSFER,-100,2024-04-26,TRANSFER-3501
6182,1049,ladu,OUT,-19,2024-08-27,ORD-83993
6183,1104,tartu,IN,66,2024-02-01,PO-85282
6184,1249,ladu,IN,200,2024-03-30,PO-29645
6185,1161,tartu,ADJUSTMENT,-14,2025-01-25,ADJ-3883
6186,1076,ladu,OUT,-19,2024-05-13,ORD-81526
6187,1040,pärnu,IN,165,2024-06-03,PO-64386
6188,1330,tallinn,OUT,-1,2025-01-06,ORD-23169
6189,1041,tallinn,IN,84,2024-03-30,PO-15435
6190,1005,pärnu,OUT,-10,2024-09-13,ORD-50522
6191,1319,tartu,IN,139,2024-03-12,PO-48515
6192,1228,pärnu,OUT,-23,2025-02-17,ORD-41343
6193,1158,pärnu,TRANSFER,23,2025-01-07,TRANSFER-9585
6194,1333,tallinn,ADJUSTMENT,22,2024-04-03,ADJ-3547
6195,1166,ladu,IN,32,2024-04-17,PO-41005
6196,1052,tallinn,IN,88,2024-08-05,PO-36417
6197,1254,ladu,OUT,-15,2024-09-08,ORD-17181
6198,1224,pärnu,OUT,-27,2024-05-20,ORD-95598
6199,1289,ladu,ADJUSTMENT,-1,2024-05-11,ADJ-9705
6200,1025,pärnu,TRANSFER,-63,2024-06-25,TRANSFER-4135
6201,1112,pärnu,OUT,-27,2024-08-28,ORD-70704
6202,1145,pärnu,OUT,-41,2024-01-19,ORD-72236
6203,1225,tartu,IN,77,2024-07-05,PO-75839
6204,1073,pärnu,IN,167,2025-02-10,PO-93769
6205,1104,pärnu,OUT,-39,2024-01-31,ORD-16255
6206,1043,tallinn,TRANSFER,83,2024-09-26,TRANSFER-5527
6207,1262,pärnu,OUT,-32,2024-03-27,ORD-79096
6208,1266,pärnu,ADJUSTMENT,11,2024-07-11,ADJ-9387
6209,1073,ladu,TRANSFER,95,2024-01-20,TRANSFER-3886
6210,1284,pärnu,ADJUSTMENT,24,2024-04-21,ADJ-9921
6211,1091,tartu,IN,186,2024-02-10,PO-80591
6212,1064,tartu,TRANSFER,53,2024-04-13,TRANSFER-2602
6213,1012,pärnu,TRANSFER,-67,2024-04-27,TRANSFER-2271
6214,1221,tartu,IN,74,2024-01-01,PO-35476
6215,1304,tallinn,TRANSFER,76,2024-08-12,TRANSFER-1689
6216,1085,tartu,OUT,-45,2024-08-18,ORD-49270
6217,1223,tallinn,OUT,-23,2025-02-06,ORD-10018
6218,1197,pärnu,OUT,-12,2024-01-25,ORD-80301
6219,1101,tallinn,OUT,-15,2024-05-20,ORD-20641
6220,1126,tallinn,TRANSFER,2,2024-09-18,TRANSFER-2201
6221,1083,tartu,OUT,-4,2024-03-09,ORD-88480
6222,1335,pärnu,IN,36,2025-02-14,PO-25674
6223,1300,ladu,OUT,-10,2024-05-20,ORD-41305
6224,1339,tartu,OUT,-10,2025-02-23,ORD-80894
6225,1339,tartu,OUT,-1,2024-09-13,ORD-55321
6226,1157,ladu,TRANSFER,-5,2024-12-03,TRANSFER-9027
6227,1085,tartu,TRANSFER,98,2024-05-10,TRANSFER-2338
6228,1256,tallinn,OUT,-5,2024-08-18,ORD-88674
6229,1349,tartu,OUT,-19,2024-12-12,ORD-50591
6230,1236,tallinn,OUT,-21,2024-11-12,ORD-96451
6231,1100,tartu,OUT,-39,2024-09-04,ORD-73372
6232,1229,pärnu,OUT,-13,2024-01-26,ORD-22593
6233,1226,tallinn,OUT,-16,2024-12-03,ORD-13638
6234,1214,tallinn,OUT,-47,2024-06-19,ORD-78110
6235,1183,ladu,IN,34,2024-08-29,PO-34944
6236,1052,tallinn,OUT,-30,2024-10-30,ORD-68099
6237,1175,ladu,IN,73,2024-04-09,PO-20831
6238,1179,ladu,TRANSFER,48,2024-07-10,TRANSFER-2201
6239,1133,tallinn,TRANSFER,100,2024-05-13,TRANSFER-4707
6240,1147,ladu,IN,57,2025-01-10,PO-20737
6241,1028,pärnu,OUT,-27,2024-07-09,ORD-84626
6242,1298,ladu,ADJUSTMENT,-19,2024-01-06,ADJ-5875
6243,1036,tallinn,OUT,-17,2025-01-19,ORD-40540
6244,1085,ladu,TRANSFER,14,2025-01-19,TRANSFER-2865
6245,1118,ladu,ADJUSTMENT,-23,2024-03-18,ADJ-9951
6246,1184,tallinn,TRANSFER,97,2025-01-03,TRANSFER-1817
6247,1244,ladu,OUT,-20,2024-02-08,ORD-77662
6248,1005,ladu,IN,80,2025-01-11,PO-74842
6249,1250,ladu,ADJUSTMENT,14,2024-07-03,ADJ-6055
6250,1290,ladu,IN,92,2024-09-04,PO-25196
6251,1198,tartu,ADJUSTMENT,9,2024-08-18,ADJ-8971
6252,1072,pärnu,IN,78,2024-10-01,PO-76327
6253,1225,tartu,OUT,-29,2024-12-11,ORD-28009
6254,1178,tartu,IN,125,2024-06-25,PO-52018
6255,1073,tartu,OUT,-39,2024-11-18,ORD-44794
6256,1045,tartu,TRANSFER,-95,2024-01-10,TRANSFER-4267
6257,1151,pärnu,IN,51,2024-04-22,PO-57004
6258,1142,pärnu,IN,23,2024-02-19,PO-49900
6259,1125,tartu,IN,64,2024-03-27,PO-14450
6260,1155,pärnu,OUT,-20,2024-07-11,ORD-57072
6261,1180,tartu,OUT,-5,2024-01-19,ORD-65037
6262,1088,tartu,ADJUSTMENT,4,2024-06-20,ADJ-4336
6263,1336,ladu,IN,82,2024-03-05,PO-92673
6264,1050,pärnu,ADJUSTMENT,-6,2024-02-25,ADJ-5886
6265,1103,pärnu,OUT,-46,2025-01-07,ORD-26619
6266,1039,tartu,OUT,-36,2024-09-23,ORD-54168
6267,1229,tartu,IN,183,2024-03-03,PO-64308
6268,1019,pärnu,TRANSFER,-43,2024-11-23,TRANSFER-8544
6269,1240,ladu,IN,152,2024-07-23,PO-40199
6270,1135,ladu,TRANSFER,-39,2024-05-14,TRANSFER-3465
6271,1140,ladu,IN,121,2024-10-12,PO-32724
6272,1106,tallinn,OUT,-26,2024-07-02,ORD-34565
6273,1256,pärnu,IN,13,2024-06-15,PO-47802
6274,1114,pärnu,OUT,-47,2024-09-13,ORD-88775
6275,1013,ladu,OUT,-7,2024-11-16,ORD-10113
6276,1133,pärnu,OUT,-45,2024-11-13,ORD-91391
6277,1333,tallinn,IN,149,2025-02-19,PO-16571
6278,1298,pärnu,OUT,-36,2025-01-18,ORD-55921
6279,1030,tallinn,OUT,-33,2024-11-23,ORD-44853
6280,1211,ladu,IN,112,2025-02-22,PO-61417
6281,1101,tartu,IN,193,2025-01-20,PO-25234
6282,1108,ladu,OUT,-22,2024-03-20,ORD-16201
6283,1013,ladu,IN,18,2024-08-18,PO-93180
6284,1214,pärnu,TRANSFER,25,2024-09-30,TRANSFER-1243
6285,1298,tallinn,IN,59,2024-04-22,PO-85930
6286,1104,tallinn,ADJUSTMENT,18,2024-12-26,ADJ-4792
6287,1055,ladu,TRANSFER,53,2024-03-28,TRANSFER-7922
6288,1195,ladu,IN,65,2024-12-28,PO-29911
6289,1007,ladu,OUT,-7,2024-05-15,ORD-22758
6290,1126,tallinn,IN,149,2024-09-10,PO-42771
6291,1266,ladu,OUT,-2,2024-07-20,ORD-68768
6292,1232,tartu,ADJUSTMENT,-12,2024-08-25,ADJ-1010
6293,1272,pärnu,OUT,-35,2024-10-11,ORD-59327
6294,1051,tartu,OUT,-7,2024-01-31,ORD-80419
6295,1057,tartu,TRANSFER,54,2024-03-01,TRANSFER-5190
6296,1072,tallinn,IN,6,2024-04-06,PO-13464
6297,1261,tartu,IN,106,2024-09-07,PO-86296
6298,1283,pärnu,OUT,-46,2024-02-22,ORD-98124
6299,1234,ladu,IN,116,2024-09-24,PO-82875
6300,1167,ladu,ADJUSTMENT,-3,2024-05-10,ADJ-1695
6301,1080,ladu,TRANSFER,-51,2025-02-14,TRANSFER-2792
6302,1317,tartu,TRANSFER,61,2024-04-28,TRANSFER-5800
6303,1167,pärnu,IN,187,2024-10-15,PO-40661
6304,1250,pärnu,OUT,-36,2024-08-26,ORD-58342
6305,1014,ladu,OUT,-46,2024-08-24,ORD-33129
6306,1061,tartu,ADJUSTMENT,24,2024-01-25,ADJ-5711
6307,1300,ladu,OUT,-22,2024-04-19,ORD-25364
6308,1204,ladu,OUT,-50,2024-04-13,ORD-24198
6309,1146,tallinn,OUT,-29,2024-03-08,ORD-52606
6310,1174,tallinn,OUT,-37,2025-01-04,ORD-86446
6311,1014,tallinn,ADJUSTMENT,26,2024-01-22,ADJ-9545
6312,1301,ladu,IN,181,2024-04-03,PO-36978
6313,1233,pärnu,IN,189,2024-06-12,PO-33412
6314,1313,pärnu,OUT,-16,2024-06-03,ORD-67154
6315,1262,tallinn,OUT,-25,2024-03-07,ORD-40599
6316,1147,pärnu,ADJUSTMENT,22,2024-08-03,ADJ-3455
6317,1249,tallinn,OUT,-4,2024-12-08,ORD-66425
6318,1119,tartu,OUT,-1,2025-01-23,ORD-91225
6319,1166,tartu,IN,52,2024-05-22,PO-59662
6320,1112,ladu,IN,14,2024-02-11,PO-57237
6321,1310,pärnu,OUT,-27,2024-02-02,ORD-22237
6322,1346,ladu,IN,145,2024-01-02,PO-82915
6323,1089,tartu,OUT,-24,2024-02-13,ORD-82291
6324,1045,tallinn,IN,85,2024-03-08,PO-19666
6325,1274,tallinn,IN,96,2024-05-04,PO-16013
6326,1227,tartu,IN,179,2024-11-07,PO-46533
6327,1127,ladu,OUT,-44,2024-04-26,ORD-81034
6328,1140,tallinn,OUT,-17,2025-01-20,ORD-96232
6329,1265,tallinn,OUT,-37,2024-01-27,ORD-16560
6330,1008,ladu,IN,131,2024-07-13,PO-31030
6331,1317,pärnu,IN,165,2024-08-25,PO-49083
6332,1122,ladu,IN,41,2024-01-16,PO-30699
6333,1179,ladu,ADJUSTMENT,19,2024-07-18,ADJ-4055
6334,1128,tallinn,OUT,-22,2024-09-16,ORD-74662
6335,1123,pärnu,OUT,-4,2025-01-10,ORD-75257
6336,1283,pärnu,TRANSFER,-7,2025-01-31,TRANSFER-5376
6337,1210,tartu,OUT,-50,2024-02-27,ORD-99882
6338,1041,ladu,OUT,-11,2024-11-11,ORD-34079
6339,1148,pärnu,TRANSFER,53,2024-10-03,TRANSFER-3480
6340,1048,ladu,TRANSFER,10,2024-03-17,TRANSFER-5883
6341,1183,ladu,IN,111,2024-04-19,PO-39600
6342,1070,tartu,ADJUSTMENT,-4,2025-02-01,ADJ-3794
6343,1077,pärnu,OUT,-32,2025-01-23,ORD-23714
6344,1225,tallinn,ADJUSTMENT,1,2024-08-15,ADJ-8583
6345,1098,ladu,IN,63,2024-01-14,PO-16388
6346,1114,tartu,OUT,-13,2024-12-15,ORD-81454
6347,1261,ladu,TRANSFER,-3,2024-06-21,TRANSFER-9307
6348,1125,tartu,TRANSFER,-28,2024-04-15,TRANSFER-8639
6349,1330,tallinn,OUT,-18,2024-03-20,ORD-72811
6350,1287,pärnu,OUT,-47,2024-06-12,ORD-60566
6351,1285,ladu,TRANSFER,69,2024-03-29,TRANSFER-5761
6352,1197,ladu,IN,153,2024-04-26,PO-42255
6353,1064,pärnu,OUT,-13,2024-11-24,ORD-89344
6354,1309,tallinn,IN,158,2024-09-23,PO-67395
6355,1321,ladu,OUT,-15,2024-10-04,ORD-15422
6356,1224,pärnu,OUT,-23,2024-07-24,ORD-39750
6357,1115,tartu,IN,58,2024-02-12,PO-62382
6358,1289,tartu,ADJUSTMENT,-26,2024-03-24,ADJ-2483
6359,1220,tallinn,IN,76,2024-01-19,PO-99236
6360,1294,tartu,IN,132,2024-03-28,PO-30815
6361,1284,tallinn,OUT,-23,2024-09-11,ORD-33227
6362,1174,ladu,OUT,-3,2024-06-20,ORD-67018
6363,1286,pärnu,IN,118,2024-09-25,PO-40162
6364,1026,ladu,OUT,-19,2024-02-29,ORD-69162
6365,1249,ladu,ADJUSTMENT,-18,2024-09-26,ADJ-5936
6366,1161,ladu,OUT,-17,2024-01-11,ORD-81376
6367,1076,pärnu,IN,35,2024-10-05,PO-78157
6368,1028,tartu,OUT,-46,2025-02-01,ORD-40256
6369,1131,pärnu,ADJUSTMENT,-20,2024-06-18,ADJ-1760
6370,1004,ladu,TRANSFER,41,2024-08-14,TRANSFER-4428
6371,1306,tartu,OUT,-22,2024-04-02,ORD-79370
6372,1191,tallinn,IN,126,2024-09-12,PO-43304
6373,1028,ladu,TRANSFER,-28,2024-01-02,TRANSFER-2983
6374,1342,tartu,IN,81,2024-04-01,PO-61633
6375,1053,tartu,OUT,-16,2024-03-11,ORD-21582
6376,1145,ladu,TRANSFER,-28,2024-01-26,TRANSFER-8412
6377,1257,ladu,TRANSFER,80,2024-03-20,TRANSFER-6522
6378,1149,ladu,TRANSFER,-73,2024-07-23,TRANSFER-5759
6379,1242,ladu,ADJUSTMENT,27,2024-09-08,ADJ-6343
6380,1090,tartu,IN,152,2024-05-05,PO-91440
6381,1247,ladu,OUT,-50,2025-02-20,ORD-70616
6382,1264,tallinn,OUT,-39,2024-10-13,ORD-33296
6383,1044,pärnu,OUT,-44,2024-06-09,ORD-19893
6384,1042,pärnu,IN,107,2025-02-09,PO-63923
6385,1258,ladu,IN,120,2024-05-10,PO-86108
6386,1132,tartu,OUT,-9,2024-09-26,ORD-95706
6387,1318,ladu,OUT,-42,2024-05-15,ORD-27024
6388,1072,ladu,TRANSFER,14,2024-10-29,TRANSFER-4262
6389,1043,tallinn,OUT,-47,2024-09-07,ORD-24474
6390,1055,tallinn,IN,41,2024-08-27,PO-59618
6391,1313,tallinn,OUT,-28,2025-01-24,ORD-50876
6392,1225,pärnu,IN,154,2024-08-21,PO-75775
6393,1269,pärnu,OUT,-48,2024-07-14,ORD-33754
6394,1325,pärnu,OUT,-21,2024-07-14,ORD-55170
6395,1297,pärnu,IN,81,2024-07-28,PO-15984
6396,1325,tartu,OUT,-20,2024-10-26,ORD-78621
6397,1241,tartu,OUT,-15,2024-06-08,ORD-58758
6398,1031,tallinn,OUT,-34,2024-10-25,ORD-88584
6399,1158,tallinn,OUT,-20,2024-06-15,ORD-23544
6400,1072,ladu,TRANSFER,6,2024-10-07,TRANSFER-4938
6401,1304,tartu,IN,97,2024-10-23,PO-47490
6402,1026,tartu,IN,11,2024-12-24,PO-90429
6403,1341,tartu,OUT,-24,2025-02-08,ORD-85591
6404,1140,ladu,OUT,-33,2024-10-04,ORD-44703
6405,1165,pärnu,OUT,-20,2024-04-29,ORD-25022
6406,1086,tallinn,TRANSFER,-97,2025-02-14,TRANSFER-8490
6407,1020,tartu,IN,27,2024-03-04,PO-27577
6408,1294,tartu,IN,85,2024-08-28,PO-97842
6409,1176,tallinn,TRANSFER,8,2024-10-17,TRANSFER-6809
6410,1224,pärnu,OUT,-50,2024-08-12,ORD-59594
6411,1129,tartu,IN,43,2024-08-11,PO-91552
6412,1091,ladu,OUT,-2,2024-06-16,ORD-40173
6413,1177,tallinn,IN,156,2024-02-29,PO-88520
6414,1124,pärnu,OUT,-39,2024-10-15,ORD-75358
6415,1238,tartu,OUT,-36,2024-09-22,ORD-88384
6416,1041,tallinn,OUT,-43,2024-05-11,ORD-21633
6417,1048,pärnu,OUT,-23,2024-09-25,ORD-43308
6418,1005,pärnu,IN,152,2024-10-15,PO-26670
6419,1143,tallinn,OUT,-30,2024-09-21,ORD-54906
6420,1218,tartu,OUT,-41,2025-02-17,ORD-73476
6421,1139,ladu,IN,33,2024-05-27,PO-29808
6422,1229,tallinn,OUT,-1,2024-09-24,ORD-23085
6423,1206,ladu,IN,73,2024-12-27,PO-72733
6424,1088,tallinn,OUT,-2,2024-06-26,ORD-16959
6425,1061,tallinn,TRANSFER,46,2024-08-29,TRANSFER-1955
6426,1301,ladu,OUT,-42,2024-11-19,ORD-38274
6427,1319,tartu,IN,141,2024-05-31,PO-54087
6428,1032,tallinn,IN,18,2024-09-15,PO-74205
6429,1167,ladu,OUT,-44,2024-04-09,ORD-71231
6430,1267,pärnu,ADJUSTMENT,28,2024-08-07,ADJ-6367
6431,1266,ladu,TRANSFER,36,2025-02-02,TRANSFER-1274
6432,1204,pärnu,OUT,-18,2024-09-29,ORD-92503
6433,1182,pärnu,IN,169,2024-05-15,PO-25965
6434,1023,tallinn,OUT,-21,2024-04-25,ORD-14875
6435,1130,ladu,TRANSFER,-68,2024-04-20,TRANSFER-6004
6436,1119,tallinn,OUT,-14,2024-12-08,ORD-19006
6437,1028,tartu,IN,166,2024-11-22,PO-83985
6438,1228,tallinn,IN,109,2024-02-09,PO-41110
6439,1052,tallinn,ADJUSTMENT,29,2024-11-05,ADJ-1278
6440,1108,tallinn,IN,193,2024-04-06,PO-62288
6441,1162,pärnu,IN,45,2025-02-03,PO-49581
6442,1279,tartu,IN,189,2024-07-27,PO-68109
6443,1323,ladu,OUT,-22,2024-03-11,ORD-88482
6444,1340,tallinn,OUT,-16,2024-01-30,ORD-19473
6445,1245,tartu,OUT,-26,2024-07-25,ORD-21600
6446,1270,ladu,IN,68,2024-12-28,PO-13352
6447,1233,tallinn,OUT,-48,2024-08-01,ORD-67132
6448,1320,tallinn,OUT,-37,2025-02-12,ORD-58043
6449,1246,pärnu,OUT,-8,2024-12-04,ORD-55511
6450,1337,tallinn,IN,10,2024-09-27,PO-49698
6451,1161,tallinn,OUT,-12,2024-07-26,ORD-75181
6452,1167,ladu,ADJUSTMENT,-4,2024-04-23,ADJ-8757
6453,1143,tartu,OUT,-35,2024-11-14,ORD-54611
6454,1092,ladu,IN,176,2024-08-30,PO-48050
6455,1093,tartu,OUT,-13,2024-04-26,ORD-87490
6456,1222,ladu,OUT,-19,2024-09-04,ORD-48046
6457,1005,tartu,OUT,-9,2024-01-19,ORD-17673
6458,1129,ladu,IN,152,2024-12-15,PO-71686
6459,1116,pärnu,OUT,-5,2024-11-24,ORD-80193
6460,1313,ladu,IN,40,2024-01-24,PO-55985
6461,1196,pärnu,IN,109,2024-05-04,PO-54697
6462,1260,tallinn,ADJUSTMENT,-24,2024-06-03,ADJ-5443
6463,1189,tartu,IN,132,2024-05-05,PO-36187
6464,1174,ladu,TRANSFER,-29,2024-02-09,TRANSFER-2085
6465,1019,tartu,IN,94,2024-11-30,PO-94562
6466,1313,tartu,IN,89,2024-04-18,PO-76107
6467,1336,ladu,IN,89,2024-06-05,PO-52057
6468,1036,pärnu,OUT,-6,2024-06-08,ORD-64790
6469,1149,ladu,IN,143,2024-11-05,PO-95174
6470,1065,ladu,IN,70,2024-08-12,PO-34440
6471,1304,pärnu,TRANSFER,43,2024-12-10,TRANSFER-9740
6472,1183,tartu,IN,6,2024-02-06,PO-20971
6473,1340,tallinn,OUT,-49,2024-08-22,ORD-91762
6474,1051,ladu,TRANSFER,-44,2024-11-16,TRANSFER-3565
6475,1068,tallinn,OUT,-13,2024-03-03,ORD-10583
6476,1175,tallinn,ADJUSTMENT,-30,2025-02-27,ADJ-1661
6477,1190,pärnu,OUT,-37,2024-11-17,ORD-58205
6478,1093,pärnu,OUT,-22,2024-05-27,ORD-25552
6479,1111,pärnu,IN,190,2024-06-22,PO-36153
6480,1078,ladu,TRANSFER,32,2024-10-27,TRANSFER-4259
6481,1262,ladu,ADJUSTMENT,-2,2024-01-23,ADJ-3514
6482,1106,pärnu,OUT,-15,2024-06-13,ORD-32049
6483,1112,tartu,IN,155,2024-12-29,PO-12680
6484,1096,pärnu,TRANSFER,87,2025-01-16,TRANSFER-2254
6485,1265,tallinn,OUT,-8,2024-05-23,ORD-70429
6486,1048,tartu,ADJUSTMENT,3,2024-03-05,ADJ-7548
6487,1204,ladu,OUT,-25,2024-09-02,ORD-61510
6488,1315,tartu,IN,141,2024-11-23,PO-20128
6489,1220,tartu,OUT,-33,2025-02-26,ORD-74094
6490,1188,tartu,TRANSFER,60,2025-01-13,TRANSFER-7094
6491,1048,ladu,IN,127,2024-11-12,PO-31376
6492,1253,tallinn,TRANSFER,72,2025-01-02,TRANSFER-7758
6493,1032,tartu,OUT,-27,2024-03-12,ORD-58987
6494,1060,ladu,ADJUSTMENT,11,2024-04-20,ADJ-8327
6495,1336,tallinn,ADJUSTMENT,-19,2024-04-14,ADJ-3722
6496,1324,tartu,IN,21,2024-11-21,PO-23066
6497,1319,pärnu,IN,18,2024-07-27,PO-52049
6498,1232,pärnu,OUT,-4,2024-11-08,ORD-69554
6499,1224,tallinn,OUT,-9,2024-04-08,ORD-29368
6500,1333,ladu,IN,123,2024-04-05,PO-33227
6501,1343,ladu,OUT,-36,2025-01-22,ORD-58548
6502,1245,tallinn,TRANSFER,92,2024-04-05,TRANSFER-5258
6503,1332,tallinn,ADJUSTMENT,-4,2024-03-21,ADJ-7264
6504,1272,tartu,TRANSFER,-97,2024-08-05,TRANSFER-4287
6505,1176,pärnu,OUT,-50,2024-06-14,ORD-30011
6506,1079,tartu,TRANSFER,-93,2024-08-02,TRANSFER-1181
6507,1010,tartu,IN,133,2025-01-02,PO-51211
6508,1218,tartu,IN,12,2024-07-31,PO-30811
6509,1141,ladu,OUT,-45,2024-12-08,ORD-97754
6510,1128,tartu,IN,119,2024-12-17,PO-12458
6511,1070,pärnu,IN,135,2024-08-20,PO-10392
6512,1124,pärnu,OUT,-43,2025-02-02,ORD-62409
6513,1261,ladu,ADJUSTMENT,3,2024-07-04,ADJ-8917
6514,1333,ladu,IN,20,2024-10-04,PO-89095
6515,1062,ladu,IN,115,2024-01-09,PO-28131
6516,1037,tallinn,IN,123,2024-12-08,PO-76840
6517,1289,tallinn,OUT,-31,2024-06-12,ORD-67934
6518,1101,ladu,OUT,-4,2024-11-13,ORD-29862
6519,1257,tartu,OUT,-31,2024-09-08,ORD-43527
6520,1065,pärnu,ADJUSTMENT,-23,2024-10-25,ADJ-1184
6521,1346,tallinn,OUT,-21,2025-02-21,ORD-87964
6522,1166,pärnu,OUT,-46,2024-09-30,ORD-23824
6523,1151,tartu,OUT,-31,2024-10-09,ORD-54395
6524,1014,pärnu,OUT,-42,2024-04-01,ORD-30233
6525,1111,tallinn,IN,126,2024-02-04,PO-23833
6526,1180,pärnu,OUT,-10,2024-03-18,ORD-33833
6527,1105,tallinn,OUT,-26,2024-09-09,ORD-20634
6528,1288,tallinn,OUT,-50,2025-02-11,ORD-99004
6529,1140,pärnu,OUT,-41,2024-09-23,ORD-69952
6530,1312,tallinn,OUT,-48,2024-05-07,ORD-36392
6531,1316,tartu,IN,119,2024-01-02,PO-80198
6532,1048,tallinn,IN,193,2025-01-04,PO-99664
6533,1108,tallinn,IN,132,2024-02-20,PO-74821
6534,1026,tallinn,IN,93,2024-09-07,PO-36051
6535,1125,pärnu,OUT,-11,2024-09-23,ORD-96491
6536,1281,tartu,TRANSFER,14,2024-09-04,TRANSFER-2556
6537,1055,tallinn,OUT,-11,2024-03-25,ORD-10102
6538,1228,ladu,OUT,-8,2024-08-12,ORD-70024
6539,1043,tallinn,ADJUSTMENT,-30,2024-02-06,ADJ-9280
6540,1307,ladu,OUT,-8,2024-12-28,ORD-71189
6541,1235,tallinn,IN,183,2025-02-24,PO-57752
6542,1339,pärnu,IN,31,2024-04-09,PO-55173
6543,1070,tartu,IN,9,2025-01-12,PO-72907
6544,1287,tartu,IN,78,2024-06-20,PO-67443
6545,1182,tartu,IN,36,2024-11-03,PO-16678
6546,1347,pärnu,OUT,-5,2024-02-23,ORD-65783
6547,1118,pärnu,OUT,-49,2024-12-23,ORD-28973
6548,1057,tallinn,OUT,-29,2024-07-22,ORD-56039
6549,1181,pärnu,IN,136,2024-03-21,PO-95124
6550,1238,tallinn,OUT,-46,2025-01-16,ORD-33574
6551,1310,pärnu,IN,103,2024-11-29,PO-16598
6552,1302,ladu,OUT,-33,2024-03-16,ORD-25940
6553,1284,tartu,IN,107,2024-07-10,PO-55351
6554,1015,pärnu,OUT,-30,2024-01-06,ORD-74815
6555,1145,tallinn,OUT,-39,2025-02-20,ORD-82200
6556,1044,tallinn,IN,46,2024-09-06,PO-45773
6557,1337,pärnu,OUT,-45,2024-08-30,ORD-12938
6558,1042,pärnu,IN,193,2024-07-18,PO-69201
6559,1214,ladu,OUT,-48,2024-09-21,ORD-44927
6560,1059,ladu,IN,60,2024-03-02,PO-63345
6561,1194,tallinn,OUT,-47,2024-06-09,ORD-78629
6562,1242,tallinn,IN,88,2024-12-27,PO-55265
6563,1146,tallinn,IN,83,2025-02-24,PO-53353
6564,1292,tartu,OUT,-17,2024-11-07,ORD-90090
6565,1028,tartu,OUT,-21,2025-01-25,ORD-11317
6566,1158,tallinn,OUT,-7,2024-06-19,ORD-58338
6567,1045,pärnu,ADJUSTMENT,5,2024-10-28,ADJ-8738
6568,1125,tartu,IN,16,2024-11-03,PO-93783
6569,1294,tartu,IN,135,2024-06-10,PO-28985
6570,1046,tallinn,IN,88,2024-12-17,PO-40705
6571,1142,tallinn,ADJUSTMENT,10,2024-09-04,ADJ-5399
6572,1094,tallinn,ADJUSTMENT,2,2025-01-14,ADJ-6427
6573,1029,tallinn,ADJUSTMENT,10,2025-01-03,ADJ-4300
6574,1249,tartu,OUT,-38,2024-09-03,ORD-43856
6575,1253,ladu,IN,13,2024-08-29,PO-21245
6576,1298,ladu,IN,61,2024-05-18,PO-69419
6577,1189,tartu,OUT,-50,2024-12-05,ORD-81201
6578,1077,ladu,IN,72,2024-12-19,PO-76621
6579,1191,pärnu,IN,146,2024-11-24,PO-78719
6580,1020,tartu,OUT,-48,2024-07-27,ORD-11339
6581,1117,tartu,ADJUSTMENT,-6,2024-05-22,ADJ-9252
6582,1116,tartu,OUT,-5,2024-05-21,ORD-90085
6583,1130,ladu,IN,155,2024-03-22,PO-10802
6584,1233,tallinn,TRANSFER,9,2024-07-24,TRANSFER-3197
6585,1096,pärnu,OUT,-35,2024-02-22,ORD-51243
6586,1040,pärnu,IN,114,2024-10-30,PO-71881
6587,1219,pärnu,IN,119,2024-11-24,PO-42007
6588,1261,ladu,IN,74,2024-07-12,PO-35447
6589,1102,pärnu,IN,150,2024-03-01,PO-15492
6590,1237,pärnu,OUT,-5,2024-05-04,ORD-55003
6591,1090,pärnu,TRANSFER,-11,2024-10-17,TRANSFER-9537
6592,1022,tartu,TRANSFER,24,2024-03-15,TRANSFER-4732
6593,1263,pärnu,IN,186,2024-10-26,PO-29579
6594,1156,tallinn,ADJUSTMENT,21,2025-02-15,ADJ-5498
6595,1079,ladu,IN,152,2024-01-31,PO-69605
6596,1023,tallinn,ADJUSTMENT,-22,2025-01-23,ADJ-5512
6597,1181,tallinn,OUT,-46,2024-09-01,ORD-38592
6598,1318,ladu,IN,123,2024-07-29,PO-56073
6599,1192,tartu,IN,137,2024-11-22,PO-96957
6600,1093,ladu,ADJUSTMENT,-2,2024-06-01,ADJ-8972
6601,1246,ladu,TRANSFER,27,2024-08-29,TRANSFER-2979
6602,1166,tallinn,OUT,-12,2024-08-03,ORD-56167
6603,1299,tartu,IN,86,2025-01-19,PO-85336
6604,1031,pärnu,OUT,-23,2024-08-18,ORD-56437
6605,1197,tallinn,TRANSFER,52,2024-07-08,TRANSFER-2029
6606,1345,pärnu,TRANSFER,92,2024-06-30,TRANSFER-9227
6607,1111,tartu,IN,38,2025-02-10,PO-19158
6608,1048,tartu,IN,196,2024-01-19,PO-10803
6609,1179,tallinn,TRANSFER,-72,2024-05-20,TRANSFER-7352
6610,1198,tallinn,OUT,-25,2024-01-12,ORD-25009
6611,1330,tallinn,TRANSFER,-95,2024-11-18,TRANSFER-5175
6612,1258,tallinn,IN,187,2024-03-26,PO-53469
6613,1172,tartu,IN,92,2024-10-02,PO-40828
6614,1021,tartu,IN,67,2024-03-12,PO-93960
6615,1191,tallinn,OUT,-42,2024-05-13,ORD-85795
6616,1252,pärnu,OUT,-49,2024-10-18,ORD-50387
6617,1267,pärnu,OUT,-46,2025-02-21,ORD-25929
6618,1234,tartu,TRANSFER,27,2025-02-22,TRANSFER-2038
6619,1330,tallinn,OUT,-7,2025-01-04,ORD-24670
6620,1319,tallinn,TRANSFER,-5,2024-05-30,TRANSFER-3209
6621,1074,pärnu,IN,74,2024-07-08,PO-70299
6622,1068,tallinn,IN,132,2024-02-10,PO-17072
6623,1054,tallinn,OUT,-10,2024-08-01,ORD-26497
6624,1214,pärnu,OUT,-4,2024-01-21,ORD-59722
6625,1350,tallinn,TRANSFER,-17,2024-02-25,TRANSFER-8245
6626,1282,ladu,OUT,-4,2024-08-18,ORD-98336
6627,1138,tartu,TRANSFER,-86,2024-08-12,TRANSFER-3289
6628,1012,pärnu,OUT,-5,2024-10-18,ORD-49337
6629,1068,tallinn,OUT,-28,2024-09-21,ORD-81164
6630,1339,tartu,IN,189,2024-06-27,PO-33588
6631,1063,tallinn,OUT,-22,2024-10-25,ORD-63094
6632,1039,ladu,ADJUSTMENT,-29,2025-01-28,ADJ-8814
6633,1146,tartu,IN,121,2024-02-04,PO-67795
6634,1329,tartu,TRANSFER,-85,2024-10-11,TRANSFER-1016
6635,1253,ladu,ADJUSTMENT,14,2024-11-10,ADJ-8389
6636,1245,ladu,ADJUSTMENT,24,2024-10-26,ADJ-2031
6637,1170,tallinn,OUT,-27,2024-04-04,ORD-11792
6638,1150,ladu,OUT,-33,2024-04-13,ORD-14455
6639,1171,ladu,OUT,-50,2024-09-15,ORD-70245
6640,1114,ladu,TRANSFER,-44,2025-02-24,TRANSFER-6604
6641,1287,ladu,IN,131,2024-07-18,PO-68901
6642,1117,ladu,OUT,-2,2025-01-19,ORD-89837
6643,1297,tallinn,OUT,-43,2024-01-14,ORD-83605
6644,1283,pärnu,TRANSFER,-67,2024-02-12,TRANSFER-2568
6645,1205,pärnu,OUT,-1,2024-07-27,ORD-92644
6646,1201,tallinn,TRANSFER,64,2024-06-23,TRANSFER-1745
6647,1173,tartu,OUT,-17,2024-08-21,ORD-98373
6648,1302,ladu,TRANSFER,-18,2024-07-21,TRANSFER-2621
6649,1225,tartu,TRANSFER,-85,2025-02-07,TRANSFER-7345
6650,1013,tallinn,IN,151,2024-04-14,PO-39332
6651,1279,tartu,OUT,-35,2024-09-26,ORD-18244
6652,1110,tartu,IN,170,2025-02-14,PO-31544
6653,1342,ladu,OUT,-11,2024-11-09,ORD-14270
6654,1033,pärnu,IN,139,2025-01-19,PO-62708
6655,1188,tallinn,OUT,-11,2025-01-20,ORD-76613
6656,1043,pärnu,OUT,-10,2024-09-08,ORD-14317
6657,1276,tartu,OUT,-33,2024-04-12,ORD-79507
6658,1089,tallinn,OUT,-31,2025-01-16,ORD-92400
6659,1051,pärnu,IN,23,2024-06-26,PO-21093
6660,1157,pärnu,IN,44,2024-05-23,PO-48451
6661,1009,ladu,OUT,-15,2024-12-01,ORD-83918
6662,1167,tallinn,IN,126,2025-01-09,PO-42767
6663,1017,tallinn,OUT,-47,2025-01-31,ORD-74896
6664,1185,ladu,IN,69,2025-01-09,PO-51018
6665,1085,tartu,OUT,-17,2024-05-06,ORD-49777
6666,1059,ladu,OUT,-27,2024-09-14,ORD-85452
6667,1248,tartu,IN,110,2024-08-10,PO-78295
6668,1059,tallinn,IN,27,2024-12-08,PO-63252
6669,1024,ladu,ADJUSTMENT,20,2024-01-28,ADJ-6582
6670,1297,pärnu,OUT,-18,2024-06-11,ORD-18453
6671,1165,tallinn,IN,133,2024-11-27,PO-47622
6672,1264,pärnu,OUT,-47,2024-07-15,ORD-93211
6673,1022,tallinn,TRANSFER,-1,2024-10-26,TRANSFER-4133
6674,1253,pärnu,IN,151,2024-11-25,PO-51280
6675,1104,ladu,IN,164,2024-06-30,PO-10047
6676,1260,pärnu,TRANSFER,-82,2024-06-11,TRANSFER-3749
6677,1109,pärnu,OUT,-50,2024-08-30,ORD-21587
6678,1073,tallinn,TRANSFER,100,2024-02-23,TRANSFER-7138
6679,1016,tartu,TRANSFER,14,2024-01-15,TRANSFER-7494
6680,1089,pärnu,TRANSFER,68,2024-06-15,TRANSFER-2166
6681,1027,tartu,IN,84,2025-01-04,PO-48380
6682,1067,ladu,TRANSFER,53,2024-12-13,TRANSFER-2438
6683,1096,ladu,IN,7,2024-11-22,PO-66391
6684,1330,pärnu,IN,191,2024-07-02,PO-25561
6685,1082,tartu,OUT,-4,2024-06-01,ORD-97054
6686,1121,tartu,IN,52,2024-01-22,PO-13607
6687,1153,ladu,IN,97,2025-02-04,PO-86916
6688,1294,tallinn,IN,119,2024-11-11,PO-75029
6689,1022,ladu,IN,70,2025-02-12,PO-81386
6690,1165,tartu,IN,133,2024-04-30,PO-38833
6691,1293,tartu,IN,153,2024-05-28,PO-76732
6692,1099,tallinn,TRANSFER,8,2025-01-11,TRANSFER-4313
6693,1124,pärnu,IN,165,2024-06-20,PO-65357
6694,1132,tartu,TRANSFER,-11,2024-10-01,TRANSFER-9467
6695,1288,ladu,IN,64,2024-02-14,PO-27500
6696,1158,tallinn,TRANSFER,10,2024-02-17,TRANSFER-3694
6697,1267,pärnu,OUT,-31,2024-03-07,ORD-80494
6698,1179,tallinn,OUT,-6,2024-11-07,ORD-75709
6699,1099,tartu,IN,39,2024-07-21,PO-64931
6700,1345,ladu,OUT,-6,2025-02-09,ORD-13700
6701,1004,tallinn,TRANSFER,-70,2024-04-05,TRANSFER-7973
6702,1016,tallinn,OUT,-11,2024-01-03,ORD-27186
6703,1136,pärnu,OUT,-4,2024-09-16,ORD-26088
6704,1163,tallinn,IN,35,2024-06-15,PO-89425
6705,1169,tallinn,IN,9,2024-03-01,PO-26715
6706,1103,ladu,OUT,-3,2024-09-16,ORD-50631
6707,1264,tallinn,OUT,-12,2024-01-03,ORD-88324
6708,1216,pärnu,ADJUSTMENT,-21,2024-01-25,ADJ-9000
6709,1257,pärnu,IN,22,2024-07-28,PO-48189
6710,1279,tartu,OUT,-11,2024-06-03,ORD-81197
6711,1210,tartu,OUT,-7,2024-10-16,ORD-31281
6712,1232,pärnu,OUT,-28,2024-11-13,ORD-62302
6713,1338,ladu,TRANSFER,-27,2024-01-30,TRANSFER-8761
6714,1094,pärnu,IN,170,2024-12-29,PO-85406
6715,1322,tartu,OUT,-28,2024-07-18,ORD-28523
6716,1345,tartu,IN,60,2024-02-07,PO-50541
6717,1100,tartu,OUT,-43,2024-05-29,ORD-53083
6718,1001,ladu,TRANSFER,-70,2024-07-18,TRANSFER-4902
6719,1048,tartu,OUT,-9,2024-11-20,ORD-95787
6720,1338,tallinn,TRANSFER,15,2024-07-04,TRANSFER-8872
6721,1031,tartu,IN,182,2024-11-16,PO-19783
6722,1091,ladu,IN,46,2024-10-20,PO-36788
6723,1312,tartu,OUT,-36,2024-12-27,ORD-44602
6724,1323,pärnu,OUT,-21,2024-06-17,ORD-18964
6725,1161,pärnu,OUT,-37,2025-02-13,ORD-33916
6726,1099,ladu,OUT,-15,2024-07-24,ORD-65851
6727,1169,ladu,OUT,-36,2024-12-05,ORD-56751
6728,1115,tallinn,IN,177,2024-06-04,PO-85539
6729,1311,tartu,IN,109,2024-03-24,PO-48033
6730,1174,ladu,OUT,-35,2024-08-04,ORD-84539
6731,1349,tartu,ADJUSTMENT,-23,2024-07-09,ADJ-3651
6732,1236,pärnu,ADJUSTMENT,-20,2024-09-17,ADJ-6225
6733,1230,tallinn,IN,83,2024-05-01,PO-24535
6734,1274,ladu,IN,164,2025-01-06,PO-61360
6735,1037,ladu,OUT,-10,2024-05-25,ORD-85669
6736,1228,ladu,IN,149,2024-08-12,PO-95690
6737,1133,ladu,IN,130,2024-08-26,PO-78374
6738,1246,ladu,ADJUSTMENT,4,2024-03-12,ADJ-2369
6739,1118,tallinn,TRANSFER,57,2024-07-26,TRANSFER-2227
6740,1332,ladu,OUT,-26,2024-06-09,ORD-80910
6741,1180,pärnu,TRANSFER,65,2024-02-18,TRANSFER-2064
6742,1300,tallinn,ADJUSTMENT,16,2024-07-15,ADJ-9483
6743,1271,pärnu,IN,96,2024-01-27,PO-53955
6744,1268,pärnu,IN,35,2024-07-09,PO-77854
6745,1159,tallinn,IN,139,2024-06-11,PO-88931
6746,1109,tallinn,OUT,-6,2024-10-29,ORD-88673
6747,1080,tallinn,ADJUSTMENT,-3,2024-03-30,ADJ-7592
6748,1046,tallinn,OUT,-42,2024-03-07,ORD-15837
6749,1077,ladu,OUT,-10,2024-04-20,ORD-17380
6750,1134,tartu,IN,174,2024-03-31,PO-52532
6751,1023,pärnu,OUT,-34,2024-01-10,ORD-33428
6752,1068,tallinn,IN,101,2024-02-02,PO-71883
6753,1207,tartu,OUT,-6,2024-01-08,ORD-67782
6754,1263,pärnu,OUT,-3,2024-11-18,ORD-35340
6755,1188,pärnu,TRANSFER,-55,2024-09-04,TRANSFER-1045
6756,1038,tallinn,IN,95,2024-07-19,PO-22205
6757,1158,pärnu,OUT,-14,2024-12-17,ORD-56320
6758,1292,tallinn,OUT,-40,2025-01-16,ORD-94573
6759,1051,tartu,OUT,-10,2024-03-11,ORD-23153
6760,1200,ladu,OUT,-32,2024-03-04,ORD-93348
6761,1291,tallinn,TRANSFER,-65,2025-01-18,TRANSFER-3774
6762,1016,ladu,OUT,-10,2024-01-01,ORD-26451
6763,1272,pärnu,OUT,-46,2024-07-08,ORD-90814
6764,1177,tartu,IN,158,2024-05-05,PO-96144
6765,1118,pärnu,ADJUSTMENT,4,2024-11-03,ADJ-8628
6766,1174,ladu,TRANSFER,77,2024-05-25,TRANSFER-9089
6767,1176,tartu,OUT,-23,2024-05-17,ORD-30290
6768,1291,tartu,IN,177,2024-09-23,PO-19850
6769,1234,ladu,OUT,-1,2024-10-21,ORD-66263
6770,1225,ladu,IN,64,2024-10-09,PO-30532
6771,1097,ladu,IN,66,2025-01-24,PO-60836
6772,1207,tartu,OUT,-13,2024-06-22,ORD-83917
6773,1257,tallinn,IN,64,2024-02-19,PO-69615
6774,1158,tallinn,OUT,-47,2024-06-02,ORD-48202
6775,1302,tallinn,ADJUSTMENT,8,2024-02-02,ADJ-6680
6776,1289,pärnu,IN,70,2024-09-27,PO-78653
6777,1294,ladu,TRANSFER,-52,2025-01-13,TRANSFER-2462
6778,1117,tallinn,OUT,-10,2025-02-23,ORD-12667
6779,1108,tallinn,IN,146,2024-08-23,PO-35711
6780,1079,tartu,IN,178,2024-11-19,PO-79440
6781,1007,tallinn,IN,75,2024-05-28,PO-29473
6782,1018,ladu,OUT,-1,2025-02-25,ORD-15441
6783,1347,pärnu,OUT,-39,2024-12-05,ORD-33777
6784,1106,ladu,IN,119,2024-06-26,PO-15813
6785,1092,tartu,IN,139,2024-03-11,PO-55065
6786,1163,pärnu,IN,162,2024-06-05,PO-77587
6787,1168,tallinn,OUT,-2,2024-12-15,ORD-65577
6788,1158,pärnu,OUT,-41,2024-11-24,ORD-93820
6789,1314,pärnu,OUT,-11,2024-04-30,ORD-39249
6790,1039,tartu,OUT,-8,2024-03-05,ORD-97768
6791,1131,tartu,IN,170,2024-09-25,PO-54241
6792,1135,tallinn,IN,148,2024-02-03,PO-58184
6793,1259,ladu,OUT,-9,2024-01-01,ORD-57225
6794,1068,pärnu,IN,12,2024-02-20,PO-98038
6795,1020,ladu,TRANSFER,34,2024-10-21,TRANSFER-8958
6796,1265,ladu,TRANSFER,-87,2024-06-28,TRANSFER-2611
6797,1067,ladu,OUT,-29,2024-01-13,ORD-88489
6798,1149,ladu,IN,15,2024-12-27,PO-34926
6799,1056,tallinn,OUT,-48,2024-09-22,ORD-99568
6800,1140,tartu,OUT,-32,2025-01-28,ORD-38040
6801,1083,tartu,OUT,-12,2024-10-19,ORD-78243
6802,1069,tallinn,OUT,-31,2024-11-23,ORD-70428
6803,1074,ladu,TRANSFER,59,2024-02-16,TRANSFER-9101
6804,1105,ladu,ADJUSTMENT,11,2024-04-23,ADJ-1954
6805,1015,pärnu,TRANSFER,46,2024-08-30,TRANSFER-7357
6806,1057,tartu,OUT,-16,2024-11-10,ORD-36983
6807,1296,ladu,IN,29,2024-11-09,PO-38705
6808,1306,tallinn,IN,120,2024-01-20,PO-57602
6809,1345,pärnu,OUT,-24,2024-09-27,ORD-10213
6810,1297,tallinn,TRANSFER,-29,2024-04-05,TRANSFER-6733
6811,1083,tallinn,TRANSFER,-21,2025-01-07,TRANSFER-1418
6812,1008,ladu,IN,81,2024-01-18,PO-68974
6813,1184,pärnu,OUT,-15,2024-12-25,ORD-15020
6814,1234,ladu,OUT,-1,2024-01-24,ORD-10172
6815,1038,tartu,OUT,-2,2024-04-26,ORD-49720
6816,1055,ladu,OUT,-31,2024-03-08,ORD-15078
6817,1074,ladu,OUT,-30,2024-02-25,ORD-28748
6818,1078,tallinn,IN,151,2024-02-05,PO-81759
6819,1054,pärnu,IN,123,2024-04-13,PO-98506
6820,1123,ladu,IN,167,2025-02-03,PO-58402
6821,1146,tartu,ADJUSTMENT,27,2024-10-01,ADJ-6618
6822,1316,tartu,IN,88,2025-02-22,PO-31663
6823,1083,pärnu,OUT,-23,2024-06-11,ORD-97199
6824,1288,tartu,OUT,-37,2024-12-21,ORD-58672
6825,1275,tallinn,OUT,-21,2024-11-02,ORD-73122
6826,1063,tartu,OUT,-23,2025-02-04,ORD-87090
6827,1116,tallinn,ADJUSTMENT,-17,2024-04-18,ADJ-5223
6828,1341,pärnu,OUT,-18,2024-06-21,ORD-56018
6829,1334,tartu,OUT,-2,2024-11-21,ORD-45794
6830,1026,pärnu,IN,155,2024-12-10,PO-75334
6831,1046,tallinn,OUT,-49,2024-07-05,ORD-48475
6832,1007,ladu,OUT,-37,2025-01-13,ORD-74462
6833,1311,pärnu,TRANSFER,-66,2025-01-30,TRANSFER-5732
6834,1332,pärnu,OUT,-46,2025-02-19,ORD-52786
6835,1260,tallinn,IN,25,2025-02-16,PO-79086
6836,1021,pärnu,TRANSFER,-65,2024-08-27,TRANSFER-3665
6837,1232,tartu,ADJUSTMENT,-19,2024-09-04,ADJ-5776
6838,1071,tallinn,OUT,-12,2025-01-09,ORD-50972
6839,1301,ladu,TRANSFER,-13,2024-05-11,TRANSFER-6054
6840,1084,ladu,IN,94,2024-03-03,PO-39137
6841,1126,tartu,TRANSFER,-73,2025-02-19,TRANSFER-4312
6842,1096,tallinn,OUT,-39,2024-11-27,ORD-68813
6843,1109,pärnu,IN,15,2024-05-21,PO-65825
6844,1338,ladu,OUT,-26,2024-04-08,ORD-71696
6845,1262,tartu,OUT,-23,2025-01-13,ORD-91117
6846,1189,ladu,IN,192,2024-03-29,PO-70169
6847,1317,tallinn,OUT,-10,2025-01-09,ORD-50244
6848,1026,tartu,IN,168,2024-12-02,PO-20943
6849,1307,tallinn,OUT,-7,2024-03-09,ORD-65750
6850,1164,tartu,ADJUSTMENT,-11,2024-03-22,ADJ-9065
6851,1320,tartu,OUT,-9,2024-07-04,ORD-22887
6852,1174,tallinn,IN,178,2024-09-01,PO-92713
6853,1022,tartu,IN,93,2025-01-12,PO-68885
6854,1261,pärnu,OUT,-15,2024-07-06,ORD-33975
6855,1159,ladu,TRANSFER,-51,2024-10-31,TRANSFER-1057
6856,1153,tartu,OUT,-9,2025-01-15,ORD-91672
6857,1306,tallinn,ADJUSTMENT,-19,2024-10-30,ADJ-5012
6858,1316,tartu,IN,83,2024-05-24,PO-88892
6859,1232,tartu,OUT,-36,2024-04-11,ORD-82945
6860,1276,tartu,IN,82,2024-05-24,PO-34666
6861,1205,tartu,IN,74,2024-09-17,PO-82141
6862,1206,ladu,ADJUSTMENT,-23,2024-12-24,ADJ-4548
6863,1079,tallinn,OUT,-12,2024-07-24,ORD-93777
6864,1169,pärnu,IN,105,2024-05-17,PO-86679
6865,1025,pärnu,OUT,-46,2024-08-10,ORD-55452
6866,1090,tartu,OUT,-13,2024-08-18,ORD-30201
6867,1005,pärnu,IN,123,2025-01-04,PO-45688
6868,1246,tartu,OUT,-27,2024-11-24,ORD-23457
6869,1291,tartu,IN,126,2024-10-29,PO-25658
6870,1287,pärnu,TRANSFER,-65,2024-06-11,TRANSFER-9655
6871,1044,ladu,OUT,-49,2024-05-03,ORD-24739
6872,1234,tallinn,IN,188,2024-04-24,PO-43706
6873,1332,ladu,OUT,-50,2024-07-05,ORD-29202
6874,1146,tartu,OUT,-50,2024-09-12,ORD-19179
6875,1251,pärnu,OUT,-44,2024-03-22,ORD-95802
6876,1320,tartu,OUT,-38,2024-03-03,ORD-49157
6877,1067,tartu,TRANSFER,-14,2024-01-17,TRANSFER-4573
6878,1208,tallinn,OUT,-44,2024-05-09,ORD-11146
6879,1220,pärnu,OUT,-27,2025-01-01,ORD-92862
6880,1219,ladu,IN,178,2024-11-26,PO-72993
6881,1006,tallinn,OUT,-22,2024-07-10,ORD-25004
6882,1113,tallinn,IN,58,2025-02-04,PO-82543
6883,1003,tallinn,IN,61,2024-03-01,PO-83908
6884,1044,tallinn,OUT,-26,2024-04-07,ORD-69399
6885,1024,ladu,OUT,-11,2024-08-16,ORD-95708
6886,1286,tartu,IN,194,2024-07-19,PO-70097
6887,1239,tallinn,OUT,-25,2024-12-08,ORD-34896
6888,1236,tartu,OUT,-34,2024-05-01,ORD-68486
6889,1304,tallinn,OUT,-13,2024-12-16,ORD-62235
6890,1003,pärnu,OUT,-30,2024-03-14,ORD-91701
6891,1158,ladu,IN,96,2024-07-06,PO-85562
6892,1219,tartu,ADJUSTMENT,-29,2025-01-17,ADJ-8085
6893,1160,ladu,OUT,-28,2024-09-16,ORD-58002
6894,1081,tartu,ADJUSTMENT,-3,2024-06-23,ADJ-6006
6895,1216,pärnu,OUT,-16,2024-02-28,ORD-11227
6896,1001,pärnu,IN,20,2024-04-09,PO-96704
6897,1233,tallinn,IN,25,2024-02-12,PO-80277
6898,1238,tartu,OUT,-36,2024-10-03,ORD-96552
6899,1135,tallinn,OUT,-6,2024-11-29,ORD-25004
6900,1060,tartu,ADJUSTMENT,23,2024-02-03,ADJ-6015
6901,1250,tallinn,OUT,-34,2024-11-08,ORD-45130
6902,1316,pärnu,IN,100,2025-02-12,PO-19230
6903,1064,tartu,TRANSFER,-28,2024-09-24,TRANSFER-9445
6904,1099,ladu,TRANSFER,43,2025-01-27,TRANSFER-4389
6905,1007,pärnu,OUT,-29,2024-06-02,ORD-50027
6906,1265,tartu,OUT,-26,2024-11-13,ORD-82664
6907,1119,ladu,ADJUSTMENT,-25,2024-10-05,ADJ-1303
6908,1090,ladu,IN,144,2024-03-17,PO-66857
6909,1256,pärnu,OUT,-5,2024-08-01,ORD-46250
6910,1004,tartu,ADJUSTMENT,-18,2024-11-29,ADJ-4228
6911,1049,ladu,OUT,-15,2024-07-24,ORD-21247
6912,1140,pärnu,ADJUSTMENT,17,2024-09-16,ADJ-7204
6913,1187,ladu,OUT,-32,2024-11-17,ORD-13560
6914,1350,tallinn,IN,168,2024-12-12,PO-50232
6915,1235,tartu,IN,156,2025-01-07,PO-44439
6916,1152,pärnu,TRANSFER,-34,2024-05-12,TRANSFER-2537
6917,1183,ladu,IN,184,2025-02-25,PO-85191
6918,1152,tartu,ADJUSTMENT,19,2024-01-10,ADJ-7291
6919,1030,ladu,TRANSFER,-77,2024-02-27,TRANSFER-1309
6920,1263,ladu,OUT,-14,2024-05-25,ORD-33606
6921,1231,pärnu,OUT,-10,2024-08-26,ORD-66338
6922,1314,tallinn,IN,36,2024-07-23,PO-19481
6923,1189,ladu,TRANSFER,-78,2024-12-16,TRANSFER-3547
6924,1055,ladu,OUT,-7,2024-11-12,ORD-22469
6925,1169,tallinn,OUT,-28,2024-06-07,ORD-65170
6926,1038,tallinn,OUT,-24,2024-03-21,ORD-55797
6927,1314,ladu,TRANSFER,-12,2024-05-01,TRANSFER-7652
6928,1154,ladu,IN,113,2025-02-25,PO-42235
6929,1177,pärnu,ADJUSTMENT,-23,2024-05-12,ADJ-5527
6930,1193,ladu,OUT,-29,2024-12-05,ORD-56926
6931,1346,pärnu,OUT,-1,2024-11-30,ORD-22833
6932,1190,pärnu,IN,94,2024-11-17,PO-83675
6933,1057,pärnu,TRANSFER,100,2024-07-22,TRANSFER-5532
6934,1076,tallinn,IN,122,2025-02-17,PO-24358
6935,1037,ladu,IN,142,2024-09-22,PO-49253
6936,1255,tallinn,IN,164,2024-04-19,PO-79533
6937,1149,ladu,TRANSFER,98,2024-05-05,TRANSFER-8798
6938,1102,tallinn,IN,106,2024-09-29,PO-87154
6939,1140,tallinn,TRANSFER,-47,2024-06-08,TRANSFER-8085
6940,1232,tallinn,ADJUSTMENT,-17,2024-04-30,ADJ-7485
6941,1246,ladu,TRANSFER,-58,2024-11-20,TRANSFER-2840
6942,1249,tallinn,OUT,-2,2024-06-14,ORD-55770
6943,1314,tartu,IN,90,2025-01-08,PO-74227
6944,1125,ladu,IN,183,2024-01-30,PO-68193
6945,1268,tallinn,OUT,-35,2024-08-14,ORD-74704
6946,1206,tallinn,IN,199,2024-05-23,PO-89483
6947,1181,ladu,OUT,-2,2024-05-27,ORD-66786
6948,1210,tartu,TRANSFER,51,2024-09-15,TRANSFER-4707
6949,1222,pärnu,IN,65,2024-11-18,PO-93097
6950,1169,pärnu,OUT,-20,2024-06-20,ORD-10691
6951,1343,ladu,OUT,-22,2024-02-26,ORD-31018
6952,1168,tallinn,ADJUSTMENT,-15,2024-03-18,ADJ-4705
6953,1345,tallinn,OUT,-30,2025-02-24,ORD-19146
6954,1207,ladu,IN,72,2024-07-27,PO-83105
6955,1202,tartu,IN,117,2024-08-06,PO-62855
6956,1223,pärnu,IN,78,2024-09-16,PO-46784
6957,1005,tallinn,IN,114,2024-09-09,PO-13128
6958,1152,tartu,ADJUSTMENT,-2,2025-02-20,ADJ-5560
6959,1245,pärnu,ADJUSTMENT,-6,2024-09-05,ADJ-8606
6960,1200,tallinn,ADJUSTMENT,12,2025-01-08,ADJ-4846
6961,1326,pärnu,OUT,-31,2024-03-31,ORD-10029
6962,1213,pärnu,OUT,-7,2024-07-24,ORD-15102
6963,1034,tartu,TRANSFER,46,2024-02-22,TRANSFER-5233
6964,1133,pärnu,IN,52,2024-08-27,PO-78903
6965,1293,tartu,OUT,-1,2024-08-27,ORD-94387
6966,1099,tallinn,IN,34,2024-12-18,PO-77024
6967,1199,ladu,TRANSFER,-41,2024-04-08,TRANSFER-9092
6968,1267,tallinn,IN,126,2024-04-30,PO-94953
6969,1174,pärnu,TRANSFER,37,2024-10-19,TRANSFER-2097
6970,1100,ladu,IN,190,2024-01-19,PO-79582
6971,1017,tallinn,OUT,-39,2024-10-05,ORD-12806
6972,1147,tartu,OUT,-8,2024-03-31,ORD-80974
6973,1315,tallinn,OUT,-27,2024-04-07,ORD-57110
6974,1106,ladu,IN,105,2024-02-28,PO-47203
6975,1252,pärnu,OUT,-7,2024-02-12,ORD-81295
6976,1267,tallinn,IN,110,2024-03-19,PO-98246
6977,1038,tartu,TRANSFER,44,2024-03-10,TRANSFER-1352
6978,1192,pärnu,OUT,-38,2024-05-06,ORD-31389
6979,1254,ladu,ADJUSTMENT,-21,2024-03-04,ADJ-1442
6980,1087,pärnu,TRANSFER,-56,2024-02-16,TRANSFER-7014
6981,1159,tallinn,IN,175,2024-03-08,PO-94454
6982,1150,pärnu,TRANSFER,-15,2024-09-19,TRANSFER-4554
6983,1134,pärnu,TRANSFER,46,2025-02-06,TRANSFER-9147
6984,1069,ladu,IN,74,2024-11-29,PO-48605
6985,1030,ladu,OUT,-36,2025-02-01,ORD-14530
6986,1293,tartu,OUT,-18,2024-01-30,ORD-62778
6987,1124,tallinn,TRANSFER,76,2024-04-18,TRANSFER-5059
6988,1086,tartu,TRANSFER,-32,2024-10-26,TRANSFER-1303
6989,1131,ladu,TRANSFER,19,2024-09-21,TRANSFER-2372
6990,1325,tartu,TRANSFER,22,2024-05-05,TRANSFER-7567
6991,1208,tallinn,TRANSFER,49,2024-06-17,TRANSFER-9587
6992,1079,ladu,OUT,-43,2024-08-23,ORD-69573
6993,1118,pärnu,TRANSFER,75,2024-12-31,TRANSFER-8737
6994,1034,tallinn,OUT,-13,2024-04-26,ORD-87639
6995,1077,tallinn,OUT,-28,2024-02-22,ORD-16635
6996,1268,tallinn,OUT,-29,2024-12-29,ORD-13369
6997,1184,tartu,IN,76,2024-02-15,PO-76746
6998,1167,tallinn,TRANSFER,-68,2025-02-03,TRANSFER-2465
6999,1236,pärnu,OUT,-43,2024-03-31,ORD-80951
7000,1109,tallinn,OUT,-32,2024-10-13,ORD-86749
7001,1334,ladu,TRANSFER,-17,2024-09-11,TRANSFER-5537
7002,1268,tallinn,ADJUSTMENT,-8,2025-02-09,ADJ-5418
7003,1024,pärnu,TRANSFER,32,2024-07-04,TRANSFER-6630
7004,1223,tallinn,IN,6,2024-12-12,PO-54232
7005,1103,tallinn,ADJUSTMENT,-4,2024-01-28,ADJ-7166
7006,1056,pärnu,OUT,-33,2024-12-17,ORD-25866
7007,1046,tartu,OUT,-14,2024-07-10,ORD-34190
7008,1214,ladu,OUT,-36,2024-07-02,ORD-34962
7009,1281,tallinn,OUT,-48,2024-08-17,ORD-34375
7010,1141,tartu,OUT,-36,2024-04-28,ORD-52106
7011,1283,tallinn,IN,145,2025-01-27,PO-83036
7012,1013,ladu,OUT,-27,2024-10-03,ORD-92926
7013,1274,ladu,OUT,-23,2024-07-26,ORD-37175
7014,1067,tartu,IN,105,2024-06-14,PO-40922
7015,1291,pärnu,IN,36,2025-02-20,PO-90811
7016,1308,tartu,OUT,-38,2024-04-05,ORD-13621
7017,1116,tartu,OUT,-42,2024-10-01,ORD-17468
7018,1289,tartu,IN,56,2024-12-29,PO-93752
7019,1350,tartu,OUT,-26,2025-01-07,ORD-34681
7020,1289,tartu,ADJUSTMENT,-5,2024-08-17,ADJ-1897
7021,1025,tartu,OUT,-39,2025-01-19,ORD-50300
7022,1082,tallinn,IN,146,2025-02-23,PO-84170
7023,1197,pärnu,IN,119,2025-02-03,PO-83343
7024,1175,tartu,IN,178,2024-04-15,PO-61515
7025,1166,tartu,OUT,-47,2024-02-07,ORD-83649
7026,1070,ladu,OUT,-42,2024-05-13,ORD-49721
7027,1063,ladu,IN,65,2024-09-17,PO-43129
7028,1212,tallinn,OUT,-38,2024-12-19,ORD-98387
7029,1210,ladu,IN,98,2024-10-16,PO-67616
7030,1029,ladu,OUT,-10,2025-02-20,ORD-11349
7031,1028,tartu,ADJUSTMENT,-15,2024-11-12,ADJ-5416
7032,1021,ladu,IN,107,2024-12-10,PO-57308
7033,1094,tallinn,IN,37,2025-01-18,PO-74019
7034,1043,tallinn,OUT,-29,2024-04-03,ORD-49638
7035,1182,pärnu,TRANSFER,-98,2024-03-30,TRANSFER-3865
7036,1025,pärnu,OUT,-15,2024-07-29,ORD-47028
7037,1336,ladu,TRANSFER,20,2025-01-01,TRANSFER-7960
7038,1223,tallinn,TRANSFER,96,2024-11-06,TRANSFER-5058
7039,1068,tartu,OUT,-20,2024-02-26,ORD-44306
7040,1161,tallinn,IN,56,2024-07-20,PO-36094
7041,1274,tartu,IN,99,2024-05-30,PO-23839
7042,1079,tallinn,ADJUSTMENT,-7,2024-02-08,ADJ-1880
7043,1050,tallinn,OUT,-36,2024-09-19,ORD-87775
7044,1277,tallinn,IN,70,2024-11-16,PO-74119
7045,1297,tallinn,IN,83,2024-04-30,PO-35588
7046,1179,ladu,OUT,-22,2025-01-06,ORD-70499
7047,1111,pärnu,IN,13,2024-10-01,PO-36456
7048,1166,tallinn,OUT,-4,2024-12-25,ORD-80799
7049,1168,ladu,ADJUSTMENT,7,2024-12-04,ADJ-5109
7050,1291,tartu,IN,88,2024-10-30,PO-70036
7051,1047,ladu,OUT,-19,2025-02-14,ORD-88893
7052,1109,pärnu,TRANSFER,-1,2024-04-18,TRANSFER-9747
7053,1139,tartu,IN,52,2024-12-22,PO-71430
7054,1185,tartu,OUT,-14,2024-07-23,ORD-17416
7055,1265,tartu,TRANSFER,31,2024-11-30,TRANSFER-5494
7056,1288,tartu,IN,102,2024-09-16,PO-47101
7057,1150,tallinn,IN,191,2024-07-25,PO-96673
7058,1217,pärnu,TRANSFER,-78,2025-02-23,TRANSFER-7337
7059,1174,ladu,OUT,-17,2024-08-13,ORD-15646
7060,1121,ladu,IN,106,2024-12-13,PO-59890
7061,1230,tallinn,IN,185,2024-01-08,PO-66303
7062,1169,tartu,OUT,-41,2024-10-26,ORD-58786
7063,1119,pärnu,IN,168,2025-01-19,PO-56153
7064,1179,ladu,IN,171,2024-10-20,PO-24498
7065,1132,tallinn,OUT,-15,2025-01-08,ORD-36954
7066,1085,tartu,ADJUSTMENT,6,2024-09-29,ADJ-1048
7067,1337,pärnu,OUT,-17,2025-02-16,ORD-14137
7068,1147,ladu,TRANSFER,84,2024-12-21,TRANSFER-9522
7069,1172,tartu,OUT,-27,2024-09-04,ORD-85709
7070,1143,tallinn,ADJUSTMENT,18,2024-05-13,ADJ-7195
7071,1159,pärnu,TRANSFER,-60,2024-11-30,TRANSFER-5292
7072,1018,pärnu,OUT,-17,2024-09-05,ORD-94391
7073,1222,ladu,ADJUSTMENT,5,2024-03-27,ADJ-5597
7074,1182,pärnu,OUT,-20,2024-06-13,ORD-83588
7075,1140,tallinn,OUT,-42,2025-01-04,ORD-58894
7076,1234,pärnu,OUT,-49,2025-02-17,ORD-92807
7077,1184,tallinn,TRANSFER,49,2024-04-17,TRANSFER-8396
7078,1088,pärnu,OUT,-48,2024-12-18,ORD-16422
7079,1100,tallinn,OUT,-48,2024-08-21,ORD-62659
7080,1160,ladu,TRANSFER,-77,2024-11-17,TRANSFER-1535
7081,1329,pärnu,IN,39,2024-09-01,PO-85791
7082,1198,tartu,OUT,-26,2024-10-20,ORD-70978
7083,1118,tartu,IN,52,2024-12-12,PO-39191
7084,1335,tallinn,IN,52,2024-01-05,PO-96735
7085,1268,tallinn,ADJUSTMENT,7,2024-10-16,ADJ-2270
7086,1096,pärnu,OUT,-13,2024-07-29,ORD-32063
7087,1061,ladu,ADJUSTMENT,-28,2024-09-28,ADJ-2084
7088,1129,ladu,ADJUSTMENT,10,2024-01-23,ADJ-1078
7089,1064,ladu,OUT,-50,2024-04-29,ORD-59406
7090,1043,ladu,IN,179,2025-01-26,PO-13968
7091,1273,pärnu,IN,148,2024-12-01,PO-63677
7092,1201,tallinn,IN,76,2025-02-08,PO-26212
7093,1222,ladu,TRANSFER,-24,2024-11-16,TRANSFER-9935
7094,1179,ladu,IN,48,2024-08-16,PO-94242
7095,1173,tallinn,TRANSFER,83,2024-08-17,TRANSFER-5883
7096,1219,tartu,ADJUSTMENT,13,2024-01-03,ADJ-7689
7097,1265,tallinn,IN,56,2024-12-30,PO-26487
7098,1233,pärnu,IN,146,2024-08-09,PO-36635
7099,1312,tartu,OUT,-1,2024-01-11,ORD-50214
7100,1018,tartu,IN,150,2024-09-07,PO-23232
7101,1336,ladu,IN,110,2024-02-11,PO-82449
7102,1146,tallinn,IN,113,2024-11-05,PO-23951
7103,1022,tallinn,ADJUSTMENT,8,2024-08-24,ADJ-8222
7104,1134,tartu,IN,177,2024-12-19,PO-68881
7105,1035,ladu,IN,166,2024-02-03,PO-82835
7106,1167,tartu,IN,155,2025-02-07,PO-66696
7107,1012,pärnu,OUT,-44,2024-08-17,ORD-75734
7108,1346,tallinn,OUT,-4,2025-02-23,ORD-99259
7109,1198,ladu,TRANSFER,100,2025-02-12,TRANSFER-9557
7110,1088,tallinn,IN,25,2024-03-20,PO-40346
7111,1177,ladu,ADJUSTMENT,-2,2024-11-20,ADJ-1225
7112,1066,tartu,TRANSFER,-15,2024-09-07,TRANSFER-3484
7113,1015,tartu,IN,58,2024-01-03,PO-88951
7114,1319,tartu,ADJUSTMENT,17,2024-06-06,ADJ-7119
7115,1346,tallinn,IN,90,2024-09-13,PO-10196
7116,1332,tallinn,IN,110,2024-02-18,PO-11266
7117,1295,pärnu,IN,52,2025-01-13,PO-11328
7118,1148,tallinn,IN,188,2024-11-20,PO-54431
7119,1035,pärnu,OUT,-5,2024-06-04,ORD-90507
7120,1070,pärnu,OUT,-37,2024-08-16,ORD-67093
7121,1322,pärnu,TRANSFER,76,2024-01-25,TRANSFER-5269
7122,1344,tallinn,TRANSFER,-93,2024-09-13,TRANSFER-3018
7123,1003,pärnu,TRANSFER,-31,2024-07-10,TRANSFER-5638
7124,1088,tallinn,TRANSFER,42,2024-05-26,TRANSFER-7322
7125,1104,ladu,ADJUSTMENT,12,2025-01-11,ADJ-4445
7126,1075,tallinn,OUT,-29,2024-01-23,ORD-26477
7127,1191,tallinn,OUT,-31,2025-02-22,ORD-39967
7128,1244,tartu,ADJUSTMENT,-10,2024-07-28,ADJ-8969
7129,1131,tallinn,IN,120,2024-03-25,PO-73887
7130,1261,ladu,OUT,-33,2024-07-02,ORD-91774
7131,1160,pärnu,OUT,-45,2024-12-31,ORD-65778
7132,1083,ladu,OUT,-34,2025-01-26,ORD-84662
7133,1065,pärnu,ADJUSTMENT,24,2024-09-23,ADJ-7568
7134,1092,tallinn,OUT,-21,2024-07-19,ORD-30847
7135,1023,ladu,OUT,-15,2024-10-13,ORD-64670
7136,1069,tallinn,OUT,-49,2024-04-11,ORD-23581
7137,1219,pärnu,ADJUSTMENT,26,2024-02-10,ADJ-2767
7138,1156,tallinn,OUT,-2,2024-10-21,ORD-65291
7139,1252,tartu,IN,66,2025-02-22,PO-27948
7140,1238,tallinn,TRANSFER,59,2024-03-09,TRANSFER-9127
7141,1094,tallinn,OUT,-40,2024-09-19,ORD-48716
7142,1018,tallinn,IN,185,2024-06-28,PO-52015
7143,1300,tallinn,TRANSFER,21,2024-11-11,TRANSFER-8181
7144,1008,tartu,OUT,-49,2024-03-30,ORD-79182
7145,1270,pärnu,ADJUSTMENT,-27,2024-10-05,ADJ-1022
7146,1055,tartu,IN,56,2024-02-17,PO-55750
7147,1143,pärnu,IN,120,2025-02-18,PO-43753
7148,1185,tallinn,IN,199,2025-01-28,PO-24803
7149,1033,ladu,OUT,-13,2024-03-02,ORD-22482
7150,1026,tartu,OUT,-46,2024-04-25,ORD-69882
7151,1218,tartu,OUT,-33,2025-01-02,ORD-94718
7152,1215,tallinn,IN,39,2024-11-14,PO-91117
7153,1311,pärnu,TRANSFER,89,2024-09-29,TRANSFER-2906
7154,1083,tallinn,OUT,-2,2024-10-20,ORD-73072
7155,1320,pärnu,IN,60,2024-04-20,PO-36162
7156,1221,pärnu,ADJUSTMENT,-20,2024-05-31,ADJ-3349
7157,1311,tallinn,OUT,-5,2024-03-23,ORD-85677
7158,1274,ladu,IN,142,2025-02-11,PO-20417
7159,1071,ladu,IN,84,2024-02-12,PO-99834
7160,1173,pärnu,OUT,-1,2024-04-24,ORD-38249
7161,1276,tartu,TRANSFER,-32,2024-12-24,TRANSFER-9552
7162,1252,pärnu,TRANSFER,11,2024-05-05,TRANSFER-1339
7163,1262,tallinn,OUT,-15,2024-02-24,ORD-27115
7164,1132,pärnu,OUT,-35,2024-09-07,ORD-39405
7165,1280,tartu,TRANSFER,-78,2024-10-27,TRANSFER-1323
7166,1336,pärnu,OUT,-18,2024-06-03,ORD-85443
7167,1208,ladu,OUT,-47,2024-06-22,ORD-48872
7168,1131,ladu,OUT,-40,2024-05-21,ORD-68797
7169,1013,pärnu,IN,58,2024-01-21,PO-64496
7170,1240,pärnu,OUT,-14,2024-02-14,ORD-98009
7171,1186,pärnu,OUT,-46,2024-10-21,ORD-48236
7172,1050,ladu,OUT,-1,2025-01-20,ORD-57455
7173,1346,tartu,ADJUSTMENT,-3,2024-09-02,ADJ-1364
7174,1244,ladu,IN,168,2025-02-04,PO-12014
7175,1065,tartu,IN,54,2024-05-01,PO-87168
7176,1075,tartu,ADJUSTMENT,6,2024-10-04,ADJ-7096
7177,1050,pärnu,OUT,-48,2024-04-30,ORD-25696
7178,1191,tartu,OUT,-47,2024-05-11,ORD-30921
7179,1154,ladu,IN,72,2024-04-03,PO-67969
7180,1040,tartu,IN,148,2025-02-10,PO-22825
7181,1005,pärnu,IN,153,2024-05-01,PO-45973
7182,1208,tartu,IN,119,2024-04-12,PO-59077
7183,1261,tallinn,IN,85,2024-01-03,PO-17058
7184,1247,tartu,IN,127,2024-05-15,PO-14209
7185,1041,tartu,ADJUSTMENT,20,2024-10-31,ADJ-6980
7186,1240,tallinn,OUT,-36,2024-10-09,ORD-35511
7187,1236,pärnu,IN,62,2024-11-08,PO-75340
7188,1168,pärnu,IN,145,2024-05-14,PO-74992
7189,1124,ladu,OUT,-20,2024-05-30,ORD-53137
7190,1259,tallinn,IN,172,2024-06-02,PO-38427
7191,1281,tartu,IN,130,2024-04-12,PO-71227
7192,1103,tallinn,OUT,-50,2024-08-28,ORD-65509
7193,1155,ladu,IN,171,2024-10-17,PO-66376
7194,1114,pärnu,OUT,-24,2025-01-03,ORD-63715
7195,1243,pärnu,OUT,-12,2024-10-08,ORD-19024
7196,1113,pärnu,TRANSFER,4,2024-07-20,TRANSFER-3080
7197,1218,tallinn,OUT,-35,2024-05-08,ORD-97563
7198,1109,pärnu,ADJUSTMENT,-22,2024-07-05,ADJ-4031
7199,1273,tallinn,OUT,-11,2024-09-21,ORD-13032
7200,1289,tallinn,ADJUSTMENT,14,2024-01-11,ADJ-1312
7201,1084,ladu,TRANSFER,-59,2025-01-30,TRANSFER-2976
7202,1004,tartu,OUT,-29,2024-07-01,ORD-67816
7203,1219,tartu,TRANSFER,-85,2024-02-24,TRANSFER-7458
7204,1057,pärnu,ADJUSTMENT,-24,2024-10-15,ADJ-1489
7205,1209,tallinn,TRANSFER,11,2024-07-13,TRANSFER-2726
7206,1208,ladu,TRANSFER,25,2024-09-07,TRANSFER-3111
7207,1172,ladu,IN,184,2024-08-14,PO-81466
7208,1261,tallinn,TRANSFER,50,2024-06-28,TRANSFER-7046
7209,1285,pärnu,ADJUSTMENT,10,2024-10-28,ADJ-4936
7210,1302,tallinn,IN,88,2024-06-26,PO-51174
7211,1101,ladu,TRANSFER,66,2024-02-05,TRANSFER-1834
7212,1250,pärnu,IN,182,2024-11-01,PO-34491
7213,1262,pärnu,OUT,-26,2025-01-28,ORD-19390
7214,1187,tartu,OUT,-12,2024-04-26,ORD-26933
7215,1162,pärnu,IN,150,2024-07-13,PO-43174
7216,1170,ladu,IN,85,2024-03-10,PO-90858
7217,1086,tartu,OUT,-44,2024-06-04,ORD-11037
7218,1056,pärnu,IN,83,2024-08-08,PO-22342
7219,1025,ladu,OUT,-11,2024-01-07,ORD-54792
7220,1328,tallinn,IN,189,2024-12-22,PO-35895
7221,1147,tallinn,OUT,-44,2024-03-04,ORD-72371
7222,1138,pärnu,IN,124,2025-02-03,PO-98655
7223,1066,ladu,OUT,-45,2024-01-06,ORD-15557
7224,1145,ladu,IN,46,2024-11-02,PO-32625
7225,1170,pärnu,IN,23,2024-09-09,PO-59009
7226,1302,tartu,OUT,-4,2024-04-24,ORD-19211
7227,1011,tallinn,IN,56,2024-09-01,PO-85473
7228,1059,tallinn,IN,194,2024-05-02,PO-90239
7229,1322,tartu,ADJUSTMENT,-9,2024-02-14,ADJ-1281
7230,1128,ladu,OUT,-31,2024-11-19,ORD-29906
7231,1176,ladu,ADJUSTMENT,6,2024-03-03,ADJ-2577
7232,1156,tallinn,IN,156,2024-05-26,PO-44450
7233,1169,tallinn,IN,55,2024-06-08,PO-92365
7234,1166,pärnu,IN,159,2025-01-04,PO-22828
7235,1213,tartu,IN,168,2024-02-20,PO-24839
7236,1271,tartu,TRANSFER,18,2024-02-04,TRANSFER-1480
7237,1044,ladu,TRANSFER,59,2024-06-08,TRANSFER-4001
7238,1046,tallinn,TRANSFER,-43,2024-09-13,TRANSFER-8225
7239,1327,pärnu,TRANSFER,67,2024-05-09,TRANSFER-2925
7240,1166,tartu,OUT,-8,2024-08-10,ORD-24926
7241,1320,pärnu,IN,45,2024-07-10,PO-23339
7242,1229,pärnu,IN,101,2024-01-08,PO-47765
7243,1341,tartu,IN,9,2024-11-10,PO-80600
7244,1092,ladu,OUT,-14,2025-01-20,ORD-28272
7245,1136,tartu,IN,86,2024-08-07,PO-36582
7246,1340,tallinn,IN,6,2024-10-26,PO-15461
7247,1002,ladu,IN,196,2024-03-14,PO-76034
7248,1102,tartu,ADJUSTMENT,20,2024-07-29,ADJ-4918
7249,1042,ladu,IN,25,2024-05-03,PO-73165
7250,1232,ladu,TRANSFER,38,2025-02-14,TRANSFER-6671
7251,1263,tallinn,TRANSFER,63,2024-07-16,TRANSFER-9032
7252,1008,tallinn,OUT,-3,2024-09-27,ORD-26812
7253,1066,ladu,IN,164,2024-10-13,PO-52196
7254,1123,tallinn,IN,147,2024-12-02,PO-51443
7255,1267,tartu,IN,96,2024-01-04,PO-22855
7256,1049,pärnu,IN,89,2024-05-01,PO-13221
7257,1314,pärnu,OUT,-33,2024-12-12,ORD-83217
7258,1134,pärnu,OUT,-18,2024-12-12,ORD-75977
7259,1321,tartu,OUT,-12,2025-01-10,ORD-15997
7260,1147,tartu,TRANSFER,77,2024-05-07,TRANSFER-4261
7261,1241,pärnu,OUT,-21,2024-04-01,ORD-97594
7262,1116,pärnu,IN,137,2025-01-29,PO-66397
7263,1160,tartu,OUT,-38,2024-07-04,ORD-63401
7264,1187,tartu,OUT,-37,2024-03-09,ORD-42399
7265,1024,pärnu,IN,195,2024-04-26,PO-80507
7266,1079,tallinn,OUT,-14,2024-11-21,ORD-94716
7267,1123,tartu,OUT,-31,2024-08-24,ORD-68678
7268,1290,tallinn,TRANSFER,84,2024-03-26,TRANSFER-2402
7269,1271,tallinn,OUT,-40,2025-01-28,ORD-17374
7270,1059,ladu,IN,197,2024-11-10,PO-92669
7271,1256,tartu,IN,54,2024-12-19,PO-49488
7272,1193,tallinn,IN,47,2024-12-27,PO-36938
7273,1285,tallinn,IN,126,2024-07-29,PO-75353
7274,1236,pärnu,OUT,-19,2024-10-12,ORD-58493
7275,1164,pärnu,IN,168,2024-10-06,PO-59586
7276,1190,tallinn,OUT,-23,2024-11-27,ORD-74243
7277,1227,tallinn,IN,114,2024-04-01,PO-59837
7278,1174,ladu,IN,150,2024-07-08,PO-80771
7279,1338,ladu,OUT,-35,2024-03-17,ORD-82194
7280,1324,tartu,OUT,-18,2024-04-07,ORD-41075
7281,1012,ladu,OUT,-11,2024-07-19,ORD-32676
7282,1047,tallinn,OUT,-7,2024-02-04,ORD-89230
7283,1107,tallinn,OUT,-25,2024-03-11,ORD-43208
7284,1194,tallinn,TRANSFER,81,2024-02-08,TRANSFER-1416
7285,1257,tallinn,TRANSFER,-38,2024-01-28,TRANSFER-5247
7286,1009,ladu,TRANSFER,-22,2025-01-16,TRANSFER-5331
7287,1229,ladu,IN,158,2024-02-16,PO-24148
7288,1129,tallinn,TRANSFER,-87,2024-03-23,TRANSFER-4206
7289,1052,ladu,ADJUSTMENT,-18,2024-09-21,ADJ-5929
7290,1167,tartu,OUT,-48,2024-05-28,ORD-96712
7291,1146,tallinn,OUT,-4,2025-01-10,ORD-95806
7292,1044,tallinn,IN,52,2025-01-12,PO-41703
7293,1066,tallinn,IN,166,2024-04-23,PO-90749
7294,1315,pärnu,ADJUSTMENT,23,2024-01-31,ADJ-7551
7295,1300,ladu,IN,105,2024-04-08,PO-67533
7296,1302,tallinn,IN,131,2024-06-09,PO-95366
7297,1218,tallinn,IN,42,2024-02-10,PO-95126
7298,1267,pärnu,ADJUSTMENT,-29,2024-09-13,ADJ-1945
7299,1066,tallinn,IN,46,2024-09-05,PO-56559
7300,1267,tallinn,IN,114,2024-09-15,PO-33686
7301,1329,tartu,ADJUSTMENT,-6,2024-03-20,ADJ-5625
7302,1077,pärnu,OUT,-26,2024-03-21,ORD-53573
7303,1105,tartu,IN,187,2024-04-11,PO-34527
7304,1272,ladu,OUT,-35,2024-01-16,ORD-84878
7305,1127,ladu,IN,129,2024-02-18,PO-76296
7306,1139,tartu,IN,10,2024-12-16,PO-19059
7307,1329,pärnu,IN,150,2024-09-25,PO-32080
7308,1013,tallinn,ADJUSTMENT,-18,2024-07-03,ADJ-5759
7309,1028,ladu,OUT,-32,2024-11-04,ORD-80756
7310,1034,tartu,TRANSFER,-71,2025-02-16,TRANSFER-1319
7311,1148,tallinn,OUT,-30,2024-05-08,ORD-46170
7312,1199,pärnu,IN,181,2024-07-18,PO-55642
7313,1343,ladu,ADJUSTMENT,21,2024-11-13,ADJ-9663
7314,1044,ladu,IN,152,2024-07-11,PO-93027
7315,1205,tallinn,IN,104,2024-08-09,PO-80328
7316,1319,tartu,IN,148,2024-01-24,PO-56689
7317,1286,pärnu,IN,98,2024-01-02,PO-37388
7318,1271,ladu,OUT,-1,2024-12-11,ORD-64564
7319,1012,tartu,OUT,-23,2024-09-13,ORD-46444
7320,1254,tartu,OUT,-14,2024-04-27,ORD-57562
7321,1221,tartu,OUT,-20,2024-01-18,ORD-79869
7322,1161,ladu,IN,124,2024-06-06,PO-33060
7323,1107,pärnu,OUT,-50,2024-06-24,ORD-49776
7324,1220,tallinn,ADJUSTMENT,-12,2024-05-14,ADJ-3317
7325,1142,pärnu,IN,33,2024-01-03,PO-10211
7326,1200,ladu,OUT,-38,2024-03-24,ORD-13527
7327,1038,tartu,IN,95,2024-06-11,PO-88602
7328,1220,ladu,IN,197,2024-05-28,PO-84792
7329,1294,tallinn,IN,172,2024-03-04,PO-46757
7330,1053,pärnu,OUT,-46,2024-11-09,ORD-96870
7331,1073,ladu,IN,163,2024-01-12,PO-10411
7332,1235,ladu,OUT,-36,2024-05-27,ORD-60401
7333,1182,ladu,OUT,-43,2024-01-03,ORD-10127
7334,1213,ladu,OUT,-5,2024-02-23,ORD-51293
7335,1247,tallinn,OUT,-28,2024-04-22,ORD-67836
7336,1193,ladu,ADJUSTMENT,-1,2024-09-30,ADJ-9203
7337,1122,pärnu,IN,27,2024-07-05,PO-61557
7338,1335,ladu,ADJUSTMENT,7,2024-01-09,ADJ-9613
7339,1209,tartu,ADJUSTMENT,26,2024-01-14,ADJ-6524
7340,1044,ladu,ADJUSTMENT,27,2024-05-18,ADJ-2089
7341,1128,tartu,OUT,-36,2025-02-22,ORD-38305
7342,1049,tallinn,IN,142,2024-06-01,PO-89507
7343,1256,tartu,OUT,-29,2024-02-22,ORD-51902
7344,1120,ladu,IN,63,2024-10-20,PO-21381
7345,1075,ladu,IN,69,2024-07-16,PO-46179
7346,1326,ladu,IN,131,2025-01-10,PO-60021
7347,1085,pärnu,TRANSFER,14,2024-04-03,TRANSFER-1984
7348,1339,tallinn,IN,171,2024-05-27,PO-42930
7349,1111,tartu,IN,114,2024-04-19,PO-22584
7350,1076,pärnu,OUT,-43,2024-02-26,ORD-70122
7351,1190,tartu,IN,177,2024-09-09,PO-78386
7352,1176,ladu,OUT,-5,2024-06-23,ORD-75699
7353,1219,pärnu,IN,175,2024-11-23,PO-69171
7354,1122,ladu,IN,107,2024-01-05,PO-13283
7355,1133,tartu,OUT,-6,2024-03-04,ORD-33628
7356,1244,tartu,TRANSFER,-61,2024-02-26,TRANSFER-4948
7357,1147,tallinn,ADJUSTMENT,22,2024-02-11,ADJ-3029
7358,1335,tartu,IN,34,2024-02-20,PO-85294
7359,1208,pärnu,ADJUSTMENT,-4,2024-09-12,ADJ-3564
7360,1140,ladu,ADJUSTMENT,21,2024-12-01,ADJ-3744
7361,1003,ladu,IN,64,2024-09-15,PO-70251
7362,1019,ladu,OUT,-14,2025-01-22,ORD-27830
7363,1074,tartu,IN,55,2025-01-20,PO-74826
7364,1007,tartu,OUT,-37,2024-09-12,ORD-40970
7365,1286,ladu,OUT,-25,2024-08-11,ORD-88395
7366,1293,ladu,OUT,-33,2024-04-08,ORD-62432
7367,1090,tallinn,IN,19,2024-08-30,PO-36007
7368,1109,tallinn,IN,56,2024-05-24,PO-28284
7369,1294,pärnu,IN,32,2024-04-05,PO-88879
7370,1347,tartu,TRANSFER,-19,2024-07-03,TRANSFER-6869
7371,1161,tallinn,IN,46,2024-08-27,PO-52037
7372,1148,pärnu,IN,16,2024-01-09,PO-75421
7373,1155,ladu,OUT,-38,2024-02-27,ORD-13701
7374,1227,tallinn,OUT,-32,2024-05-25,ORD-17473
7375,1307,tartu,OUT,-11,2024-09-15,ORD-66029
7376,1079,tallinn,OUT,-32,2024-06-03,ORD-55171
7377,1204,tallinn,TRANSFER,-47,2024-07-15,TRANSFER-4988
7378,1136,tartu,OUT,-41,2024-08-20,ORD-36361
7379,1253,ladu,OUT,-22,2025-02-13,ORD-87638
7380,1194,ladu,IN,53,2024-06-02,PO-46907
7381,1140,pärnu,OUT,-26,2024-04-26,ORD-49832
7382,1164,pärnu,OUT,-45,2024-06-23,ORD-66360
7383,1208,tartu,OUT,-5,2024-03-30,ORD-32929
7384,1197,tartu,OUT,-1,2024-04-03,ORD-57930
7385,1135,ladu,OUT,-27,2024-12-21,ORD-13016
7386,1189,ladu,ADJUSTMENT,18,2024-07-04,ADJ-6189
7387,1186,tartu,IN,112,2024-04-02,PO-39018
7388,1220,tartu,OUT,-22,2024-05-29,ORD-56861
7389,1086,tallinn,OUT,-44,2024-09-06,ORD-83243
7390,1182,pärnu,OUT,-46,2024-12-21,ORD-88894
7391,1255,tallinn,OUT,-22,2024-03-04,ORD-51269
7392,1343,tallinn,OUT,-30,2024-09-10,ORD-16739
7393,1054,tallinn,ADJUSTMENT,29,2024-05-15,ADJ-2751
7394,1343,tartu,TRANSFER,59,2024-11-17,TRANSFER-8530
7395,1349,tartu,OUT,-22,2025-02-02,ORD-21814
7396,1141,ladu,OUT,-12,2025-01-13,ORD-71759
7397,1126,tartu,OUT,-18,2024-01-27,ORD-36473
7398,1181,ladu,OUT,-3,2024-04-21,ORD-62098
7399,1347,ladu,OUT,-1,2024-02-24,ORD-28687
7400,1235,tallinn,TRANSFER,29,2024-08-16,TRANSFER-7819
7401,1225,ladu,TRANSFER,-75,2024-09-13,TRANSFER-3512
7402,1256,ladu,ADJUSTMENT,-23,2025-01-12,ADJ-3856
7403,1051,tallinn,OUT,-46,2024-12-13,ORD-52595
7404,1217,tallinn,OUT,-7,2025-02-01,ORD-45936
7405,1157,ladu,OUT,-35,2024-12-31,ORD-83046
7406,1295,pärnu,IN,123,2024-12-07,PO-46139
7407,1248,ladu,OUT,-13,2024-06-27,ORD-20442
7408,1241,tallinn,OUT,-3,2024-02-10,ORD-89963
7409,1312,ladu,IN,102,2024-01-17,PO-30465
7410,1277,tartu,TRANSFER,-30,2024-07-12,TRANSFER-1108
7411,1206,tallinn,OUT,-18,2024-11-16,ORD-11710
7412,1155,tallinn,IN,100,2024-09-09,PO-21882
7413,1034,pärnu,OUT,-14,2025-01-17,ORD-22097
7414,1286,tartu,IN,145,2024-07-16,PO-87436
7415,1187,tallinn,TRANSFER,34,2024-12-03,TRANSFER-2384
7416,1131,tallinn,ADJUSTMENT,13,2024-11-28,ADJ-2986
7417,1211,tallinn,ADJUSTMENT,-7,2024-03-09,ADJ-4274
7418,1164,pärnu,IN,27,2024-11-11,PO-45606
7419,1112,pärnu,IN,187,2024-07-08,PO-55475
7420,1231,pärnu,OUT,-9,2024-01-02,ORD-76820
7421,1018,tartu,OUT,-22,2024-10-25,ORD-35211
7422,1199,tartu,OUT,-4,2024-10-01,ORD-94452
7423,1196,tallinn,IN,128,2024-11-20,PO-49795
7424,1226,tartu,IN,199,2024-12-30,PO-57207
7425,1104,pärnu,IN,9,2024-02-24,PO-97443
7426,1182,tallinn,OUT,-7,2024-01-16,ORD-97195
7427,1054,ladu,OUT,-37,2024-06-11,ORD-82993
7428,1150,tartu,IN,186,2024-02-09,PO-37573
7429,1135,tallinn,IN,200,2024-10-08,PO-82450
7430,1093,tallinn,OUT,-44,2024-11-11,ORD-86278
7431,1097,ladu,OUT,-9,2024-10-12,ORD-87463
7432,1301,pärnu,OUT,-10,2024-09-04,ORD-67003
7433,1074,ladu,ADJUSTMENT,15,2024-11-08,ADJ-2371
7434,1191,tartu,IN,80,2025-01-15,PO-12050
7435,1097,ladu,OUT,-42,2024-07-12,ORD-71516
7436,1263,tartu,IN,49,2024-07-08,PO-53565
7437,1065,tartu,ADJUSTMENT,-17,2024-03-13,ADJ-7932
7438,1066,pärnu,ADJUSTMENT,-16,2024-10-03,ADJ-1759
7439,1209,tartu,IN,88,2024-01-17,PO-23872
7440,1299,ladu,OUT,-35,2024-07-04,ORD-81469
7441,1049,ladu,OUT,-11,2024-08-16,ORD-42249
7442,1343,tartu,IN,189,2024-09-21,PO-30525
7443,1219,pärnu,OUT,-4,2024-10-12,ORD-85813
7444,1079,pärnu,TRANSFER,-28,2024-09-30,TRANSFER-1307
7445,1137,tartu,OUT,-10,2024-06-26,ORD-16607
7446,1238,tallinn,OUT,-39,2024-04-13,ORD-21312
7447,1142,tallinn,OUT,-14,2025-01-18,ORD-47843
7448,1119,pärnu,OUT,-48,2024-03-04,ORD-98061
7449,1046,tallinn,OUT,-30,2024-03-28,ORD-19353
7450,1193,ladu,IN,17,2024-10-18,PO-33147
7451,1244,tallinn,IN,75,2024-02-22,PO-27392
7452,1340,tartu,IN,34,2024-08-25,PO-89103
7453,1143,tartu,ADJUSTMENT,12,2024-01-10,ADJ-7151
7454,1161,pärnu,OUT,-27,2024-05-19,ORD-61240
7455,1052,ladu,OUT,-31,2025-01-27,ORD-80327
7456,1022,ladu,IN,114,2024-01-28,PO-19364
7457,1201,tartu,OUT,-37,2024-02-11,ORD-11295
7458,1274,tartu,OUT,-33,2024-06-29,ORD-24307
7459,1118,tartu,OUT,-31,2024-04-13,ORD-80357
7460,1113,tartu,IN,178,2024-05-20,PO-36802
7461,1310,ladu,ADJUSTMENT,28,2025-02-21,ADJ-6518
7462,1151,tartu,OUT,-19,2025-01-25,ORD-58001
7463,1090,ladu,IN,49,2024-05-16,PO-47974
7464,1035,tallinn,IN,99,2024-04-04,PO-56786
7465,1228,ladu,IN,156,2025-01-30,PO-40050
7466,1101,ladu,IN,105,2024-05-21,PO-57749
7467,1302,tallinn,IN,185,2024-09-08,PO-61236
7468,1328,tartu,ADJUSTMENT,20,2024-02-11,ADJ-8803
7469,1267,tartu,IN,49,2024-07-14,PO-16524
7470,1087,pärnu,TRANSFER,-42,2024-01-17,TRANSFER-9006
7471,1278,tallinn,OUT,-20,2024-01-11,ORD-42804
7472,1217,tallinn,OUT,-20,2024-10-10,ORD-49817
7473,1291,tallinn,OUT,-10,2024-04-22,ORD-90859
7474,1279,tallinn,OUT,-5,2025-01-09,ORD-69691
7475,1153,ladu,IN,103,2024-09-16,PO-79033
7476,1082,ladu,OUT,-27,2024-06-15,ORD-15802
7477,1043,tallinn,OUT,-25,2024-02-15,ORD-12450
7478,1039,pärnu,IN,62,2024-05-17,PO-69033
7479,1102,tartu,OUT,-41,2025-01-24,ORD-16061
7480,1192,ladu,TRANSFER,28,2024-12-18,TRANSFER-9841
7481,1175,ladu,OUT,-2,2025-01-01,ORD-55757
7482,1004,pärnu,ADJUSTMENT,15,2024-12-17,ADJ-6087
7483,1218,ladu,ADJUSTMENT,-18,2024-05-04,ADJ-7986
7484,1101,pärnu,TRANSFER,2,2024-11-14,TRANSFER-7070
7485,1126,pärnu,ADJUSTMENT,8,2024-01-03,ADJ-2790
7486,1123,tartu,ADJUSTMENT,12,2024-05-07,ADJ-7429
7487,1104,tallinn,OUT,-47,2024-09-10,ORD-84407
7488,1240,pärnu,TRANSFER,-75,2025-01-31,TRANSFER-4577
7489,1076,pärnu,IN,149,2025-01-29,PO-74971
7490,1027,ladu,IN,99,2024-12-28,PO-21514
7491,1313,tallinn,OUT,-14,2024-03-12,ORD-22414
7492,1177,tallinn,TRANSFER,-49,2024-11-01,TRANSFER-4475
7493,1122,ladu,TRANSFER,15,2024-09-11,TRANSFER-3119
7494,1040,ladu,IN,117,2024-07-05,PO-83592
7495,1182,tallinn,ADJUSTMENT,-23,2024-11-20,ADJ-1992
7496,1319,tartu,IN,98,2024-10-10,PO-71701
7497,1021,tallinn,IN,82,2024-06-27,PO-29631
7498,1307,tallinn,TRANSFER,-82,2024-06-07,TRANSFER-2559
7499,1031,ladu,OUT,-46,2024-01-04,ORD-51189
7500,1273,tallinn,TRANSFER,8,2024-07-30,TRANSFER-7797
7501,1133,ladu,IN,128,2024-11-04,PO-70214
7502,1056,ladu,TRANSFER,30,2024-12-06,TRANSFER-7242
7503,1162,tartu,IN,58,2025-01-05,PO-54663
7504,1059,pärnu,TRANSFER,97,2024-01-31,TRANSFER-4453
7505,1302,ladu,IN,95,2024-03-20,PO-37170
7506,1207,ladu,IN,161,2024-12-24,PO-53741
7507,1178,tallinn,IN,133,2024-12-09,PO-21149
7508,1184,ladu,IN,125,2025-01-20,PO-83619
7509,1307,tallinn,OUT,-7,2024-03-22,ORD-93940
7510,1049,pärnu,IN,119,2024-08-23,PO-14844
7511,1180,ladu,IN,61,2024-10-26,PO-43466
7512,1216,ladu,ADJUSTMENT,30,2025-01-09,ADJ-9022
7513,1026,pärnu,OUT,-38,2024-08-06,ORD-90032
7514,1248,tartu,IN,149,2024-06-28,PO-46909
7515,1268,pärnu,IN,100,2024-01-19,PO-14090
7516,1224,tartu,IN,192,2024-07-28,PO-16746
7517,1119,tartu,TRANSFER,13,2025-01-25,TRANSFER-2656
7518,1019,tartu,ADJUSTMENT,25,2024-08-11,ADJ-1322
7519,1182,tallinn,IN,85,2024-11-11,PO-70857
7520,1126,tallinn,IN,118,2024-03-18,PO-38150
7521,1342,ladu,IN,113,2025-01-19,PO-79646
7522,1095,tallinn,ADJUSTMENT,15,2024-06-13,ADJ-5891
7523,1335,ladu,OUT,-27,2024-05-13,ORD-49945
7524,1253,pärnu,OUT,-13,2024-05-12,ORD-16280
7525,1259,pärnu,OUT,-3,2024-07-30,ORD-53094
7526,1103,tallinn,ADJUSTMENT,-8,2024-11-19,ADJ-5644
7527,1162,tartu,OUT,-35,2024-12-02,ORD-80773
7528,1047,pärnu,IN,58,2025-01-30,PO-50188
7529,1320,tartu,OUT,-42,2024-10-02,ORD-14775
7530,1149,tartu,IN,8,2025-02-08,PO-13253
7531,1080,pärnu,IN,154,2024-10-27,PO-15347
7532,1053,pärnu,IN,100,2024-07-22,PO-69273
7533,1350,tallinn,OUT,-29,2025-02-18,ORD-94578
7534,1100,ladu,ADJUSTMENT,-12,2024-09-25,ADJ-4371
7535,1175,ladu,IN,36,2024-06-09,PO-35631
7536,1006,pärnu,TRANSFER,-51,2024-09-02,TRANSFER-2866
7537,1189,ladu,OUT,-48,2024-11-08,ORD-29991
7538,1227,pärnu,IN,136,2024-06-15,PO-93130
7539,1044,tallinn,IN,8,2024-02-11,PO-50534
7540,1284,tallinn,OUT,-20,2025-02-17,ORD-42764
7541,1222,tartu,OUT,-8,2024-02-21,ORD-34307
7542,1136,tartu,TRANSFER,16,2024-03-21,TRANSFER-5921
7543,1335,tartu,TRANSFER,87,2025-01-31,TRANSFER-6641
7544,1276,pärnu,OUT,-19,2024-11-02,ORD-85671
7545,1255,tartu,OUT,-19,2024-05-24,ORD-39057
7546,1228,ladu,IN,70,2024-02-06,PO-41881
7547,1006,tartu,IN,131,2025-02-27,PO-72455
7548,1229,tallinn,OUT,-38,2024-04-04,ORD-61646
7549,1087,ladu,IN,198,2024-06-12,PO-45585
7550,1278,tallinn,IN,90,2024-06-20,PO-16273
7551,1081,pärnu,IN,119,2024-06-10,PO-60744
7552,1231,tallinn,IN,50,2024-05-04,PO-59346
7553,1260,ladu,IN,60,2024-04-19,PO-63978
7554,1229,ladu,OUT,-15,2024-08-21,ORD-41293
7555,1098,tartu,IN,117,2024-02-23,PO-23020
7556,1329,ladu,ADJUSTMENT,20,2024-07-23,ADJ-7278
7557,1274,tartu,TRANSFER,-46,2024-05-27,TRANSFER-9726
7558,1017,pärnu,OUT,-20,2024-12-25,ORD-30557
7559,1286,ladu,OUT,-29,2024-05-28,ORD-19104
7560,1047,ladu,OUT,-19,2024-08-10,ORD-64303
7561,1046,tallinn,OUT,-21,2024-11-25,ORD-76511
7562,1206,tallinn,IN,103,2024-03-07,PO-28746
7563,1046,tartu,TRANSFER,7,2024-12-11,TRANSFER-8602
7564,1270,tallinn,TRANSFER,-80,2024-07-21,TRANSFER-3544
7565,1222,ladu,IN,30,2024-01-27,PO-77794
7566,1070,tallinn,OUT,-34,2024-01-31,ORD-79458
7567,1297,ladu,OUT,-32,2024-04-01,ORD-12058
7568,1051,tallinn,ADJUSTMENT,16,2024-11-10,ADJ-7729
7569,1139,ladu,IN,175,2025-01-10,PO-50927
7570,1152,tartu,ADJUSTMENT,7,2024-04-19,ADJ-8638
7571,1070,tartu,OUT,-17,2024-11-09,ORD-55921
7572,1311,tartu,IN,190,2024-02-23,PO-95514
7573,1272,tartu,TRANSFER,-41,2024-10-20,TRANSFER-5342
7574,1018,pärnu,ADJUSTMENT,7,2024-02-09,ADJ-9375
7575,1341,tallinn,IN,109,2025-01-09,PO-73719
7576,1292,pärnu,IN,9,2024-10-27,PO-60380
7577,1245,tallinn,TRANSFER,-19,2024-12-09,TRANSFER-1007
7578,1030,tallinn,OUT,-10,2024-04-20,ORD-70518
7579,1150,ladu,IN,168,2024-06-05,PO-23052
7580,1345,pärnu,TRANSFER,-73,2024-12-09,TRANSFER-5103
7581,1177,ladu,OUT,-27,2024-12-15,ORD-47258
7582,1328,ladu,OUT,-45,2024-12-18,ORD-61335
7583,1044,ladu,TRANSFER,47,2024-08-25,TRANSFER-9769
7584,1148,ladu,IN,36,2025-01-01,PO-69100
7585,1189,tallinn,TRANSFER,21,2024-11-17,TRANSFER-2551
7586,1214,tallinn,IN,162,2024-12-18,PO-37342
7587,1160,tartu,IN,73,2024-11-05,PO-62128
7588,1056,tartu,OUT,-18,2025-01-02,ORD-80289
7589,1292,ladu,OUT,-18,2025-01-14,ORD-68032
7590,1007,tallinn,OUT,-35,2025-01-22,ORD-22633
7591,1319,ladu,IN,34,2024-10-14,PO-56723
7592,1190,tartu,OUT,-12,2024-06-18,ORD-27086
7593,1286,tartu,TRANSFER,41,2024-06-26,TRANSFER-2904
7594,1277,pärnu,IN,199,2025-01-02,PO-36795
7595,1186,tartu,IN,99,2024-08-11,PO-11611
7596,1022,tallinn,OUT,-28,2024-12-17,ORD-97053
7597,1067,tallinn,TRANSFER,-29,2024-11-29,TRANSFER-1334
7598,1137,pärnu,OUT,-32,2024-07-08,ORD-63424
7599,1303,pärnu,IN,90,2024-06-25,PO-21770
7600,1114,ladu,IN,62,2024-05-18,PO-15809
7601,1295,ladu,OUT,-13,2024-09-29,ORD-34005
7602,1061,pärnu,IN,175,2024-04-12,PO-25806
7603,1290,tallinn,TRANSFER,4,2024-10-01,TRANSFER-5164
7604,1333,ladu,OUT,-23,2025-02-25,ORD-19201
7605,1018,tallinn,ADJUSTMENT,-23,2024-06-14,ADJ-7101
7606,1033,tartu,IN,50,2024-01-20,PO-93263
7607,1244,tartu,IN,23,2024-10-20,PO-22907
7608,1169,tallinn,IN,176,2024-08-27,PO-19046
7609,1134,pärnu,OUT,-18,2024-02-17,ORD-36799
7610,1182,tallinn,OUT,-38,2024-08-03,ORD-87354
7611,1077,ladu,IN,167,2024-02-26,PO-10805
7612,1207,tartu,OUT,-17,2024-04-02,ORD-64225
7613,1308,pärnu,OUT,-8,2024-05-16,ORD-84293
7614,1254,ladu,IN,29,2024-06-14,PO-21726
7615,1059,pärnu,IN,91,2024-03-17,PO-91042
7616,1140,pärnu,IN,185,2024-06-09,PO-60557
7617,1135,pärnu,IN,98,2024-10-09,PO-78427
7618,1019,ladu,TRANSFER,-1,2024-07-24,TRANSFER-9955
7619,1235,tartu,ADJUSTMENT,21,2024-12-18,ADJ-6317
7620,1250,ladu,TRANSFER,-77,2024-05-09,TRANSFER-7848
7621,1021,ladu,IN,6,2024-07-05,PO-15445
7622,1298,ladu,OUT,-48,2025-01-07,ORD-74334
7623,1040,tallinn,ADJUSTMENT,-17,2024-04-17,ADJ-3526
7624,1221,pärnu,IN,148,2024-07-29,PO-49965
7625,1155,tartu,IN,183,2024-06-12,PO-68104
7626,1206,pärnu,IN,117,2024-04-22,PO-70791
7627,1059,tallinn,IN,176,2024-11-01,PO-97658
7628,1034,pärnu,IN,148,2024-03-15,PO-57940
7629,1106,ladu,OUT,-37,2024-11-08,ORD-40647
7630,1255,tallinn,OUT,-4,2024-03-17,ORD-26137
7631,1186,pärnu,ADJUSTMENT,-4,2024-03-09,ADJ-6904
7632,1211,pärnu,IN,104,2024-08-21,PO-48498
7633,1206,tallinn,OUT,-39,2024-07-28,ORD-60416
7634,1025,ladu,OUT,-9,2025-02-17,ORD-57871
7635,1269,tartu,OUT,-8,2024-01-06,ORD-94946
7636,1158,tartu,OUT,-32,2024-09-07,ORD-69892
7637,1224,ladu,OUT,-17,2024-09-12,ORD-78631
7638,1162,ladu,OUT,-1,2024-05-27,ORD-29068
7639,1148,ladu,OUT,-11,2024-12-12,ORD-38865
7640,1314,tallinn,OUT,-8,2024-04-09,ORD-67259
7641,1344,pärnu,IN,28,2024-08-06,PO-66708
7642,1237,pärnu,ADJUSTMENT,-24,2024-04-01,ADJ-7466
7643,1053,ladu,TRANSFER,72,2024-01-10,TRANSFER-7639
7644,1065,ladu,IN,73,2024-10-17,PO-96434
7645,1318,tartu,OUT,-14,2024-08-13,ORD-62850
7646,1074,ladu,ADJUSTMENT,6,2024-07-03,ADJ-3983
7647,1096,tallinn,IN,155,2024-02-17,PO-55173
7648,1235,ladu,TRANSFER,-39,2025-02-11,TRANSFER-9431
7649,1136,ladu,IN,110,2024-04-08,PO-40492
7650,1160,ladu,IN,24,2024-06-05,PO-99704
7651,1073,ladu,OUT,-43,2024-03-07,ORD-94366
7652,1018,pärnu,TRANSFER,91,2024-04-10,TRANSFER-3058
7653,1046,tartu,OUT,-6,2024-07-19,ORD-81345
7654,1210,ladu,IN,112,2024-12-03,PO-46244
7655,1172,tartu,TRANSFER,83,2024-12-19,TRANSFER-4130
7656,1130,ladu,IN,126,2024-08-18,PO-50477
7657,1344,tallinn,OUT,-31,2024-04-12,ORD-10290
7658,1171,pärnu,OUT,-25,2024-10-07,ORD-82692
7659,1119,pärnu,TRANSFER,-21,2024-09-22,TRANSFER-4627
7660,1122,pärnu,IN,6,2024-01-19,PO-68703
7661,1137,pärnu,OUT,-23,2024-09-27,ORD-11975
7662,1013,ladu,OUT,-18,2024-08-19,ORD-50407
7663,1022,tallinn,IN,54,2024-04-21,PO-69981
7664,1090,tallinn,OUT,-33,2025-02-09,ORD-10004
7665,1144,tartu,TRANSFER,-64,2024-10-16,TRANSFER-9262
7666,1246,tartu,OUT,-8,2024-08-26,ORD-32775
7667,1292,tartu,TRANSFER,-52,2024-05-17,TRANSFER-9984
7668,1098,ladu,OUT,-10,2024-06-09,ORD-42602
7669,1211,ladu,IN,145,2025-01-12,PO-17809
7670,1124,tartu,TRANSFER,-91,2025-02-13,TRANSFER-5983
7671,1124,tartu,OUT,-16,2024-12-13,ORD-19373
7672,1009,pärnu,IN,161,2024-05-14,PO-60026
7673,1316,ladu,IN,36,2024-01-28,PO-24357
7674,1062,tartu,IN,75,2025-01-09,PO-30675
7675,1263,tartu,OUT,-22,2024-01-19,ORD-79734
7676,1274,tallinn,IN,84,2024-10-20,PO-55104
7677,1204,tartu,ADJUSTMENT,-23,2024-06-15,ADJ-7326
7678,1222,pärnu,OUT,-23,2024-02-29,ORD-48332
7679,1031,pärnu,OUT,-46,2024-10-22,ORD-30924
7680,1125,tallinn,OUT,-5,2024-04-12,ORD-55232
7681,1183,ladu,OUT,-26,2025-02-12,ORD-99516
7682,1192,tartu,TRANSFER,-71,2024-11-06,TRANSFER-1883
7683,1237,pärnu,OUT,-19,2025-02-26,ORD-65608
7684,1149,tallinn,OUT,-29,2025-02-12,ORD-54255
7685,1328,pärnu,OUT,-9,2024-04-22,ORD-63343
7686,1231,ladu,ADJUSTMENT,24,2024-10-10,ADJ-9818
7687,1196,pärnu,IN,59,2024-07-29,PO-14593
7688,1084,pärnu,IN,44,2024-11-11,PO-52390
7689,1114,ladu,OUT,-49,2024-02-26,ORD-71602
7690,1029,pärnu,IN,195,2024-04-09,PO-69853
7691,1088,pärnu,OUT,-21,2024-06-19,ORD-62843
7692,1187,pärnu,OUT,-3,2024-11-18,ORD-76075
7693,1080,pärnu,OUT,-33,2024-02-02,ORD-63816
7694,1347,tartu,OUT,-32,2024-05-26,ORD-73204
7695,1294,tartu,OUT,-24,2024-07-16,ORD-11507
7696,1242,ladu,OUT,-16,2024-10-29,ORD-82800
7697,1326,tartu,OUT,-25,2024-03-11,ORD-51243
7698,1006,pärnu,OUT,-12,2024-05-18,ORD-43290
7699,1099,tallinn,OUT,-15,2024-05-11,ORD-91114
7700,1224,pärnu,IN,64,2024-09-11,PO-29232
7701,1198,pärnu,OUT,-43,2024-04-29,ORD-48992
7702,1029,ladu,TRANSFER,-22,2024-05-28,TRANSFER-6461
7703,1129,ladu,OUT,-20,2024-12-02,ORD-26210
7704,1336,tallinn,IN,82,2024-04-14,PO-79844
7705,1200,pärnu,IN,182,2024-06-04,PO-63059
7706,1012,tartu,OUT,-18,2024-05-11,ORD-51749
7707,1249,ladu,IN,40,2024-05-23,PO-38735
7708,1159,tartu,IN,92,2024-06-15,PO-62213
7709,1290,ladu,OUT,-50,2024-06-08,ORD-31646
7710,1202,tallinn,TRANSFER,69,2024-11-25,TRANSFER-8878
7711,1041,pärnu,TRANSFER,83,2024-01-19,TRANSFER-1737
7712,1249,ladu,ADJUSTMENT,-9,2024-05-16,ADJ-6502
7713,1305,tallinn,OUT,-32,2024-08-29,ORD-50258
7714,1098,tartu,IN,168,2024-04-24,PO-65154
7715,1218,ladu,IN,9,2024-12-05,PO-72918
7716,1233,tartu,OUT,-13,2024-06-18,ORD-22106
7717,1089,ladu,OUT,-19,2024-10-19,ORD-75226
7718,1079,tartu,OUT,-9,2024-06-22,ORD-45453
7719,1108,tallinn,IN,168,2024-06-25,PO-43615
7720,1114,tallinn,TRANSFER,-54,2024-01-01,TRANSFER-3224
7721,1334,tallinn,OUT,-50,2024-08-15,ORD-99873
7722,1288,ladu,IN,34,2024-07-25,PO-17958
7723,1168,tartu,OUT,-2,2024-11-28,ORD-51262
7724,1277,tartu,OUT,-47,2024-10-11,ORD-87166
7725,1282,tallinn,TRANSFER,-79,2024-11-25,TRANSFER-1786
7726,1256,pärnu,OUT,-25,2024-07-05,ORD-45143
7727,1080,pärnu,IN,39,2024-07-02,PO-37373
7728,1311,pärnu,IN,154,2024-07-05,PO-49052
7729,1048,tallinn,OUT,-16,2024-08-14,ORD-89607
7730,1240,pärnu,IN,16,2024-04-04,PO-66672
7731,1211,ladu,IN,189,2024-02-08,PO-61126
7732,1308,pärnu,IN,199,2024-02-15,PO-85085
7733,1076,pärnu,OUT,-40,2024-04-03,ORD-92575
7734,1308,tartu,IN,141,2024-06-27,PO-71261
7735,1261,tallinn,IN,142,2024-10-04,PO-85383
7736,1248,tartu,TRANSFER,-63,2024-08-09,TRANSFER-7778
7737,1183,tartu,OUT,-19,2024-04-27,ORD-10144
7738,1072,tartu,IN,194,2024-05-07,PO-23216
7739,1154,tartu,IN,115,2024-01-02,PO-64232
7740,1119,tartu,OUT,-6,2024-06-28,ORD-62626
7741,1229,ladu,IN,31,2024-04-03,PO-42879
7742,1063,tartu,OUT,-19,2025-01-11,ORD-75573
7743,1327,tartu,IN,118,2024-04-14,PO-67795
7744,1201,pärnu,OUT,-32,2024-06-27,ORD-64100
7745,1188,tartu,OUT,-3,2024-11-01,ORD-13719
7746,1343,ladu,OUT,-38,2024-07-16,ORD-94214
7747,1143,ladu,IN,48,2024-08-07,PO-73090
7748,1103,tallinn,ADJUSTMENT,5,2024-08-15,ADJ-7382
7749,1160,tartu,IN,108,2024-05-09,PO-94462
7750,1259,ladu,TRANSFER,52,2024-08-02,TRANSFER-8043
7751,1060,ladu,OUT,-19,2024-08-23,ORD-82706
7752,1122,ladu,TRANSFER,9,2024-09-18,TRANSFER-9949
7753,1340,tartu,TRANSFER,99,2024-12-26,TRANSFER-2067
7754,1077,pärnu,IN,81,2024-01-10,PO-98577
7755,1258,tallinn,ADJUSTMENT,23,2024-01-13,ADJ-3832
7756,1275,ladu,IN,59,2024-09-06,PO-95647
7757,1194,pärnu,OUT,-13,2024-01-01,ORD-74450
7758,1141,ladu,OUT,-6,2024-01-27,ORD-64280
7759,1150,ladu,OUT,-41,2025-01-31,ORD-48723
7760,1265,tallinn,TRANSFER,1,2025-02-05,TRANSFER-9271
7761,1099,tartu,OUT,-5,2024-09-10,ORD-66149
7762,1088,ladu,OUT,-17,2025-01-22,ORD-61113
7763,1166,tartu,OUT,-25,2024-03-23,ORD-53347
7764,1168,pärnu,IN,198,2024-05-06,PO-28185
7765,1224,tallinn,ADJUSTMENT,-7,2025-01-25,ADJ-7094
7766,1183,tallinn,TRANSFER,-20,2024-02-26,TRANSFER-8283
7767,1276,ladu,IN,33,2024-01-13,PO-91416
7768,1025,tallinn,IN,33,2024-07-17,PO-67596
7769,1277,ladu,OUT,-17,2025-02-01,ORD-85077
7770,1124,ladu,IN,119,2024-07-23,PO-22618
7771,1084,ladu,ADJUSTMENT,6,2024-11-22,ADJ-5128
7772,1272,tallinn,OUT,-12,2024-05-20,ORD-96367
7773,1281,ladu,TRANSFER,44,2024-11-26,TRANSFER-8408
7774,1234,ladu,TRANSFER,39,2024-01-06,TRANSFER-9503
7775,1176,tartu,OUT,-32,2024-07-02,ORD-33858
7776,1222,tallinn,OUT,-17,2024-05-02,ORD-35280
7777,1207,pärnu,IN,94,2024-02-05,PO-20963
7778,1283,tartu,IN,178,2024-08-21,PO-63250
7779,1208,ladu,OUT,-21,2024-06-08,ORD-68426
7780,1184,ladu,TRANSFER,52,2024-10-20,TRANSFER-9075
7781,1248,ladu,OUT,-11,2025-01-19,ORD-14581
7782,1145,pärnu,IN,129,2024-04-11,PO-98020
7783,1339,ladu,TRANSFER,50,2024-09-21,TRANSFER-7367
7784,1023,tartu,TRANSFER,53,2025-01-16,TRANSFER-5200
7785,1233,pärnu,OUT,-26,2024-04-04,ORD-22432
7786,1111,pärnu,OUT,-49,2025-02-22,ORD-74872
7787,1284,tartu,OUT,-5,2024-07-08,ORD-77553
7788,1285,tallinn,IN,178,2024-08-14,PO-26808
7789,1297,tallinn,IN,91,2024-08-08,PO-88223
7790,1098,ladu,IN,52,2024-07-31,PO-40175
7791,1224,tallinn,OUT,-13,2025-02-28,ORD-69560
7792,1006,tallinn,OUT,-29,2024-11-28,ORD-68619
7793,1071,pärnu,OUT,-35,2024-05-31,ORD-55830
7794,1349,tallinn,OUT,-26,2024-06-19,ORD-39708
7795,1227,tartu,IN,123,2024-04-13,PO-39335
7796,1059,ladu,OUT,-33,2024-03-25,ORD-72265
7797,1251,tallinn,TRANSFER,-78,2024-10-26,TRANSFER-5727
7798,1167,tartu,OUT,-30,2024-07-29,ORD-46698
7799,1253,tallinn,IN,157,2024-04-15,PO-56398
7800,1189,tallinn,IN,115,2025-01-15,PO-43814
7801,1348,tallinn,IN,35,2024-01-29,PO-31959
7802,1125,ladu,TRANSFER,-29,2024-08-28,TRANSFER-6951
7803,1295,tartu,TRANSFER,23,2024-07-27,TRANSFER-3339
7804,1107,tartu,OUT,-22,2024-09-11,ORD-51890
7805,1050,tallinn,IN,170,2024-07-14,PO-76400
7806,1095,tartu,OUT,-28,2024-02-02,ORD-90598
7807,1293,tallinn,OUT,-35,2024-05-14,ORD-71576
7808,1282,ladu,TRANSFER,-16,2024-10-07,TRANSFER-1093
7809,1265,tartu,IN,119,2024-04-04,PO-77634
7810,1106,pärnu,OUT,-10,2024-03-03,ORD-16043
7811,1215,pärnu,ADJUSTMENT,-13,2024-09-14,ADJ-1135
7812,1163,tartu,TRANSFER,-27,2025-01-30,TRANSFER-3309
7813,1253,pärnu,IN,12,2024-09-29,PO-43877
7814,1117,tallinn,TRANSFER,-37,2024-05-10,TRANSFER-7524
7815,1148,ladu,IN,185,2024-03-14,PO-82928
7816,1284,tallinn,IN,187,2024-03-11,PO-82514
7817,1029,pärnu,IN,131,2024-10-17,PO-43214
7818,1155,ladu,OUT,-2,2024-05-14,ORD-62211
7819,1114,ladu,IN,198,2024-02-17,PO-99646
7820,1206,ladu,OUT,-6,2024-02-08,ORD-77730
7821,1240,tartu,IN,197,2024-06-05,PO-31742
7822,1271,ladu,IN,113,2024-12-17,PO-20292
7823,1175,tartu,TRANSFER,-83,2024-06-04,TRANSFER-1000
7824,1122,tallinn,IN,78,2024-03-16,PO-25638
7825,1185,tartu,ADJUSTMENT,11,2024-11-15,ADJ-4005
7826,1197,pärnu,TRANSFER,-50,2024-06-10,TRANSFER-8426
7827,1141,pärnu,OUT,-50,2025-01-02,ORD-47363
7828,1117,tallinn,OUT,-12,2024-05-07,ORD-44025
7829,1319,pärnu,IN,166,2024-07-06,PO-72008
7830,1154,ladu,OUT,-33,2024-07-22,ORD-56389
7831,1045,tartu,OUT,-33,2025-01-16,ORD-22217
7832,1162,ladu,ADJUSTMENT,30,2024-09-04,ADJ-7296
7833,1064,tallinn,IN,80,2024-04-03,PO-55378
7834,1157,tartu,OUT,-16,2024-10-09,ORD-96692
7835,1238,tallinn,OUT,-39,2025-02-26,ORD-28908
7836,1027,tallinn,ADJUSTMENT,22,2024-12-19,ADJ-5805
7837,1249,pärnu,TRANSFER,-61,2024-01-20,TRANSFER-4930
7838,1258,ladu,OUT,-25,2025-01-27,ORD-88382
7839,1064,ladu,ADJUSTMENT,-7,2024-04-12,ADJ-6395
7840,1121,pärnu,ADJUSTMENT,-8,2024-08-05,ADJ-2250
7841,1306,ladu,OUT,-48,2024-09-14,ORD-99431
7842,1020,pärnu,OUT,-14,2024-09-18,ORD-67588
7843,1028,ladu,OUT,-5,2024-04-01,ORD-69687
7844,1107,tartu,OUT,-24,2024-06-23,ORD-42687
7845,1271,pärnu,IN,51,2024-10-14,PO-88413
7846,1266,ladu,IN,36,2024-10-27,PO-72802
7847,1276,ladu,IN,169,2025-02-07,PO-15718
7848,1085,tallinn,TRANSFER,-29,2025-01-17,TRANSFER-8689
7849,1113,ladu,IN,112,2024-09-03,PO-41043
7850,1271,tallinn,IN,129,2024-08-16,PO-86512
7851,1052,tartu,TRANSFER,-53,2024-03-13,TRANSFER-5463
7852,1024,tallinn,IN,104,2024-10-17,PO-59981
7853,1137,pärnu,OUT,-49,2024-08-29,ORD-27383
7854,1082,pärnu,ADJUSTMENT,-8,2024-09-13,ADJ-7068
7855,1296,tartu,OUT,-31,2024-11-15,ORD-75232
7856,1060,ladu,TRANSFER,50,2024-12-29,TRANSFER-2642
7857,1313,ladu,TRANSFER,72,2024-01-28,TRANSFER-3297
7858,1250,ladu,OUT,-4,2024-06-14,ORD-22843
7859,1156,pärnu,OUT,-48,2024-08-07,ORD-22661
7860,1333,tartu,IN,140,2024-11-11,PO-84920
7861,1087,tallinn,OUT,-18,2024-12-31,ORD-21032
7862,1184,ladu,OUT,-17,2024-09-07,ORD-29799
7863,1309,tallinn,IN,141,2025-02-11,PO-86191
7864,1337,tallinn,OUT,-24,2024-06-29,ORD-52061
7865,1190,tallinn,IN,171,2024-06-25,PO-21358
7866,1126,pärnu,ADJUSTMENT,3,2024-05-23,ADJ-1073
7867,1124,pärnu,OUT,-45,2024-03-14,ORD-85833
7868,1145,ladu,IN,23,2024-10-08,PO-92632
7869,1046,tartu,OUT,-27,2025-02-12,ORD-70733
7870,1182,tallinn,IN,48,2024-04-15,PO-91347
7871,1310,ladu,TRANSFER,85,2024-10-12,TRANSFER-1602
7872,1110,pärnu,OUT,-1,2024-11-25,ORD-33705
7873,1289,tallinn,ADJUSTMENT,-22,2024-04-29,ADJ-2106
7874,1062,tallinn,TRANSFER,1,2024-03-17,TRANSFER-6600
7875,1270,ladu,OUT,-40,2024-10-14,ORD-54991
7876,1324,tartu,IN,12,2024-11-18,PO-95700
7877,1171,tartu,TRANSFER,-22,2024-11-03,TRANSFER-5300
7878,1043,tartu,OUT,-27,2025-02-21,ORD-66315
7879,1040,ladu,TRANSFER,-95,2024-03-06,TRANSFER-2645
7880,1107,pärnu,IN,86,2024-07-11,PO-42132
7881,1345,tallinn,ADJUSTMENT,-13,2024-11-21,ADJ-4404
7882,1115,tartu,IN,72,2024-05-27,PO-25853
7883,1031,pärnu,IN,26,2024-07-15,PO-82869
7884,1254,ladu,IN,187,2024-12-08,PO-96613
7885,1009,ladu,IN,100,2024-06-15,PO-98100
7886,1325,tartu,OUT,-34,2025-02-06,ORD-79388
7887,1188,pärnu,OUT,-47,2024-07-27,ORD-47261
7888,1046,ladu,OUT,-23,2024-10-05,ORD-99077
7889,1062,tartu,OUT,-47,2024-03-14,ORD-36286
7890,1249,tartu,TRANSFER,52,2024-11-20,TRANSFER-7407
7891,1119,ladu,OUT,-34,2025-01-08,ORD-32789
7892,1228,ladu,OUT,-39,2024-04-29,ORD-65195
7893,1105,ladu,OUT,-20,2024-08-15,ORD-90064
7894,1278,ladu,TRANSFER,-25,2024-04-29,TRANSFER-2368
7895,1110,tallinn,OUT,-22,2024-09-22,ORD-61781
7896,1017,pärnu,TRANSFER,46,2025-01-01,TRANSFER-8553
7897,1195,tallinn,IN,106,2024-03-02,PO-44875
7898,1228,tallinn,IN,57,2024-09-05,PO-65533
7899,1259,pärnu,TRANSFER,-75,2024-02-28,TRANSFER-4884
7900,1114,tartu,IN,24,2024-12-04,PO-16058
7901,1198,pärnu,OUT,-17,2024-02-29,ORD-57926
7902,1289,pärnu,IN,40,2024-12-04,PO-69492
7903,1326,ladu,OUT,-5,2024-11-10,ORD-74508
7904,1296,ladu,OUT,-4,2024-12-27,ORD-29374
7905,1341,pärnu,OUT,-14,2025-01-25,ORD-20099
7906,1070,tallinn,OUT,-9,2024-07-14,ORD-47758
7907,1204,pärnu,ADJUSTMENT,18,2024-09-04,ADJ-9352
7908,1240,tallinn,OUT,-35,2025-01-11,ORD-40342
7909,1212,tallinn,OUT,-30,2024-11-11,ORD-83862
7910,1349,ladu,TRANSFER,9,2025-01-16,TRANSFER-3503
7911,1039,tallinn,OUT,-38,2024-04-20,ORD-84707
7912,1023,ladu,ADJUSTMENT,12,2024-07-16,ADJ-4827
7913,1170,pärnu,ADJUSTMENT,-16,2024-01-12,ADJ-2384
7914,1031,tartu,OUT,-50,2024-01-08,ORD-92774
7915,1103,tallinn,OUT,-47,2024-04-12,ORD-13558
7916,1195,pärnu,IN,159,2024-10-21,PO-52607
7917,1129,ladu,OUT,-23,2024-01-06,ORD-64323
7918,1029,tartu,IN,101,2024-04-14,PO-82657
7919,1334,tallinn,OUT,-38,2024-12-15,ORD-93145
7920,1269,ladu,IN,26,2024-02-18,PO-50258
7921,1224,ladu,IN,68,2024-08-24,PO-28273
7922,1081,ladu,TRANSFER,28,2024-06-12,TRANSFER-8840
7923,1313,tallinn,IN,47,2024-06-06,PO-92955
7924,1236,pärnu,OUT,-8,2024-05-13,ORD-31439
7925,1218,tallinn,TRANSFER,-54,2024-09-29,TRANSFER-5472
7926,1237,tartu,TRANSFER,58,2024-05-03,TRANSFER-6803
7927,1235,pärnu,OUT,-8,2024-07-10,ORD-92070
7928,1080,tartu,IN,138,2024-06-09,PO-69122
7929,1187,pärnu,OUT,-34,2024-10-28,ORD-32538
7930,1119,tallinn,OUT,-28,2024-01-26,ORD-57826
7931,1266,tartu,OUT,-25,2024-10-24,ORD-53522
7932,1347,pärnu,OUT,-9,2024-03-20,ORD-23122
7933,1307,pärnu,ADJUSTMENT,-24,2025-01-13,ADJ-9411
7934,1293,pärnu,IN,82,2024-06-12,PO-41257
7935,1133,ladu,IN,43,2024-11-03,PO-43777
7936,1118,pärnu,OUT,-16,2024-10-03,ORD-97229
7937,1335,tallinn,OUT,-10,2024-01-28,ORD-60239
7938,1073,ladu,OUT,-14,2024-12-09,ORD-30630
7939,1124,tartu,OUT,-2,2024-08-01,ORD-26497
7940,1123,ladu,OUT,-3,2024-11-08,ORD-94499
7941,1295,tallinn,ADJUSTMENT,-27,2024-01-25,ADJ-5087
7942,1124,pärnu,IN,60,2024-02-05,PO-42290
7943,1343,tallinn,ADJUSTMENT,-25,2024-07-20,ADJ-2009
7944,1070,pärnu,OUT,-7,2024-02-21,ORD-77684
7945,1055,pärnu,OUT,-50,2024-03-20,ORD-52439
7946,1160,pärnu,ADJUSTMENT,-28,2024-11-14,ADJ-1492
7947,1026,tallinn,OUT,-45,2024-06-11,ORD-17460
7948,1270,pärnu,OUT,-30,2025-02-09,ORD-85047
7949,1151,pärnu,TRANSFER,67,2024-12-30,TRANSFER-7443
7950,1152,tartu,OUT,-47,2024-12-30,ORD-22880
7951,1313,tallinn,OUT,-46,2025-02-22,ORD-56323
7952,1228,pärnu,OUT,-48,2024-09-13,ORD-26049
7953,1066,tallinn,IN,96,2024-07-10,PO-44616
7954,1061,tartu,OUT,-48,2024-02-09,ORD-72661
7955,1287,tartu,IN,40,2024-03-18,PO-68683
7956,1287,tallinn,TRANSFER,-7,2024-08-08,TRANSFER-7280
7957,1278,tartu,OUT,-6,2024-03-02,ORD-56308
7958,1216,pärnu,IN,155,2024-03-16,PO-61586
7959,1098,ladu,TRANSFER,-74,2024-06-04,TRANSFER-8482
7960,1122,ladu,IN,182,2024-08-13,PO-87634
7961,1290,tallinn,TRANSFER,-21,2024-03-20,TRANSFER-9418
7962,1175,tallinn,IN,186,2024-05-10,PO-16194
7963,1192,tallinn,ADJUSTMENT,24,2024-07-13,ADJ-4798
7964,1096,pärnu,IN,49,2024-10-16,PO-72139
7965,1062,tartu,IN,161,2024-01-17,PO-54503
7966,1346,tartu,OUT,-17,2024-07-06,ORD-56221
7967,1246,tartu,IN,25,2024-02-17,PO-90215
7968,1250,ladu,IN,25,2024-01-22,PO-76669
7969,1337,pärnu,IN,86,2025-01-07,PO-50335
7970,1310,tartu,ADJUSTMENT,-2,2024-12-16,ADJ-1736
7971,1234,pärnu,TRANSFER,-67,2025-01-17,TRANSFER-7766
7972,1192,ladu,IN,116,2024-05-02,PO-39909
7973,1141,pärnu,TRANSFER,-62,2024-02-07,TRANSFER-8103
7974,1336,tallinn,OUT,-34,2025-02-07,ORD-64295
7975,1200,tartu,TRANSFER,12,2024-09-06,TRANSFER-6691
7976,1134,pärnu,OUT,-5,2024-07-07,ORD-98261
7977,1043,pärnu,OUT,-28,2024-02-25,ORD-83636
7978,1189,tallinn,OUT,-48,2024-12-26,ORD-52903
7979,1285,tallinn,OUT,-29,2024-10-31,ORD-37259
7980,1289,pärnu,TRANSFER,-91,2024-01-22,TRANSFER-2437
7981,1177,ladu,IN,172,2024-08-09,PO-40386
7982,1077,ladu,IN,130,2025-01-21,PO-83054
7983,1034,pärnu,IN,5,2024-01-29,PO-85741
7984,1157,tartu,TRANSFER,28,2024-06-02,TRANSFER-3646
7985,1074,ladu,IN,43,2024-04-12,PO-75656
7986,1106,pärnu,IN,71,2024-08-29,PO-35852
7987,1039,tallinn,IN,147,2024-07-04,PO-38392
7988,1170,tallinn,TRANSFER,-77,2024-04-18,TRANSFER-5335
7989,1305,pärnu,ADJUSTMENT,17,2024-09-14,ADJ-1227
7990,1092,tallinn,OUT,-7,2024-01-14,ORD-64895
7991,1322,tartu,IN,118,2024-01-06,PO-48384
7992,1277,ladu,IN,148,2024-09-10,PO-28829
7993,1176,ladu,ADJUSTMENT,-7,2025-02-13,ADJ-6593
7994,1343,pärnu,OUT,-30,2024-06-07,ORD-35859
7995,1289,tartu,IN,55,2024-07-17,PO-73604
7996,1005,ladu,OUT,-20,2024-05-10,ORD-46262
7997,1051,tallinn,OUT,-31,2025-02-26,ORD-49324
7998,1289,tartu,OUT,-14,2024-10-10,ORD-96817
7999,1023,pärnu,IN,168,2024-07-03,PO-55976
8000,1032,pärnu,IN,109,2024-12-28,PO-63731
